tick,mid_price,micro_price,obi,spread,ofi,ofi_rolling,bid_slope,ask_slope,rv_50,rv_200,accel,depth_imb_flow,pnl,position,action
0,99.97248828,99.97118164,-0.14102961,0.02025772,0.00000000,0.00000000,19126.89485894,24699.34517680,nan,nan,nan,nan,0.01012886,-1.00000000,PASSIVE_SELL
1,99.98359222,99.98794558,0.31080951,0.02038399,883.83172294,883.83172294,29718.95059979,16528.82003663,nan,nan,nan,nan,0.00921691,0.00000000,PASSIVE_BUY
2,99.91469526,99.90623797,-0.10680641,0.02017656,-779.95629447,103.87542847,30243.02652860,33527.71498582,nan,nan,-0.08000091,nan,0.01930519,-1.00000000,PASSIVE_SELL
3,99.91251842,99.91111834,0.01140812,0.02013765,-228.83545625,-124.96002778,30045.39019283,28308.62858387,nan,nan,0.06672013,nan,0.03155085,-2.00000000,PASSIVE_SELL
4,99.86583027,99.85931232,-0.16470571,0.02039210,-289.28268433,-414.24271211,24819.62838754,30319.86046092,nan,nan,-0.04451130,nan,0.13512319,-3.00000000,PASSIVE_SELL
5,99.86056742,99.86356845,-0.10689069,0.02047767,-146.84827489,-561.09098700,17392.98193122,22757.03878903,nan,nan,0.04142529,nan,0.04620969,-2.00000000,PASSIVE_BUY
6,99.75598743,99.76140963,-0.06543888,0.02063187,-255.88707427,-816.97806128,22168.18276420,29147.92212390,nan,nan,-0.09931713,nan,0.16102851,-1.00000000,PASSIVE_BUY
7,99.79237909,99.79586554,0.06440494,0.02030953,533.67453780,-283.30352348,28457.04412735,27278.85735937,nan,nan,0.14097164,nan,0.13479162,0.00000000,PASSIVE_BUY
8,99.75050002,99.75172806,0.02041626,0.02033859,-767.18684441,-1050.49036789,32566.46855627,32801.98353776,nan,nan,-0.07827072,nan,0.14496092,1.00000000,PASSIVE_BUY
9,99.78315244,99.78099756,-0.00065994,0.02055134,467.72806446,-582.76230343,24157.06697501,23851.31747511,nan,nan,0.07453148,nan,0.18788900,0.00000000,PASSIVE_SELL
10,99.81013290,99.80674357,-0.00044450,0.02074915,543.04010164,-39.72220179,33147.99303721,25130.85973796,nan,nan,-0.00567196,nan,0.19826358,-1.00000000,PASSIVE_SELL
11,99.91607721,99.90750466,0.02961113,0.02077327,536.57716643,496.85496464,24781.96012404,20222.87788227,nan,nan,0.07896385,nan,0.10270590,-2.00000000,PASSIVE_SELL
12,99.82598281,99.82367414,-0.11642306,0.02023386,-262.61228628,234.24267836,17347.27972017,24576.70595442,nan,nan,-0.19603871,nan,0.29301162,-3.00000000,PASSIVE_SELL
13,99.84370379,99.84809401,0.08815350,0.02094016,631.34842955,865.59110791,22734.66114089,22690.14549192,nan,nan,0.10781538,nan,0.19473882,-2.00000000,PASSIVE_BUY
14,99.93276835,99.94136146,0.16643161,0.02033871,628.51383588,1494.10494379,22645.86441927,18579.66150432,nan,nan,0.07134357,nan,0.11614434,-1.00000000,PASSIVE_BUY
15,99.90530570,99.90695187,0.04387528,0.02054840,-696.14489892,797.96004487,33274.01943447,31559.64633173,nan,nan,-0.11652720,nan,0.15388119,0.00000000,PASSIVE_BUY
16,99.92936659,99.93068961,-0.27075695,0.02023353,649.69932007,1447.65936494,15356.06951553,27949.92081033,nan,nan,0.05152353,nan,0.16399795,1.00000000,PASSIVE_BUY
17,99.95179902,99.95056667,-0.09287743,0.02003937,534.21119777,1981.87056271,22967.14523952,26290.80785769,nan,nan,-0.00162845,nan,0.19645007,0.00000000,PASSIVE_SELL
18,99.93123449,99.92952091,-0.08681432,0.02049201,-696.33319283,1285.53736988,26267.76074051,31993.62137286,nan,nan,-0.04299696,nan,0.20669607,-1.00000000,PASSIVE_SELL
19,99.97568371,99.97551912,0.13117219,0.02024803,899.68800788,2185.22537776,32539.77956665,22761.57776406,nan,nan,0.06501374,nan,0.17237087,-2.00000000,PASSIVE_SELL
20,99.93609771,99.93354519,-0.03018670,0.02058599,-643.73697984,1541.48839792,27579.29637096,27381.16904253,nan,nan,-0.08403521,nan,0.26183586,-3.00000000,PASSIVE_SELL
21,99.97827641,99.98157595,0.14131219,0.02053316,314.32696632,1855.81536424,27936.73817999,20034.77251769,nan,nan,0.08176470,nan,0.16580005,-2.00000000,PASSIVE_BUY
22,99.96210777,99.96941070,-0.05018371,0.02083006,-117.28037858,1738.53498565,23651.30984643,27259.76760260,nan,nan,-0.05834734,nan,0.19223527,-1.00000000,PASSIVE_BUY
23,99.93131848,99.92944628,-0.00346598,0.02071809,-563.37458651,1175.16039915,23814.28263752,22103.94602768,nan,nan,-0.01462065,nan,0.23338361,-2.00000000,PASSIVE_SELL
24,99.94811592,99.95441576,0.06271749,0.02024720,557.93998739,1733.10038654,30279.50582022,31808.94219338,nan,nan,0.04758673,nan,0.20121951,-1.00000000,PASSIVE_BUY
25,100.02864484,100.02167481,0.00193539,0.02063700,87.57029151,1820.67067805,28233.47465264,24291.01854692,nan,nan,0.06373149,nan,0.13100909,-2.00000000,PASSIVE_SELL
26,99.91990072,99.91801126,-0.14596060,0.02101607,-351.12641650,1469.54426154,24976.98875297,27811.37144057,nan,nan,-0.18927304,nan,0.35900536,-3.00000000,PASSIVE_SELL
27,99.85897624,99.86549042,-0.02445488,0.02058016,-261.36962741,1208.17463414,23464.01842933,26668.57832624,nan,nan,0.04781964,nan,0.31119827,-2.00000000,PASSIVE_BUY
28,99.90231869,99.89345515,-0.14230545,0.02023552,80.15374478,1288.32837892,22454.80391112,23747.83704165,nan,nan,0.10426694,nan,0.23463112,-3.00000000,PASSIVE_SELL
29,100.00654256,100.00458998,0.09926887,0.02069545,572.91053966,1861.23891858,24532.63032790,20650.86532325,nan,nan,0.06088141,nan,-0.06769275,-4.00000000,PASSIVE_SELL
30,100.01524087,100.00555965,-0.04830630,0.02045394,299.18168852,2160.42060710,32439.09537036,29693.41842455,nan,nan,-0.09552555,nan,-0.09225904,-5.00000000,PASSIVE_SELL
31,100.00534273,100.00307832,-0.01998101,0.02023841,-313.59971975,1846.82088735,23061.11962604,21970.67144782,nan,nan,-0.01859646,nan,-0.03264910,-6.00000000,PASSIVE_SELL
32,99.97992243,99.97867181,0.07325576,0.02062092,-654.88315015,1191.93773720,32949.69038884,27655.00333053,nan,nan,-0.01552215,nan,0.13018315,-7.00000000,PASSIVE_SELL
33,100.07982491,100.08030158,0.04117339,0.02078976,665.78644916,1857.72418636,32548.78040043,25406.92817725,nan,nan,0.12532278,nan,0.15110222,-6.00000000,PASSIVE_BUY
34,100.11276016,100.11482757,0.12004283,0.02045458,563.89889285,2421.62307921,30510.44456170,22748.79292327,nan,nan,-0.06696722,nan,0.12923221,-5.00000000,PASSIVE_BUY
35,100.09241295,100.09600408,-0.04783702,0.02072610,-530.85680441,1890.76627480,21861.37646491,24629.77839111,nan,nan,-0.05328247,nan,0.15939943,-4.00000000,PASSIVE_BUY
36,100.07594927,100.07648523,-0.13976176,0.02023514,-402.43067962,1488.33559518,23845.07744714,30529.66802673,nan,nan,0.00388353,nan,0.18671712,-3.00000000,PASSIVE_BUY
37,100.09953367,100.09384411,-0.04317510,0.02076488,117.70583749,1606.04143268,23214.84509287,25275.75545836,nan,nan,0.04004809,nan,0.12634634,-4.00000000,PASSIVE_SELL
38,100.21235788,100.21606607,0.16055189,0.02028679,511.01828445,2117.05971713,32245.15516678,20957.69562390,nan,nan,0.08923980,nan,0.06127797,-3.00000000,PASSIVE_BUY
39,100.19951702,100.19590820,0.05448606,0.02051214,-700.26083182,1416.79888530,35779.28674581,29688.43129771,nan,nan,-0.12566505,nan,0.11005659,-4.00000000,PASSIVE_SELL
40,100.26767468,100.26036720,0.02590483,0.02038496,350.50475059,1767.30363590,33715.55839208,24568.08677318,nan,nan,0.08099851,nan,-0.15238155,-5.00000000,PASSIVE_SELL
41,100.28189831,100.27773056,-0.02083141,0.02001928,524.81526909,2292.11890498,28363.77754486,28018.53702347,nan,nan,-0.05393403,nan,-0.21349006,-6.00000000,PASSIVE_SELL
42,100.37244582,100.37360990,0.06839585,0.02001042,319.43115735,2611.55006234,27255.52648022,25818.18648971,nan,nan,0.07632388,nan,-0.08972657,-5.00000000,PASSIVE_BUY
43,100.41366659,100.41285454,-0.23986792,0.02006231,371.32186563,2982.87192796,19437.84390006,34617.98267307,nan,nan,-0.04932674,nan,-0.28579927,-6.00000000,PASSIVE_SELL
44,100.36643206,100.36653166,0.20204742,0.02115146,-356.30565395,2626.56627402,35487.84886029,25634.48078785,nan,nan,-0.08845530,nan,-0.00239209,-6.00000000,HOLD
45,100.37978458,100.37146775,-0.09286174,0.02036723,82.48931119,2709.05558521,22644.32545056,24147.74965269,nan,nan,0.06058705,nan,-0.07232359,-7.00000000,PASSIVE_SELL
46,100.31608113,100.31531969,-0.05590904,0.02070702,-320.01376874,2389.04181646,28087.15281007,29193.25376214,nan,nan,-0.07705597,nan,0.38395407,-8.00000000,PASSIVE_SELL
47,100.44596636,100.44777644,0.18778621,0.02032519,489.89264410,2878.93446056,28639.71481522,17852.46313585,nan,nan,0.19358868,nan,-0.17760448,-7.00000000,PASSIVE_BUY
48,100.47412031,100.47358610,-0.01708256,0.02076626,586.38411294,3465.31857350,25079.06236464,26022.09992111,nan,nan,-0.10173129,nan,-0.36429896,-8.00000000,PASSIVE_SELL
49,100.59920522,100.59596211,0.02485551,0.02023481,628.85630175,4094.17487525,27785.51480430,27243.47908097,nan,nan,0.09693097,nan,-1.35486086,-9.00000000,PASSIVE_SELL
50,100.60546295,100.60496010,0.15732667,0.02011482,401.06349453,4495.23836978,35785.21581177,25863.94471171,0.00057728,nan,-0.11882718,nan,-1.40112305,-10.00000000,PASSIVE_SELL
51,100.58654831,100.58663480,0.06223927,0.02027339,-220.89498096,3390.51166588,31543.96240754,23900.70797266,0.00057895,nan,-0.02517238,nan,-1.21197661,-10.00000000,HOLD
52,100.61917504,100.62429720,0.17751033,0.02094627,281.67764835,4452.14560871,27695.79720210,22183.63709480,0.00056789,nan,0.05154138,nan,-0.33342918,-9.00000000,PASSIVE_BUY
53,100.58984764,100.58941328,0.02852207,0.02095540,-521.89181305,4159.08925191,28505.26612646,22019.20556626,0.00057068,nan,-0.06195414,nan,-0.05900482,-10.00000000,PASSIVE_SELL
54,100.61138965,100.61196845,0.05629890,0.02012165,809.92612005,5258.29805629,26012.53586285,21766.93929942,0.00056423,nan,0.05086942,nan,-0.32318297,-9.00000000,PASSIVE_BUY
55,100.63708141,100.63048833,-0.14992647,0.02012841,530.98129122,5936.12762240,20796.39326220,26676.77166635,0.00056368,nan,0.00414975,nan,-0.54434461,-10.00000000,PASSIVE_SELL
56,100.68217265,100.68332557,-0.01501762,0.02063734,960.87835285,7152.89304952,24584.86355214,21697.71133763,0.00053817,nan,0.01939948,nan,-0.39144703,-9.00000000,PASSIVE_BUY
57,100.71377845,100.70493062,0.00780171,0.02048938,411.13895393,7030.35746565,34137.37517295,31414.78629164,0.00053787,nan,-0.01348543,nan,-0.66565459,-10.00000000,PASSIVE_SELL
58,100.68479341,100.68906390,0.00757283,0.02001205,-120.53965928,7677.00465079,23460.85129560,23029.63369027,0.00053522,nan,-0.06059085,nan,-0.38634973,-9.00000000,PASSIVE_BUY
59,100.61630850,100.61302893,-0.10999257,0.02023709,-439.93343609,6769.34315024,28116.92248627,30924.46317027,0.00054835,nan,-0.03949986,nan,0.24013301,-10.00000000,PASSIVE_SELL
60,100.55244747,100.55531140,0.05254370,0.02077439,-348.00163317,5878.30141543,22235.44803269,20950.81173688,0.00055945,nan,0.00462388,nan,-0.26188917,-9.00000000,PASSIVE_BUY
61,100.60479793,100.61394247,-0.13487863,0.02014763,536.57046269,5878.29471169,18733.38062292,29010.00279585,0.00054679,nan,0.11621149,nan,-0.30165878,-8.00000000,PASSIVE_BUY
62,100.67953236,100.67735079,-0.24653388,0.02008888,243.14553474,6384.05253271,13456.72043270,24907.35111738,0.00053255,nan,0.02238397,nan,-0.88948978,-9.00000000,PASSIVE_SELL
63,100.68292004,100.68622796,0.06355449,0.02020006,621.28666316,6373.99076632,23458.15804677,21295.33696510,0.00053289,nan,-0.07134675,nan,-0.36942520,-8.00000000,PASSIVE_BUY
64,100.71634345,100.71576200,-0.09376353,0.02025845,521.14453534,6266.62146578,25616.42428759,32938.49533240,0.00052336,nan,0.03003573,nan,-0.62668322,-9.00000000,PASSIVE_SELL
65,100.77750295,100.77397212,-0.00380804,0.02034712,658.36277815,7621.12914285,26306.32154060,26632.54213947,0.00052339,nan,0.02773610,nan,-1.16694522,-10.00000000,PASSIVE_SELL
66,100.80005772,100.79801491,0.08208100,0.02052450,718.79886613,7690.22868891,30540.97404580,25535.41407636,0.00052335,nan,-0.03860474,nan,-1.38223061,-11.00000000,PASSIVE_SELL
67,100.74072286,100.74480597,0.13828744,0.02076537,-361.82372001,6794.19377113,33992.36939152,23798.22851084,0.00053405,nan,-0.08188962,nan,-0.42215295,-10.00000000,PASSIVE_BUY
68,100.78816986,100.79468019,-0.01447834,0.02033106,566.30423779,8056.83120175,23861.52643382,25676.60482871,0.00053325,nan,0.10678186,nan,-0.45748003,-9.00000000,PASSIVE_BUY
69,100.84166238,100.84048642,0.02097533,0.02045647,439.76002750,7596.90322136,20227.25188321,19887.43366258,0.00053427,nan,0.00604552,nan,-0.92868452,-10.00000000,PASSIVE_SELL
70,100.87501140,100.87292273,0.07229167,0.02077477,654.00669994,8894.64690114,28429.91391667,25428.03900915,0.00052846,nan,-0.02014350,nan,-1.25178734,-11.00000000,PASSIVE_SELL
71,100.84896571,100.84507008,0.07472453,0.02010271,-550.61374450,8029.70619033,26031.15991655,21360.03159034,0.00053098,nan,-0.05939471,nan,-0.95523338,-12.00000000,PASSIVE_SELL
72,100.91142275,100.92022586,-0.09774690,0.02015005,481.10045368,8628.08702260,23228.80359167,27471.43575436,0.00053238,nan,0.08850272,nan,-0.57830114,-11.00000000,PASSIVE_BUY
73,100.89688244,100.89740163,-0.03175886,0.02020391,-334.83852843,8856.62308067,26527.08182693,29684.21829416,0.00052980,nan,-0.07699734,nan,-0.55392820,-10.00000000,PASSIVE_BUY
74,100.86172930,100.86745320,-0.05257048,0.02021698,-310.51708834,7988.16600494,24598.13666368,32407.60318028,0.00053518,nan,-0.02061284,nan,-0.50872539,-9.00000000,PASSIVE_BUY
75,100.85870327,100.85510151,0.17921740,0.02052585,-669.17285495,7231.42285848,26705.43685593,18526.83827580,0.00052846,nan,0.03212712,nan,-0.47122823,-10.00000000,PASSIVE_SELL
76,100.78390936,100.77977425,-0.04797740,0.02044105,-344.81538242,7237.73389256,23122.48553953,25052.49980223,0.00051408,nan,-0.07176788,nan,0.28693138,-11.00000000,PASSIVE_SELL
77,100.68671000,100.69042006,-0.09419121,0.02134986,-190.30043133,7308.80308864,19417.25317999,26688.92051377,0.00052712,nan,-0.02240546,nan,-0.35256210,-10.00000000,PASSIVE_BUY
78,100.59956878,100.59887404,0.09279790,0.02000248,-282.79510474,6945.85423912,32141.59500652,25765.39266997,0.00054497,nan,0.01005815,nan,0.52885132,-11.00000000,PASSIVE_SELL
79,100.59865133,100.59940213,0.28310226,0.02065589,-271.63884996,6101.30484949,30045.03572948,16853.91205100,0.00052977,nan,0.08622377,nan,-0.26742287,-10.00000000,PASSIVE_BUY
80,100.56810683,100.56951912,-0.24236213,0.02059727,-442.50513040,5359.61803057,19146.47636691,29923.53544022,0.00053304,nan,-0.02962704,nan,-0.22631592,-9.00000000,PASSIVE_BUY
81,100.56445339,100.57041454,0.05372279,0.02053351,-345.15060852,5328.06714180,20553.74936930,21442.54273120,0.00053262,nan,0.02689105,nan,-0.21214069,-8.00000000,PASSIVE_BUY
82,100.50383052,100.49841303,-0.10325688,0.02056774,-688.98923686,5293.96105509,23063.95764960,24128.81289181,0.00053960,nan,-0.05696942,nan,0.28312609,-9.00000000,PASSIVE_SELL
83,100.48262057,100.48553105,0.03398034,0.02047007,-349.20555259,4278.96905334,26221.02196043,25482.46446557,0.00052591,nan,0.03941291,nan,-0.13453833,-8.00000000,PASSIVE_BUY
84,100.52058112,100.52113162,0.13953337,0.02029194,559.63727333,4274.70743382,35089.69589645,26078.36677052,0.00052642,nan,0.05917050,nan,-0.16172945,-7.00000000,PASSIVE_BUY
85,100.49767427,100.48822211,-0.07214473,0.02017886,-681.95379399,4123.61044424,20623.81203866,21134.48345504,0.00052670,nan,-0.06086740,nan,0.00870793,-8.00000000,PASSIVE_SELL
86,100.44805713,100.44840120,-0.23219293,0.02019294,-361.67481192,4164.36631193,17778.47184813,30310.94759543,0.00053176,nan,-0.02671029,nan,-0.08924238,-7.00000000,PASSIVE_BUY
87,100.49056183,100.48416571,-0.09196628,0.02043786,460.19248905,4506.85296349,26087.27548427,30951.37099052,0.00053354,nan,0.09212184,nan,-0.37655635,-8.00000000,PASSIVE_SELL
88,100.46622398,100.46625362,-0.03176058,0.02007092,-562.35635074,3433.47832830,17795.59335321,17621.40657945,0.00051379,nan,-0.06684255,nan,-0.18185354,-8.00000000,HOLD
89,100.44221386,100.44896578,0.27657203,0.02035704,-542.22827607,3591.51088405,31907.15913768,20244.42038262,0.00051479,nan,0.00032773,nan,-0.07603890,-7.00000000,PASSIVE_BUY
90,100.46451386,100.46713820,-0.09974015,0.02035164,262.37600511,3503.38213856,21787.75279838,29522.03211085,0.00050750,nan,0.04631012,nan,-0.08814687,-6.00000000,PASSIVE_BUY
91,100.45268175,100.45904461,-0.07436411,0.02057515,-254.81913632,2723.74773316,25953.26742825,30980.21751713,0.00050775,nan,-0.03413211,nan,-0.06658596,-5.00000000,PASSIVE_BUY
92,100.47056297,100.47265583,-0.13914075,0.02041866,214.26195410,2618.57852991,18658.36248286,23617.02875038,0.00049288,nan,0.02971332,nan,-0.07394487,-4.00000000,PASSIVE_BUY
93,100.53409452,100.53467492,-0.00617763,0.02035365,252.24476450,2499.50142878,26647.41888518,22504.39421186,0.00049735,nan,0.04565034,nan,-0.12720209,-3.00000000,PASSIVE_BUY
94,100.49112750,100.48771124,0.00720530,0.02057119,-657.37489128,2198.43219145,26151.77457809,22872.11672080,0.00049653,nan,-0.10649857,nan,0.01198455,-4.00000000,PASSIVE_SELL
95,100.50496296,100.50396440,-0.06685809,0.02036607,628.94160504,2744.88448530,26025.94746720,28078.44649621,0.00049655,nan,0.05680247,nan,-0.03317422,-5.00000000,PASSIVE_SELL
96,100.48908430,100.49857481,0.07918985,0.02033773,-146.48816981,2918.41008423,22048.22899834,26928.25670247,0.00048830,nan,-0.02971411,nan,-0.09860007,-4.00000000,PASSIVE_BUY
97,100.53204716,100.54015596,0.23341628,0.02017309,104.72012527,2533.23756541,30413.70607691,17254.58968583,0.00045771,nan,0.05884152,nan,-0.13122942,-3.00000000,PASSIVE_BUY
98,100.53399044,100.53455482,-0.15386485,0.02007716,327.92899099,2274.78244345,14331.82958331,23876.73484932,0.00045616,nan,-0.04101958,nan,-0.12303819,-2.00000000,PASSIVE_BUY
99,100.47408524,100.47182439,-0.12447226,0.02063658,-812.46057185,833.46556985,22366.52665429,24843.14463186,0.00042867,nan,-0.06184848,nan,0.00709051,-3.00000000,PASSIVE_SELL
100,100.44818960,100.44501901,-0.20070192,0.02012052,-773.05785200,-340.65577669,21245.87073415,30350.48829931,0.00042970,nan,0.03400957,nan,0.09483766,-4.00000000,PASSIVE_SELL
101,100.49353249,100.49796865,-0.02011559,0.02010775,485.71684912,365.95605340,24858.61203974,28576.67118899,0.00043434,nan,0.07123852,nan,-0.11896199,-3.00000000,PASSIVE_BUY
102,100.42099689,100.41362762,0.03273249,0.02015838,-233.91577944,-149.63737440,27039.84587779,25023.97599090,0.00044245,nan,-0.11787848,nan,0.10872399,-4.00000000,PASSIVE_SELL
103,100.36108769,100.36249824,-0.07098880,0.02051461,-393.78032946,-21.52589081,22750.33672638,32841.01954583,0.00044796,nan,0.01262640,nan,-0.00002469,-3.00000000,PASSIVE_BUY
104,100.45019160,100.45176604,0.03150596,0.02053259,807.16946353,-24.28254732,27398.56735466,27302.18417101,0.00046534,nan,0.14901311,nan,-0.07888029,-2.00000000,PASSIVE_BUY
105,100.42168431,100.42436928,-0.12702076,0.02030924,-683.77695608,-1239.04079463,19274.75518995,26693.48000669,0.00046480,nan,-0.11761121,0.53141296,-0.04010670,-1.00000000,PASSIVE_BUY
106,100.45052622,100.44541926,-0.20640189,0.02119586,329.79570619,-1870.12344128,21841.12750867,29056.64563697,0.00046194,nan,0.05734921,0.53141296,-0.05835068,-2.00000000,PASSIVE_SELL
107,100.39478884,100.39793597,0.05743868,0.02004884,-149.81597367,-2431.07836889,24907.74953107,20353.72658150,0.00046441,nan,-0.08457930,0.52429021,0.01158601,-1.00000000,PASSIVE_BUY
108,100.39387366,100.38891643,0.20537157,0.02019862,-383.14958574,-2693.68829535,32654.14416824,21923.81078765,0.00046336,nan,0.05482221,0.52429021,0.02260049,-2.00000000,PASSIVE_SELL
109,100.34876935,100.35290228,0.14187621,0.02053032,-262.13843504,-2515.89329431,26534.20518810,22202.28126322,0.00045825,nan,-0.04418914,0.53231025,0.06720977,-1.00000000,PASSIVE_BUY
110,100.30330111,100.30125912,-0.12982247,0.02001444,-778.09988014,-2945.99154127,27259.31392701,32478.15583676,0.00045433,nan,-0.00036392,0.53231025,0.12268523,-2.00000000,PASSIVE_SELL
111,100.25213972,100.25120404,0.21835092,0.02039721,-413.87678698,-3896.43879094,38511.67607266,22850.55767359,0.00045137,nan,-0.00569315,0.53231025,0.23520661,-3.00000000,PASSIVE_SELL
112,100.31260303,100.30692012,0.06297778,0.02071978,175.60679716,-3963.97752852,28016.85247866,22998.14459911,0.00044674,nan,0.11162469,0.54949857,0.06417659,-4.00000000,PASSIVE_SELL
113,100.33213368,100.33960085,0.04095420,0.02039647,466.44094779,-4118.82324389,17985.05533111,23054.39901423,0.00044807,nan,-0.04093264,0.54949857,0.03422322,-3.00000000,PASSIVE_BUY
114,100.40619561,100.41187132,-0.13035285,0.02023929,428.03431784,-4211.93346139,20260.69974984,30742.35758771,0.00045883,nan,0.05453127,0.55623448,-0.02956188,-2.00000000,PASSIVE_BUY
115,100.35798088,100.35236359,-0.08592744,0.02046794,-569.89666601,-5440.19290556,27243.19063127,34786.26401986,0.00045234,nan,-0.12227666,0.55623448,0.07710155,-3.00000000,PASSIVE_SELL
116,100.26400285,100.26237513,-0.00224048,0.02059454,-529.14401107,-6688.13578275,24657.68819607,25923.89974918,0.00046557,nan,-0.04576330,0.55813696,0.36933291,-4.00000000,PASSIVE_SELL
117,100.26382745,100.26763898,0.22849805,0.02048500,-539.52748952,-6865.83955226,34469.57132181,20797.80896652,0.00046063,nan,0.09380263,0.55813696,0.06503168,-3.00000000,PASSIVE_BUY
118,100.27074238,100.27177133,-0.07628666,0.02016996,492.50472963,-6939.63906042,27619.98612059,29592.90165694,0.00045415,nan,0.00709033,0.55327588,0.06851677,-2.00000000,PASSIVE_BUY
119,100.30159389,100.30907660,-0.01314794,0.02018369,444.24284543,-6935.15624249,19701.83828996,20661.98846034,0.00044897,nan,0.02393657,0.55327588,0.04775024,-1.00000000,PASSIVE_BUY
120,100.39571199,100.39800949,0.17315889,0.02039316,471.24684571,-7117.91609672,33689.67624347,22999.67298371,0.00046845,nan,0.06326658,0.55046756,-0.03617128,0.00000000,PASSIVE_BUY
121,100.46030932,100.46192571,0.17038790,0.02067441,669.40192175,-5897.90043047,36985.14013682,24920.89733604,0.00047906,nan,-0.02952076,0.55046756,-0.02583407,1.00000000,PASSIVE_BUY
122,100.51603513,100.51300286,-0.00286404,0.02055697,538.71693790,-5840.28394625,31778.22523570,30209.57524892,0.00047726,nan,-0.00887152,0.56457149,0.04017023,0.00000000,PASSIVE_SELL
123,100.47410066,100.47107794,-0.04593728,0.02020141,-751.22396781,-6256.66938564,21680.19327608,24002.36130381,0.00047954,nan,-0.09766029,0.55520411,0.05027094,-1.00000000,PASSIVE_SELL
124,100.43226926,100.43234431,0.09976885,0.02079161,-745.26343092,-6691.41572822,35095.20171651,30344.16701877,0.00048038,nan,0.00010308,0.56955676,0.09210234,0.00000000,ABORT
125,100.43528535,100.43009186,-0.12705406,0.02066164,611.29175738,-5410.95111590,22156.14244878,27266.98975780,0.00048060,nan,0.04484749,0.56955676,0.09210234,0.00000000,ABORT
126,100.34326890,100.34358827,0.01106327,0.02080509,-559.53544552,-5625.67117899,24677.50484752,28547.75564030,0.00048597,nan,-0.09503255,0.57041965,0.09210234,0.00000000,ABORT
127,100.41428175,100.41466173,-0.10717657,0.02026736,870.71795455,-4564.65279311,19138.76379886,26926.80994056,0.00048198,nan,0.16302930,0.56431018,0.10223601,1.00000000,PASSIVE_BUY
128,100.26803548,100.27474001,-0.09949913,0.02062391,-477.80244740,-4759.66013577,18250.31925215,22279.24665677,0.00050830,nan,-0.21725912,0.56431018,-0.03369830,2.00000000,PASSIVE_BUY
129,100.34217122,100.34404550,0.04270696,0.02024054,481.30760322,-4006.71368259,23515.01201979,20262.94673590,0.00052062,nan,0.22038201,0.57337713,0.11457318,0.00000000,ABORT
130,100.32593255,100.33052876,-0.05729816,0.02115020,-636.29801853,-4200.50657071,18950.11511222,23465.29379001,0.00051962,nan,-0.09037441,0.57099020,0.11457318,0.00000000,ABORT
131,100.30752129,100.30157129,0.22906016,0.02022987,-811.03386167,-4666.38982387,33449.18171619,18323.11704824,0.00051996,nan,-0.00217259,0.57099020,0.11457318,0.00000000,ABORT
132,100.40163590,100.40169366,-0.07588930,0.02000497,610.88157243,-3366.51901458,26847.19906921,33772.48475213,0.00053187,nan,0.11252588,0.57012771,0.11457318,0.00000000,HOLD
133,100.33436166,100.33498925,-0.04917882,0.02034103,-364.73931364,-3382.05277563,20379.26308510,24310.07238280,0.00053900,nan,-0.16138885,0.57012771,0.12474369,1.00000000,PASSIVE_BUY
134,100.30641192,100.30643873,0.16398900,0.02017003,-494.27606278,-4435.96611174,30899.55603023,23160.68105243,0.00053691,nan,0.03932450,0.57255195,0.09679395,0.00000000,ABORT
135,100.39169407,100.39102799,-0.23569168,0.02005962,671.99506072,-3082.01725703,18873.53761431,30719.85970409,0.00055050,nan,0.11323189,0.57255195,0.09679395,0.00000000,ABORT
136,100.30930416,100.31726999,-0.28358607,0.02008472,-290.29614256,-3010.63858767,16911.06670322,35071.70844830,0.00055798,nan,-0.16767205,0.57255195,0.09679395,0.00000000,ABORT
137,100.26773419,100.26632317,-0.08819364,0.02034879,-431.14733115,-3901.97840788,30206.74451736,30300.52307662,0.00055676,nan,0.04081993,0.55913525,0.10696835,-1.00000000,PASSIVE_SELL
138,100.21907842,100.22376247,0.19035377,0.02093872,-369.55854166,-3709.18059879,32415.49187955,19324.70997050,0.00055953,nan,-0.00708580,0.55913525,0.16609348,0.00000000,PASSIVE_BUY
139,100.19805867,100.19648829,-0.27106365,0.02068131,-740.70115791,-3907.65348063,17172.92514514,28708.08015478,0.00055934,nan,0.02763601,0.57203270,0.17643413,-1.00000000,PASSIVE_SELL
140,100.23492323,100.24099310,-0.12795895,0.02007931,701.17218609,-3468.85729965,21466.01693141,37710.99557085,0.00056112,nan,0.05788432,0.57203270,0.14960922,0.00000000,PASSIVE_BUY
141,100.26337719,100.26184381,-0.18348435,0.02061626,207.85589285,-3006.18227048,20400.29734543,28851.00288686,0.00056291,nan,-0.00841060,0.57283252,0.14960922,0.00000000,ABORT
142,100.12532409,100.12607586,0.11910822,0.02020835,-515.94120450,-3736.38542909,24099.68505213,19085.83234758,0.00059236,nan,-0.16650706,0.57164578,0.15971340,1.00000000,PASSIVE_BUY
143,100.14775858,100.14364051,-0.10544288,0.02077802,586.12737015,-3402.50282344,26365.46236391,30830.31696106,0.00058541,nan,0.16048759,0.57164578,0.19253690,0.00000000,PASSIVE_SELL
144,100.18521308,100.18625204,0.10004780,0.02055439,969.46746172,-1775.66047044,34720.78252782,27420.16941263,0.00058657,nan,0.01502000,0.57592987,0.19253690,0.00000000,ABORT
145,100.25180092,100.25265992,0.11433609,0.02002194,636.09226334,-1768.50981213,26315.66955164,22737.55863551,0.00059471,nan,0.02913336,0.58627430,0.19253690,0.00000000,ABORT
146,100.24845057,100.25641014,0.15228130,0.02028569,-291.63048880,-1913.65213112,25159.47941640,22108.58787102,0.00059452,nan,-0.06993821,0.58627430,0.19253690,0.00000000,ABORT
147,100.14017649,100.14072935,-0.03628480,0.02015232,-709.28699919,-2727.65925558,23440.28256512,26378.05223789,0.00060774,nan,-0.10492372,0.59032765,0.19253690,0.00000000,ABORT
148,100.20864587,100.21388387,0.10693616,0.02088029,645.84991995,-2409.73832663,31954.05908039,25889.39871852,0.00061692,nan,0.17674346,0.59032765,0.19253690,0.00000000,ABORT
149,100.12039985,100.12152077,0.02902131,0.02014692,-634.69539269,-2231.97314746,29628.97611933,29944.23757353,0.00062308,nan,-0.15671540,0.59701288,0.19253690,0.00000000,ABORT
150,100.05250873,100.05424208,0.12437822,0.02016128,-675.60453487,-2134.51983033,35291.39284958,30592.92611747,0.00062837,nan,0.02035490,0.60083676,0.19253690,0.00000000,ABORT
151,100.04296786,100.04832726,-0.02888427,0.02001844,-420.06105410,-3040.29773355,19870.54958713,25090.45707471,0.00062379,nan,0.05835025,0.60083676,0.19253690,0.00000000,ABORT
152,100.09569753,100.09560050,0.02877267,0.02009945,241.33701286,-2565.04494125,31905.99948906,30855.91233697,0.00062298,nan,0.06227055,0.60083676,0.19253690,0.00000000,ABORT
153,100.17611700,100.17295510,-0.16201561,0.02017748,408.54800788,-1762.71660391,22478.47917876,31386.10700982,0.00062987,nan,0.02768979,0.59708916,0.19253690,0.00000000,ABORT
154,100.14375123,100.13634282,-0.08763571,0.02010950,-585.65217086,-3155.53823831,27498.24744551,28838.42609347,0.00061700,nan,-0.11278524,0.59708916,0.19253690,0.00000000,ABORT
155,100.18706722,100.18915843,-0.16962984,0.02080382,843.85562884,-1627.90565338,18941.20479425,29226.47163480,0.00061998,nan,0.07568177,0.58441255,0.20293881,1.00000000,PASSIVE_BUY
156,100.16649773,100.16183109,0.13103346,0.02024202,-789.96357926,-2747.66493883,29260.11487023,23080.14481088,0.00061850,nan,-0.06388549,0.58441255,0.19249033,0.00000000,PASSIVE_SELL
157,100.13122003,100.12232569,0.18695849,0.02050400,-280.38434601,-2878.23331116,28602.78979303,19217.46487133,0.00061588,nan,-0.01470821,0.58847105,0.20274233,-1.00000000,PASSIVE_SELL
158,100.00404512,100.00323913,0.01373539,0.02099357,-343.00600426,-2838.08972968,32424.32403354,30978.72444999,0.00063900,nan,-0.09189720,0.58847105,0.34041402,-2.00000000,PASSIVE_SELL
159,99.96013161,99.96734012,0.16849192,0.02048098,-358.70389810,-2934.65519274,32958.22118810,28017.13217509,0.00063888,nan,0.08326141,0.60071048,0.42824103,0.00000000,ABORT
160,100.08410110,100.08534595,0.08963688,0.02113359,452.83158452,-1703.72372808,26596.94591215,24816.16549973,0.00066249,nan,0.16788299,0.60071048,0.42824103,0.00000000,ABORT
161,100.12732759,100.12537273,-0.14609447,0.02075944,559.90907125,-729.93786985,20989.21007317,32727.32458797,0.00066235,nan,-0.08074299,0.59643393,0.43862075,-1.00000000,PASSIVE_SELL
162,100.08845809,100.09002393,0.09064913,0.02034666,-435.97532432,-1341.51999133,29785.15142164,26048.74981949,0.00065808,nan,-0.08209600,0.59643393,0.48766359,0.00000000,PASSIVE_BUY
163,100.04675887,100.04859468,0.02076625,0.02006965,-386.75699917,-2194.71793829,24699.18888246,23888.55526658,0.00065920,nan,-0.00282971,0.58242396,0.49769841,1.00000000,PASSIVE_BUY
164,100.00608168,100.00121977,-0.27626628,0.02096779,-614.40092251,-3237.15317864,19851.11740592,31649.35790902,0.00065102,nan,0.00102203,0.58242396,0.46750512,0.00000000,PASSIVE_SELL
165,100.01929658,100.01730928,-0.07146901,0.02036260,496.11992609,-2171.13658654,26038.79144776,29144.26771802,0.00064913,nan,0.05389208,0.56969375,0.47768642,-1.00000000,PASSIVE_SELL
166,100.03062201,100.03511454,-0.20361671,0.02012753,391.84044375,-1250.15213172,14886.03328049,28396.09361382,0.00063755,nan,-0.00188946,0.56969375,0.47642475,0.00000000,PASSIVE_BUY
167,100.06385771,100.06840337,0.13586044,0.02004548,229.36760212,-481.25704007,34021.41471393,22488.20625197,0.00063973,nan,0.02191027,0.56969375,0.48644749,1.00000000,PASSIVE_BUY
168,100.13226420,100.14112115,0.10304343,0.02017815,443.74455553,-530.01721417,25223.91298029,24318.26666822,0.00064756,nan,0.03517079,0.58039407,0.56494305,2.00000000,PASSIVE_BUY
169,100.14640364,100.15066103,0.18508212,0.02014536,482.88875078,-491.37130881,27284.25107309,17544.37667879,0.00064626,nan,-0.05426705,0.58039407,0.60329460,3.00000000,PASSIVE_BUY
170,100.17334008,100.16771531,-0.09599647,0.02010564,305.33542841,-657.28272611,25949.80633661,29686.22942477,0.00063284,nan,0.01279701,0.58105874,0.53559833,2.00000000,PASSIVE_SELL
171,100.12816876,100.13125382,0.19547856,0.02035413,-270.87406883,-1597.55871670,23719.04645706,18038.33019575,0.00062759,nan,-0.07210777,0.58105874,0.45543276,3.00000000,PASSIVE_BUY
172,100.11719757,100.11405343,0.10579339,0.02004446,-675.27301778,-2811.54867238,29541.55141963,21684.95796715,0.00062130,nan,0.03420013,0.59209181,0.50128681,2.00000000,PASSIVE_SELL
173,100.16731839,100.16576760,0.00215179,0.02054236,517.28178961,-1543.04291495,25022.80519320,23856.48387521,0.00062460,nan,0.06109202,0.59209181,0.56142986,1.00000000,PASSIVE_SELL
174,100.20993565,100.20311963,-0.16245789,0.02000317,242.87506679,-554.90441724,20199.76666685,25447.03542389,0.00062614,nan,-0.00750357,0.58463796,0.61404870,0.00000000,PASSIVE_SELL
175,100.19053075,100.20019244,0.07762431,0.02069449,-88.69219215,-1254.88836678,20745.83282193,22044.99059566,0.00062639,nan,-0.06202215,0.58463796,0.62439595,1.00000000,PASSIVE_BUY
176,100.16710288,100.16614797,-0.04145831,0.02028349,-595.99973988,-1291.35266114,23434.28329313,24588.75275668,0.00061466,nan,-0.00402298,0.58463796,0.61110982,0.00000000,PASSIVE_SELL
177,100.17209914,100.16856987,-0.19761317,0.02043288,345.41553961,-1816.65507608,19140.25068056,27877.29854456,0.00060560,nan,0.02842413,0.56781095,0.62132626,-1.00000000,PASSIVE_SELL
178,100.12439718,100.13265009,0.13161185,0.02005513,-212.00816975,-1550.86079843,25617.78837457,21884.53424729,0.00057473,nan,-0.05269822,0.56781095,0.67905578,0.00000000,PASSIVE_BUY
179,100.12484939,100.11562777,-0.19997947,0.02105187,-299.43469563,-2331.60309728,20150.48068769,24769.43253179,0.00056421,nan,0.04815417,0.54904053,0.68958172,-1.00000000,PASSIVE_SELL
180,100.07453592,100.08312640,-0.14768176,0.02017199,-40.54013201,-1735.84521076,16894.20868044,28023.84490133,0.00056764,nan,-0.05076568,0.54904053,0.74998118,0.00000000,PASSIVE_BUY
181,100.07143046,100.07070736,0.04564247,0.02061442,-628.34585388,-1553.15720297,29387.90670102,23897.65816611,0.00056733,nan,0.04720800,0.54867533,0.76028839,-1.00000000,PASSIVE_SELL
182,100.11548661,100.11307450,0.09727875,0.02035094,697.63899014,-1466.39978525,26964.68285202,21063.65674567,0.00055418,nan,0.04716162,0.54867533,0.72640770,-2.00000000,PASSIVE_SELL
183,100.11179432,100.10964633,-0.03795486,0.02039829,-561.18165887,-1662.84213048,26483.20357261,28319.73603124,0.00054721,nan,-0.04774845,0.55210669,0.74399144,-3.00000000,PASSIVE_SELL
184,100.08997634,100.08765185,0.05970260,0.02120393,-243.57599001,-1412.14205771,28516.83258525,23087.92276180,0.00054676,nan,-0.01812568,0.55210669,0.82004733,-4.00000000,PASSIVE_SELL
185,100.01109124,100.00808056,-0.07922110,0.02023557,-453.71579773,-2537.85291616,25202.42277340,26136.52630749,0.00054132,nan,-0.05706713,0.55210669,1.14570554,-5.00000000,PASSIVE_SELL
186,100.00989237,100.00868373,0.04647339,0.02022064,-261.38948108,-2508.94625469,29918.22045859,26900.05841465,0.00053079,nan,0.07768624,0.54935373,1.16181018,-6.00000000,PASSIVE_SELL
187,100.01223740,100.01338663,-0.01138393,0.02034849,505.49278594,-1572.30613759,26983.20016337,29856.56632773,0.00052848,nan,0.00354389,0.54935373,0.77557733,-5.00000000,PASSIVE_BUY
188,100.01218006,100.01248407,0.11495114,0.02036103,-524.91805673,-1727.66565266,26469.96610803,19068.18414077,0.00052485,nan,-0.00240237,0.55634175,0.78579011,-4.00000000,PASSIVE_BUY
189,99.99208068,99.99802455,0.20373390,0.02036518,-155.57219890,-1142.53669365,21230.71059139,17055.37413050,0.00052480,nan,-0.02004204,0.55634175,0.81606585,-3.00000000,PASSIVE_BUY
190,100.06078175,100.05837763,0.13395643,0.02077141,256.01412254,-1587.69475719,31212.93965332,20614.53812638,0.00053163,nan,0.08880045,0.55634175,0.62034835,-4.00000000,PASSIVE_SELL
191,100.08720765,100.09157736,-0.03126647,0.02064070,704.79380153,-1090.75684851,17717.87577357,23143.26320585,0.00053140,nan,-0.04227517,0.55291731,0.74298071,-3.00000000,PASSIVE_BUY
192,100.08435282,100.07559189,0.22442938,0.02036682,-666.43812854,-1241.25377255,30301.88791358,17565.88377065,0.00049558,nan,-0.02928073,0.55291731,0.76172862,-4.00000000,PASSIVE_SELL
193,100.11209983,100.11590012,0.12548804,0.02072429,657.09422850,-1170.28691420,28529.28503520,20093.32886592,0.00049613,nan,0.03060184,0.56062960,0.72241717,-3.00000000,PASSIVE_BUY
194,100.01403345,100.01277144,0.08429196,0.02028220,-727.56999013,-2867.32436605,27454.49150709,22159.90879045,0.00051132,nan,-0.12581339,0.56062960,1.02675741,-4.00000000,PASSIVE_SELL
195,99.99050038,99.98990345,0.23136954,0.02072510,-562.55314947,-4065.96977886,25694.36838176,17573.65168341,0.00050216,nan,0.07453331,0.56640471,1.13125223,-5.00000000,PASSIVE_SELL
196,100.04001012,100.04348788,-0.04358770,0.02021238,676.73156058,-3097.60772948,22547.00524751,28355.55634111,0.00050797,nan,0.07304281,0.56245786,0.74922503,-4.00000000,PASSIVE_BUY
197,100.13843393,100.13802168,0.16819589,0.02022598,457.80277393,-1930.51795637,29739.11209241,20720.77677140,0.00050572,nan,0.04891408,0.56245786,0.36564276,-5.00000000,PASSIVE_SELL
198,100.08310296,100.08152305,-0.01554374,0.02028641,-452.94575422,-3029.31363053,20268.81159661,20675.20062197,0.00050189,nan,-0.15375479,0.56245786,0.65244081,-6.00000000,PASSIVE_SELL
199,100.04257472,100.03674702,0.12248330,0.02086805,-574.98259014,-2969.60082798,20995.63692405,13174.50266098,0.00048993,nan,0.01480273,0.55714022,0.90604427,-7.00000000,PASSIVE_SELL
200,100.06467867,100.06398267,0.14943526,0.02061057,590.24180664,-1703.75448647,29590.06067537,19666.17317933,0.00048171,0.00054034,0.06263219,0.55714022,0.76162189,-8.00000000,PASSIVE_SELL
201,100.11459982,100.11436060,0.17196994,0.02015458,308.74835266,-974.94507971,27575.56905219,20687.32376426,0.00048646,0.00054141,0.02781719,0.55039893,0.37233004,-9.00000000,PASSIVE_SELL
202,100.02393815,100.01492857,-0.25536056,0.02052931,-610.57772787,-1826.85982043,17532.43612894,28836.83943495,0.00049750,0.00054302,-0.14058280,0.55039893,1.19854967,-10.00000000,PASSIVE_SELL
203,99.97422432,99.97614500,0.11152032,0.02018748,-140.96627842,-2376.37410673,32273.74440220,26244.45786935,0.00048798,0.00054417,0.04094783,0.55039893,0.79950368,-9.00000000,PASSIVE_BUY
204,99.98330803,99.98388078,-0.22735501,0.02037945,388.72722893,-1401.99470695,14928.49061235,24962.48901912,0.00048662,0.00054318,0.05879755,0.53461666,0.79984181,-8.00000000,PASSIVE_BUY
205,99.92860227,99.92820516,0.02344005,0.02037795,-749.85386281,-2995.70419860,28013.89962479,28885.75723025,0.00048725,0.00054456,-0.06378948,0.54862635,1.24767690,-9.00000000,PASSIVE_SELL
206,100.00166648,100.00381121,0.08861166,0.02092196,716.17936979,-1489.56124954,28495.57253230,21687.07638308,0.00049883,0.00054184,0.12776998,0.54862635,0.77577048,-8.00000000,PASSIVE_BUY
207,100.04983131,100.04252165,-0.10726900,0.02072524,235.67941387,-973.49748967,18163.75471639,18444.30766293,0.00050181,0.00054228,-0.02489938,0.55696081,0.40081446,-9.00000000,PASSIVE_SELL
208,100.05427703,100.05363718,0.16355131,0.02054595,644.35498911,13.86350370,31548.21746665,20237.97522730,0.00046873,0.00054142,-0.04371911,0.55696081,0.37107598,-10.00000000,PASSIVE_SELL
209,100.06072374,100.05788535,-0.09228253,0.02047263,387.19298833,759.76039013,23615.76738513,29762.25962344,0.00046436,0.00054098,0.00200099,0.55801538,0.31684520,-11.00000000,PASSIVE_SELL
210,100.10011881,100.10681106,0.10764369,0.02071258,492.93909683,799.86790244,32501.01918613,22723.24262925,0.00043405,0.00054134,0.03294836,0.55801538,0.67752815,-10.00000000,PASSIVE_BUY
211,100.15706425,100.16183346,0.01574318,0.02005502,527.25117983,767.21001102,23924.01418443,23475.80261388,0.00043717,0.00053769,0.01755037,0.56019681,0.63356927,-9.00000000,PASSIVE_BUY
212,100.13425896,100.13593237,-0.16658161,0.02048257,-834.84127622,368.34405912,15155.39790694,30221.22277870,0.00043484,0.00053404,-0.07975072,0.56019681,0.66490564,-8.00000000,PASSIVE_BUY
213,100.11815830,100.11572323,-0.04142469,0.02012050,-916.80039901,-161.69934073,30107.45037343,31604.59021425,0.00043129,0.00053406,0.00670463,0.56179758,0.80377116,-9.00000000,PASSIVE_SELL
214,100.18386589,100.18308499,-0.10289687,0.02022080,520.96738789,973.66896966,27038.69032344,34412.77591091,0.00043619,0.00053238,0.08180825,0.56179758,0.22251324,-10.00000000,PASSIVE_SELL
215,100.26151793,100.26204631,0.03918978,0.02124099,532.76035584,1010.30939941,34869.92535601,32481.67131590,0.00044815,0.00053469,0.01194445,0.54806465,0.53178763,-9.00000000,PASSIVE_BUY
216,100.30159364,100.30563377,0.19406631,0.02048866,616.34270863,1234.81166429,24910.02937530,18249.03925478,0.00045076,0.00053514,-0.03757632,0.54806465,0.50496558,-8.00000000,PASSIVE_BUY
217,100.22976650,100.22578405,0.09945085,0.02028999,-648.98088447,356.46317769,26076.74916206,19371.56371345,0.00046160,0.00053744,-0.11190285,0.54613291,1.08972768,-9.00000000,PASSIVE_SELL
218,100.19863384,100.20080777,0.14069778,0.02005518,-341.87255558,-429.15393341,30499.37730199,24470.86464619,0.00045452,0.00053771,0.04069448,0.54613291,0.60372723,-8.00000000,PASSIVE_BUY
219,100.22148221,100.22377627,-0.01825974,0.02065645,440.73323318,-471.30945102,18069.22298533,21113.68055372,0.00045517,0.00053705,0.05398103,0.53101193,0.58910265,-7.00000000,PASSIVE_BUY
220,100.10323709,100.10457908,0.01921866,0.02035576,-587.29620246,-1363.94108189,22515.96173462,23617.48770672,0.00048335,0.00054286,-0.14109349,0.52491140,0.71842773,-6.00000000,PASSIVE_BUY
221,100.14241141,100.14097900,-0.03128947,0.02022131,472.05670546,-621.01030759,22369.89129413,24237.46196744,0.00048251,0.00054274,0.15741944,0.52491140,0.49349249,-7.00000000,PASSIVE_SELL
222,100.18357111,100.18429687,0.10595498,0.02034160,293.83073624,348.09344643,30338.62206675,24290.21623794,0.00048557,0.00054335,0.00198539,0.52491140,0.64662381,-6.00000000,PASSIVE_BUY
223,100.23522486,100.23309816,-0.06519926,0.02050592,363.87841244,194.69006925,19999.98013544,21087.81709733,0.00048588,0.00054404,0.01049404,0.54042396,0.34695427,-7.00000000,PASSIVE_SELL
224,100.27289793,100.27014261,0.02741628,0.02030862,494.35660270,446.17160517,24023.10080720,21350.85949407,0.00048509,0.00054452,-0.01398068,0.54042396,0.09339708,-8.00000000,PASSIVE_SELL
225,100.34780770,100.34544919,0.11801306,0.02006515,310.89485503,845.75865236,33294.69330657,21527.42424583,0.00049486,0.00054412,0.03723669,0.54460754,-0.49584846,-9.00000000,PASSIVE_SELL
226,100.32848494,100.32551338,0.01686894,0.02045328,-564.19623220,877.56216004,26290.95997654,25450.41116064,0.00049445,0.00053867,-0.09423252,0.54460754,-0.31171696,-10.00000000,PASSIVE_SELL
227,100.26669305,100.27272535,0.12573856,0.02008719,-222.89844348,309.24817695,28329.84346622,25624.09611269,0.00050270,0.00053871,-0.04246913,0.54460754,0.58715518,-9.00000000,PASSIVE_BUY
228,100.29734601,100.29807187,0.13335718,0.02043070,206.24649801,727.50284470,31150.54707957,23147.28926396,0.00049920,0.00053829,0.09244485,0.54408059,0.56534351,-8.00000000,PASSIVE_BUY
229,100.31726820,100.30876458,-0.12013876,0.02021862,157.36055703,1184.29809736,19174.81491162,27248.97925731,0.00049971,0.00053354,-0.01073077,0.54408059,0.41607528,-9.00000000,PASSIVE_SELL
230,100.27411645,100.27328733,0.00773616,0.02081147,-143.00684211,1081.83138726,26389.98622581,25646.28678688,0.00049824,0.00053444,-0.06307394,0.54408059,0.81484672,-10.00000000,PASSIVE_SELL
231,100.22999350,100.22312768,0.10986119,0.02071179,-444.94306147,1265.23417968,30097.40299856,20051.87903124,0.00050267,0.00053534,-0.00097121,0.54408059,1.26643213,-11.00000000,PASSIVE_SELL
232,100.22465972,100.22659744,-0.00830362,0.02057463,-254.19954586,313.39564368,26251.12274946,29195.92183332,0.00049939,0.00053503,0.03878917,0.55024324,0.61612025,-10.00000000,PASSIVE_BUY
233,100.18193091,100.18446526,0.06367656,0.02081985,-529.06373319,345.51356935,19194.27839228,19656.94331608,0.00050327,0.00053132,-0.03739502,0.55760847,0.66815548,-9.00000000,PASSIVE_BUY
234,100.19172702,100.19949956,0.14620018,0.02093463,737.44071972,1326.53027908,23665.92705129,21784.05655988,0.00050230,0.00053087,0.05252492,0.55760847,0.66836756,-8.00000000,PASSIVE_BUY
235,100.19486082,100.19797561,0.03225971,0.02004493,544.30934567,2324.55542248,26427.68225087,30634.35558451,0.00048883,0.00053067,-0.00666230,0.56965943,0.67837020,-7.00000000,PASSIVE_BUY
236,100.19076323,100.18789653,-0.02165944,0.02054541,-832.54446743,1753.40043614,32567.58521075,30404.26309538,0.00048890,0.00053054,-0.00723139,0.56965943,0.71732603,-8.00000000,PASSIVE_SELL
237,100.18694375,100.19131590,-0.20173583,0.02007376,-263.36618238,984.54146781,14656.83501657,27855.22684448,0.00048901,0.00053030,0.00027811,0.57717118,0.68822547,-7.00000000,PASSIVE_BUY
238,100.17208830,100.17662228,-0.01960069,0.02016832,-253.96772849,1255.49179605,25901.64484700,26789.80022433,0.00048966,0.00052440,-0.01103597,0.57717118,0.71288139,-6.00000000,PASSIVE_BUY
239,100.21611368,100.22068771,-0.01838952,0.02024804,544.82690716,1955.89090211,19288.98374988,26180.13595306,0.00049177,0.00052525,0.05888083,0.56417240,0.67878073,-5.00000000,PASSIVE_BUY
240,100.19375070,100.20355319,0.12397651,0.02067479,-456.94296690,1242.93381266,24798.78185948,24420.26239068,0.00048446,0.00052327,-0.06638836,0.56417240,0.71062761,-4.00000000,PASSIVE_BUY
241,100.14412292,100.14386824,0.19038510,0.02046702,-809.03461200,-270.89460087,25330.14746346,18632.62775422,0.00048866,0.00052431,-0.02726480,0.57945544,0.91937224,-5.00000000,PASSIVE_SELL
242,100.10914868,100.11563425,-0.04064073,0.02035428,-460.23370996,-64.69018228,22864.75467729,28930.48934956,0.00049124,0.00052088,0.01465354,0.57945544,0.78989902,-4.00000000,PASSIVE_BUY
243,100.06890875,100.07021334,-0.21385085,0.02027443,-712.42588062,-1434.21029140,16000.34647459,26583.10842363,0.00049292,0.00052073,-0.00526570,0.58380822,0.84039595,-3.00000000,PASSIVE_BUY
244,100.04232606,100.04436183,0.14452900,0.02003536,-614.86392849,-1321.50422976,26216.57641768,20832.14232876,0.00047456,0.00052003,0.01365725,0.60086431,0.92014402,0.00000000,ABORT
245,100.03567496,100.04254002,0.04430993,0.02042460,-457.99259155,-1216.94367184,29930.21060673,27542.91845633,0.00047344,0.00051994,0.01993160,0.60086431,0.92014402,0.00000000,ABORT
246,100.05910372,100.06120207,0.16219960,0.02065827,572.37018617,-1321.30504626,25278.39186552,19633.30156800,0.00046947,0.00051839,0.03007985,0.59145345,0.92014402,0.00000000,ABORT
247,100.07255189,100.07505521,-0.01561878,0.02012199,724.86096145,-1054.24685874,27329.87513447,29130.60669353,0.00044863,0.00051016,-0.00998058,0.59145345,0.92014402,0.00000000,ABORT
248,100.07232081,100.07150870,0.14868690,0.02018540,-830.27555905,-1431.57666358,30079.74316806,19803.77710468,0.00044196,0.00050972,-0.01367926,0.57449431,0.93023673,-1.00000000,PASSIVE_SELL
249,100.11378150,100.10745475,-0.03460554,0.02046139,538.80990813,-317.78416531,28333.78604107,28356.74703414,0.00044190,0.00050274,0.04169178,0.56313340,0.89900672,-2.00000000,PASSIVE_SELL
250,100.05781784,100.05399693,-0.13355536,0.02049030,-452.82023468,-1360.84620663,21413.12383149,29067.72197307,0.00044806,0.00050412,-0.09742436,0.56313340,1.02117921,-3.00000000,PASSIVE_SELL
251,100.08936656,100.08389127,-0.20283712,0.02031675,466.68011434,-1202.91444495,24706.99496011,31274.53036891,0.00044469,0.00050456,0.08751239,0.54873881,0.93669141,-4.00000000,PASSIVE_SELL
252,100.08143289,100.08685653,0.30066027,0.02062618,-253.57834948,-845.91506656,27675.23097780,17968.28045692,0.00042585,0.00050397,-0.03948240,0.54873881,0.91158836,-3.00000000,PASSIVE_BUY
253,100.16574807,100.16366104,-0.13753899,0.02017190,413.93250286,-291.01628528,10399.14434412,12904.30152649,0.00043504,0.00050733,0.09224885,0.54281033,0.66872877,-4.00000000,PASSIVE_SELL
254,100.26297777,100.26058904,0.09055115,0.02017273,496.19457645,-183.54893775,28863.15399659,22567.84961568,0.00045416,0.00051186,0.01291452,0.54281033,0.28989634,-5.00000000,PASSIVE_SELL
255,100.24057607,100.24482373,-0.07263594,0.02050235,-239.28870025,327.01622481,23349.40264146,29039.97396081,0.00044778,0.00051170,-0.11963139,0.53206614,0.80364955,-4.00000000,PASSIVE_BUY
256,100.23005051,100.22907681,-0.19154417,0.02006659,-785.07823059,-1174.24137557,16989.46574243,25202.42784597,0.00043800,0.00051066,0.01187613,0.53450821,0.85578510,-5.00000000,PASSIVE_SELL
257,100.25026728,100.25065560,0.03834152,0.02045615,782.69819711,-627.22259233,24683.94866016,23530.92563456,0.00043417,0.00051035,0.03074234,0.53450821,0.79597942,-4.00000000,PASSIVE_BUY
258,100.27985572,100.28548732,0.10876721,0.02043169,822.46992913,-449.10765230,24449.23204396,25141.10528667,0.00043563,0.00051049,0.00937167,0.54545665,0.77664352,-3.00000000,PASSIVE_BUY
259,100.23120603,100.22674295,0.29372854,0.02099334,-723.33156792,-1559.63220856,31003.27182812,15217.53908479,0.00044190,0.00050942,-0.07823814,0.54545665,0.93308927,-4.00000000,PASSIVE_SELL
260,100.23468298,100.22937120,-0.09453467,0.02095082,341.35499705,-1711.21630835,24053.72162365,29018.16778798,0.00043890,0.00050756,0.05212665,0.54293302,0.92965687,-5.00000000,PASSIVE_SELL
261,100.23102500,100.23336978,-0.08313385,0.02038085,-173.02898368,-2411.49647186,23204.27467331,32601.80100574,0.00043208,0.00050613,-0.00713493,0.54293302,0.80485092,-4.00000000,PASSIVE_BUY
262,100.18723042,100.17875897,-0.04023752,0.02009571,-417.66131738,-1994.31651301,27198.57685297,26237.90088187,0.00043541,0.00050410,-0.04013661,0.54293302,0.99007712,-5.00000000,PASSIVE_SELL
263,100.20280522,100.20100567,-0.19855208,0.02044283,575.12182642,-502.39428758,19901.06469080,24311.14393886,0.00043518,0.00050424,0.05936939,0.52743151,0.92242452,-6.00000000,PASSIVE_SELL
264,100.10395167,100.09840073,-0.08613315,0.02054207,-798.44943970,-1821.81111517,25976.72559450,27239.45143114,0.00044753,0.00050815,-0.11442835,0.52323067,1.52581683,-7.00000000,PASSIVE_SELL
265,100.15308452,100.15536528,0.03399654,0.02027174,914.18596336,-1440.38550764,24923.56878723,25404.33224242,0.00043918,0.00050749,0.14798639,0.52323067,0.84297245,-6.00000000,PASSIVE_BUY
266,100.14670062,100.14083315,0.00260992,0.02004013,-660.64736408,-2717.37558035,23394.47782546,23951.09493037,0.00043506,0.00050717,-0.05551674,0.52480741,0.89129590,-7.00000000,PASSIVE_SELL
267,100.10823257,100.11224828,0.01517626,0.02007429,-163.84590281,-2232.24059869,30136.55309193,30047.53540306,0.00042701,0.00050625,-0.03208415,0.52480741,0.89028544,-6.00000000,PASSIVE_BUY
268,100.11921483,100.12344984,-0.19002273,0.02015530,333.12071644,-1557.24732667,14134.71057505,25667.03380630,0.00042542,0.00050510,0.04945031,0.52480741,0.88917831,-5.00000000,PASSIVE_BUY
269,100.12498924,100.12282141,-0.05619351,0.02002889,389.44249240,-1608.53806745,18983.16680023,19961.58785545,0.00042413,0.00050356,-0.00520784,0.52774559,0.87032069,-6.00000000,PASSIVE_SELL
270,100.12431617,100.11634331,-0.02321989,0.02043232,-528.12952032,-1549.37138531,26745.08013061,25895.74424208,0.00039035,0.00050290,-0.00644749,0.52774559,0.88457528,-7.00000000,PASSIVE_SELL
271,100.09146045,100.08921687,-0.22028389,0.02016884,-454.88166809,-2476.30975886,16964.43684460,32605.95391882,0.00038907,0.00050307,-0.03218265,0.52024440,1.12464977,-8.00000000,PASSIVE_SELL
272,100.08732812,100.07758216,-0.15501944,0.02104988,-733.45035077,-3503.59084587,19126.02784026,25799.75826182,0.00038441,0.00050091,0.02872340,0.52024440,1.16823328,-9.00000000,PASSIVE_SELL
273,100.06403021,100.06972295,-0.27335816,0.02202628,-81.73712377,-3949.20638208,10363.20727950,27934.31762295,0.00037781,0.00050104,-0.01916559,0.51676751,0.91117994,-8.00000000,PASSIVE_BUY
274,99.97830751,99.97922989,0.08506519,0.02007842,-586.82964993,-5030.39263470,29876.09116127,21782.51886872,0.00039027,0.00050388,-0.06242479,0.52325195,1.01375934,-7.00000000,PASSIVE_BUY
275,99.98074447,99.97114460,-0.16054535,0.02111201,397.90716631,-4943.38032342,17944.18456788,22473.29741951,0.00037318,0.00050390,0.08815966,0.52325195,1.00725663,-8.00000000,PASSIVE_SELL
276,99.96460015,99.96015346,-0.16531556,0.02029725,-182.53651424,-4561.72060547,25672.76698444,35252.05122822,0.00037300,0.00050154,-0.01858128,0.52325195,1.14655982,-9.00000000,PASSIVE_SELL
277,100.02636477,100.02531081,0.03107943,0.02008697,560.38622573,-3778.43593625,25096.03154278,22174.53578781,0.00037703,0.00049938,0.07790895,0.52422427,0.60072166,-10.00000000,PASSIVE_SELL
278,99.97251599,99.97273425,-0.19937743,0.02051794,-729.09583000,-4713.77826426,19545.45524641,27604.36421948,0.00037970,0.00049717,-0.11561340,0.52956475,1.00747961,-9.00000000,PASSIVE_BUY
279,99.88060702,99.88813431,0.05341045,0.02030704,-405.39855347,-5276.53737476,22803.56953546,24932.89851142,0.00039611,0.00050110,-0.03806020,0.52956475,1.11038572,-8.00000000,PASSIVE_BUY
280,99.89505764,99.90210786,0.19100407,0.02035098,390.63142301,-4742.89910964,32077.67988416,21632.24946437,0.00039432,0.00050090,0.10635960,0.52956475,1.10595679,-7.00000000,PASSIVE_BUY
281,100.00370513,100.00874261,0.20842990,0.02034919,463.95089892,-3834.00514925,31140.53981921,22068.36257134,0.00042302,0.00050710,0.09419687,0.53554167,1.00748926,-6.00000000,PASSIVE_BUY
282,100.00683810,100.00100630,-0.14254139,0.02087320,276.28089764,-3303.52470575,27831.97892650,34228.13508326,0.00042315,0.00050548,-0.10551452,0.53083687,0.99912804,-7.00000000,PASSIVE_SELL
283,100.00364067,100.00780197,0.09221133,0.02017658,-297.02462353,-3071.48559609,25114.35420008,25786.04449517,0.00041960,0.00050530,-0.00633039,0.53083687,1.01137728,-6.00000000,PASSIVE_BUY
284,99.93666652,99.93196702,-0.03436300,0.02001491,-746.60506517,-4555.53138098,28545.09546229,28444.69294035,0.00042839,0.00050654,-0.06377673,0.54301406,1.42322968,-7.00000000,PASSIVE_SELL
285,99.93662018,99.92887562,-0.09456871,0.02026071,236.48275136,-4863.35797529,31572.14850920,34083.17255674,0.00042829,0.00050635,0.06692783,0.54301406,1.43368435,-8.00000000,PASSIVE_SELL
286,99.99920470,99.99851101,0.19835085,0.02036981,578.93611696,-3451.87739091,29437.66681819,16878.52129225,0.00043868,0.00050736,0.06263085,0.53189335,0.94319310,-9.00000000,PASSIVE_SELL
287,99.94494277,99.94783277,-0.00926052,0.02013562,-541.55318461,-3730.06439314,24784.96384049,25026.27999647,0.00044433,0.00050769,-0.11684645,0.53189335,1.04139273,-8.00000000,PASSIVE_BUY
288,100.02956267,100.02818839,-0.13887897,0.02013228,508.04671409,-2968.04995055,22690.86163614,29132.72292890,0.00046135,0.00051118,0.13888183,0.52166204,0.37449967,-9.00000000,PASSIVE_SELL
289,100.03242210,100.03448309,-0.00755262,0.02022823,581.70455812,-2931.17229960,21907.46015457,22467.90275337,0.00045658,0.00051096,-0.08176047,0.52166204,0.96522856,-8.00000000,PASSIVE_BUY
290,100.11610702,100.12223589,0.13395060,0.02045826,586.01886195,-1888.21047075,31290.56189370,26487.24958354,0.00047176,0.00051424,0.08082549,0.52737352,0.89096769,-7.00000000,PASSIVE_BUY
291,100.01983411,100.01562975,0.12957279,0.02037447,-773.50546355,-1852.68132230,32688.96780163,21491.10410198,0.00048558,0.00051850,-0.17995783,0.52737352,1.57506531,-8.00000000,PASSIVE_SELL
292,99.98816985,99.99534978,0.05944250,0.02029304,-203.13036318,-1595.57797552,25665.88597751,26625.29857570,0.00048516,0.00051872,0.06460865,0.53034494,1.00991844,-7.00000000,PASSIVE_BUY
293,99.99835923,99.99845652,-0.08991900,0.02065646,526.95991689,-356.19217801,18899.78851968,26247.12997251,0.00048243,0.00051671,0.04185364,0.53276053,0.93859280,-7.00000000,HOLD
294,99.92401122,99.92342336,0.02565091,0.02095450,-771.37811970,-512.70636922,26012.40619472,26914.02080757,0.00049197,0.00051842,-0.08453738,0.53276053,1.46950609,-8.00000000,PASSIVE_SELL
295,100.02099182,100.02351276,0.16129605,0.02064370,735.41783549,680.70405782,27971.30187054,20494.98212261,0.00051119,0.00052305,0.17132860,0.53261994,0.97060265,-7.00000000,PASSIVE_BUY
296,100.08331910,100.08220513,-0.05095036,0.02079935,425.56378337,533.89765502,17505.41710659,17903.66951734,0.00051765,0.00052495,-0.03465332,0.53261994,0.54471137,-8.00000000,PASSIVE_SELL
297,100.20458868,100.20460000,-0.01495412,0.02041704,642.95638161,451.99307519,21849.06866257,21116.94998196,0.00054430,0.00053116,0.05894230,0.54538148,-0.42544527,-8.00000000,HOLD
298,100.24098907,100.24240877,-0.00502461,0.02033171,872.75016436,2155.01879861,25286.10796891,28220.99786125,0.00054631,0.00053183,-0.08486919,0.55440106,0.76192244,-7.00000000,PASSIVE_BUY
299,100.35219131,100.35299637,0.03737191,0.02081883,632.51334987,2248.72224035,20618.01690917,21072.75593848,0.00056434,0.00053609,0.07480185,0.55440106,0.65966828,-6.00000000,PASSIVE_BUY
300,100.25227928,100.24795938,-0.07734675,0.02071596,-482.40731217,2219.13516286,23901.29334469,27685.21072694,0.00057692,0.00054034,-0.21111427,0.56300463,1.26949847,-7.00000000,PASSIVE_SELL
301,100.30485390,100.29723357,-0.07002529,0.02028468,209.95868588,1962.41373439,25970.25078660,32094.70648082,0.00057965,0.00054067,0.15248666,0.56300463,0.91161843,-8.00000000,PASSIVE_SELL
302,100.24076133,100.24794163,0.20607511,0.02079845,-98.79491519,2117.19716869,31650.30893819,23006.77692619,0.00058727,0.00054016,-0.11666720,0.56300463,0.74750868,-7.00000000,PASSIVE_BUY
303,100.16972385,100.17559812,0.09476430,0.02070731,-459.33314983,1243.93151599,21968.11169385,17268.05598290,0.00058460,0.00054082,-0.00694492,0.55617023,0.82917326,-6.00000000,PASSIVE_BUY
304,100.22765436,100.23716707,0.20135947,0.02005828,589.77832330,1337.51526283,30410.44432827,25341.11214801,0.00057408,0.00053870,0.12896800,0.55617023,0.78289444,-5.00000000,PASSIVE_BUY
305,100.19379422,100.19866446,0.09847884,0.02062489,-613.26480339,963.53915970,29847.50414137,27432.61747205,0.00057517,0.00053885,-0.09179066,0.54822112,0.82593381,-4.00000000,PASSIVE_BUY
306,100.12009521,100.12097338,0.00280477,0.02039774,-766.34213285,982.27525744,18301.78142751,21990.51692277,0.00058398,0.00054084,-0.03983887,0.54387054,0.91017242,-3.00000000,PASSIVE_BUY
307,100.13605322,100.14231364,0.10206873,0.02010045,603.16129319,802.73835351,32956.37602506,27685.84859833,0.00058369,0.00053963,0.08965702,0.54387054,0.90456193,-2.00000000,PASSIVE_BUY
308,100.18507390,100.18255206,0.12756765,0.02019985,147.68304976,127.95147415,31621.78520875,20091.49829942,0.00058643,0.00054079,0.03306267,0.54387054,0.81662049,-3.00000000,PASSIVE_SELL
309,100.17448472,100.17661106,-0.13680855,0.02043936,-325.31709109,525.96595098,17295.74469257,25453.82872828,0.00058279,0.00053994,-0.05960986,0.52731067,0.88901792,-2.00000000,PASSIVE_BUY
310,100.16267511,100.15869582,-0.28361968,0.02017125,-728.43065438,-543.81970045,19471.82724651,32760.62138885,0.00058294,0.00053908,-0.00122043,0.52731067,0.92272276,-3.00000000,PASSIVE_SELL
311,100.17095559,100.18078202,0.20389495,0.02130265,839.66664521,468.87592844,26331.37850101,23270.79072206,0.00058309,0.00053793,0.02009009,0.50923703,0.89494730,-2.00000000,PASSIVE_BUY
312,100.27064011,100.26925374,-0.30297468,0.02047249,194.34453768,1080.88178349,15275.88505984,32010.79199758,0.00059651,0.00054084,0.09140405,0.50923703,0.70581450,-3.00000000,PASSIVE_SELL
313,100.27487210,100.27199703,0.10739723,0.02021931,379.19575809,884.95571515,29988.64473772,24180.67742923,0.00059620,0.00054067,-0.09545254,0.51592784,0.70322818,-4.00000000,PASSIVE_SELL
314,100.29253955,100.29105107,-0.17306739,0.02103369,631.59047710,2314.99563196,16956.13132291,28262.08417147,0.00057912,0.00053827,0.01343545,0.53342714,0.64307525,-5.00000000,PASSIVE_SELL
315,100.31912299,100.31670927,0.06512422,0.02034518,766.54814010,2167.35780870,30016.28692091,26189.83322354,0.00057644,0.00053755,0.00891599,0.53342714,0.52033065,-6.00000000,PASSIVE_SELL
316,100.25848353,100.26329791,0.25906051,0.02036194,-428.98045030,2399.02472248,34236.52820725,18753.02751278,0.00058319,0.00053517,-0.08722289,0.53693996,0.87017897,-5.00000000,PASSIVE_BUY
317,100.23218174,100.24020241,0.12225129,0.02056362,-471.49418214,2091.37644315,24061.52161318,21950.97899650,0.00058174,0.00053548,0.03433766,0.53693996,0.90635922,-4.00000000,PASSIVE_BUY
318,100.21584711,100.21918769,0.25118587,0.02026651,-601.35937239,1156.89635432,38468.72714493,21645.35009081,0.00058220,0.00053558,0.00996716,0.53661545,0.93327277,-3.00000000,PASSIVE_BUY
319,100.21717573,100.21347086,0.12880664,0.02013350,344.98964295,1112.44350487,31483.50573414,19698.18292589,0.00058217,0.00053513,0.01766325,0.53661545,0.93935368,-4.00000000,PASSIVE_SELL
320,100.29797543,100.28946014,-0.02865346,0.02041301,524.40433587,2164.97736105,32185.48851169,30797.46599974,0.00059250,0.00053405,0.07947109,0.53201875,0.62636137,-5.00000000,PASSIVE_SELL
321,100.28366203,100.29112586,0.11033924,0.02008338,-71.23686825,2548.62216090,24682.39900622,21205.33872466,0.00059079,0.00053215,-0.09511310,0.53201875,0.88039863,-4.00000000,PASSIVE_BUY
322,100.18497925,100.18225998,-0.03092567,0.02034032,-710.81110291,2571.26140875,26100.69810607,27183.38478387,0.00060785,0.00053507,-0.08436937,0.52242999,1.28529989,-5.00000000,PASSIVE_SELL
323,100.26014538,100.25174180,-0.01015285,0.02016147,493.95907849,3146.95761101,25463.97509908,24185.48395625,0.00061522,0.00053703,0.17384890,0.52242999,0.91955000,-6.00000000,PASSIVE_SELL
324,100.32462354,100.32554441,0.12283178,0.02001776,357.53227569,4091.31953663,27589.04839288,20655.64230842,0.00060730,0.00053823,-0.01068796,0.52260137,0.81588247,-5.00000000,PASSIVE_BUY
325,100.26278366,100.25648180,-0.08621164,0.02022252,-586.68898416,3106.72338615,22172.99608149,23472.01011481,0.00061483,0.00053994,-0.12631804,0.52260137,1.13519315,-6.00000000,PASSIVE_SELL
326,100.18925061,100.17999749,-0.14552926,0.02040281,-534.01819373,2755.24170667,20075.30712569,24819.92489444,0.00062404,0.00053856,-0.01169317,0.52260137,1.58659285,-7.00000000,PASSIVE_SELL
327,100.08465779,100.08556911,-0.14134270,0.02002695,-66.73927835,2128.11620259,19656.06770736,23727.32278929,0.00063678,0.00054110,-0.03105977,0.52840991,1.02340461,-6.00000000,PASSIVE_BUY
328,100.10156113,100.10080607,-0.10486529,0.02032299,144.74694008,3001.95897266,28922.15261762,33562.44659122,0.00063224,0.00053151,0.12149617,0.52840991,0.93214603,-7.00000000,PASSIVE_SELL
329,100.09646988,100.09495486,0.09484347,0.02048340,-441.58723073,2965.77029540,37196.08957935,27641.07294655,0.00061779,0.00052887,-0.02199460,0.52840991,0.97802650,-8.00000000,PASSIVE_SELL
330,100.09922123,100.10020191,0.24569235,0.02015993,770.11294364,3345.25181604,35721.46001693,20024.15372358,0.00061762,0.00052877,0.00784261,0.51509287,1.00707194,-7.00000000,PASSIVE_BUY
331,100.12303954,100.12569955,0.12210273,0.02066055,787.29769650,3668.59861362,32022.51527959,22438.38291906,0.00060005,0.00052892,0.02106695,0.50931730,0.99208204,-6.00000000,PASSIVE_BUY
332,100.20395084,100.19992244,0.06390142,0.02016051,425.83207932,3818.14979530,30930.55241534,24062.19993570,0.00061000,0.00052784,0.05709299,0.50931730,0.51669450,-7.00000000,PASSIVE_SELL
333,100.17752397,100.17690006,-0.00895451,0.02042109,-607.75795756,3507.41646127,26820.31219921,28527.39768829,0.00061141,0.00052607,-0.10733817,0.50150943,0.71189315,-8.00000000,PASSIVE_SELL
334,100.18146656,100.18062744,-0.20551922,0.02014204,592.10865485,4846.13018129,20507.03354622,35343.80500629,0.00060306,0.00052573,0.03036946,0.50360504,0.69042345,-9.00000000,PASSIVE_SELL
335,100.24098509,100.23979120,0.01243429,0.02050933,378.93606125,4988.58349118,28469.93370162,31937.90696050,0.00060781,0.00052395,0.05557593,0.50360504,0.16501140,-10.00000000,PASSIVE_SELL
336,100.25270962,100.25335890,-0.03776565,0.02011488,691.35454804,5101.00192227,25780.44847733,26814.21577993,0.00060250,0.00052084,-0.04779399,0.50467737,0.87297440,-9.00000000,PASSIVE_BUY
337,100.23844810,100.24497498,0.04579880,0.02053837,-506.84192670,5135.71318018,25687.08787102,28782.34846536,0.00059720,0.00052012,-0.02598605,0.50467737,0.89581115,-8.00000000,PASSIVE_BUY
338,100.29114992,100.30045955,0.15693439,0.02035028,511.54012258,5139.20658867,29346.09863026,24432.54703854,0.00059039,0.00052030,0.06696333,0.49236692,0.85394278,-7.00000000,PASSIVE_BUY
339,100.26493562,100.26499713,0.08054294,0.02047991,-933.73952486,3623.76250569,29198.24117009,21876.08799661,0.00059201,0.00052042,-0.07891612,0.48887985,1.03744291,-7.00000000,HOLD
340,100.27536555,100.28081664,0.16655440,0.02048415,723.75278066,3761.49642440,22089.51709288,17485.74847833,0.00058125,0.00051983,0.03664423,0.48887985,0.87956764,-6.00000000,PASSIVE_BUY
341,100.23570083,100.22765729,0.00337348,0.02021642,-559.83319818,3975.16868977,29132.20188343,24057.25133438,0.00056712,0.00052020,-0.05009465,0.48887985,1.12766416,-7.00000000,PASSIVE_SELL
342,100.17683864,100.17042138,-0.17424485,0.02013924,-377.15230024,3801.14675271,23595.05766135,31038.86819918,0.00057180,0.00051267,-0.01919747,0.49380163,1.54976909,-8.00000000,PASSIVE_SELL
343,100.18408182,100.18369719,0.07548877,0.02039331,775.03559751,4049.22243333,36707.97761338,26316.32745400,0.00057175,0.00051246,0.06610537,0.50709631,1.50202029,-9.00000000,PASSIVE_SELL
344,100.11510376,100.11657968,-0.03306487,0.02044799,-588.55863255,4232.04192048,27440.52688088,26819.93009519,0.00057030,0.00051408,-0.07622125,0.50709631,1.00076355,-8.00000000,PASSIVE_BUY
345,100.11721775,100.11161333,0.01240452,0.02082637,281.09924770,3777.72333269,30739.24396528,27437.70226580,0.00055454,0.00051190,0.07109206,0.50499275,0.99426479,-9.00000000,PASSIVE_SELL
346,100.04335371,100.05066980,-0.05896242,0.02083865,-198.72622622,3153.43332310,23724.87236004,27752.92639286,0.00055764,0.00051449,-0.07597803,0.50499275,1.07367419,-8.00000000,PASSIVE_BUY
347,99.97946130,99.97708452,0.00780086,0.02037264,-828.58238221,1681.89455928,23607.08911283,23975.52563817,0.00053650,0.00051082,0.00997162,0.52261484,1.59499984,-9.00000000,PASSIVE_SELL
348,100.03092259,100.02132904,-0.06594687,0.02079483,437.47991422,1246.62430914,27112.72228674,25853.37722836,0.00053922,0.00050981,0.11535371,0.52261484,1.14224564,-10.00000000,PASSIVE_SELL
349,100.07894145,100.07483510,0.13913255,0.02002057,642.48327761,1256.59423688,32612.63750330,19353.17721763,0.00051919,0.00050720,-0.00344243,0.53518213,0.67206735,-11.00000000,PASSIVE_SELL
350,100.01267313,100.00547721,0.01042674,0.02129809,-530.91593300,1208.08561605,19983.22673323,20102.56321672,0.00050909,0.00050710,-0.11428718,0.53518213,1.41166793,-12.00000000,PASSIVE_SELL
351,100.11059805,100.10893468,-0.00948011,0.02041904,406.45408227,1404.58101243,32959.44697246,32741.85078457,0.00052309,0.00051175,0.16419324,0.53518213,0.24677840,-13.00000000,PASSIVE_SELL
352,100.15502594,100.14899600,-0.18503176,0.02080352,237.33455383,1740.71048145,19798.74253227,23669.41378245,0.00052019,0.00051136,-0.05349703,0.53921713,-0.32038244,-14.00000000,PASSIVE_SELL
353,100.11097502,100.11236826,-0.24774285,0.02019387,-471.22717216,1728.81645913,16812.29287216,31381.98581583,0.00051436,0.00050914,-0.08847881,0.53351698,0.97438711,-13.00000000,PASSIVE_BUY
354,100.15682815,100.15812503,-0.19764250,0.02023105,612.40656507,1751.44470090,17811.77238958,27467.55872811,0.00051188,0.00050967,0.08990404,0.53351698,0.93842641,-12.00000000,PASSIVE_BUY
355,100.17428020,100.17383500,0.00099104,0.02013699,596.25262825,2960.96213254,27204.76991632,28296.91865084,0.00051042,0.00050890,-0.02840107,0.52987008,0.73907023,-13.00000000,PASSIVE_SELL
356,100.14232692,100.14779272,0.42573486,0.02061769,-490.59722054,3236.70704484,26604.56720449,11177.59962114,0.00050172,0.00050919,-0.04940534,0.52436867,0.95369619,-12.00000000,PASSIVE_BUY
357,100.15467857,100.15478932,0.12921187,0.02086567,575.97403480,3209.51978645,27290.72894593,21708.18480895,0.00050153,0.00050866,0.04430492,0.52436867,0.95041350,-11.00000000,PASSIVE_BUY
358,100.13923544,100.13895690,0.21836289,0.02023647,-881.80624843,2180.03048826,34182.13491381,19694.62606927,0.00049714,0.00050073,-0.02779476,0.52244460,1.13040607,-12.00000000,PASSIVE_SELL
359,100.10176607,100.10685396,0.20640322,0.02015466,-522.39595468,1982.95162467,29005.95701638,19806.12885751,0.00049959,0.00050046,-0.02202625,0.51934058,1.00730673,-11.00000000,PASSIVE_BUY
360,100.15244906,100.15049798,-0.29904121,0.02035061,266.91462340,2978.29690244,20021.76739252,33202.95750004,0.00050463,0.00049407,0.08815236,0.51934058,0.45996914,-12.00000000,PASSIVE_SELL
361,100.09624775,100.10076607,0.11406591,0.02028159,-256.13824051,1882.49201673,19989.65185103,18756.79975999,0.00051048,0.00049472,-0.10688430,0.51657449,1.01810169,-11.00000000,PASSIVE_BUY
362,100.08078748,100.08436738,0.05650755,0.02021804,-514.94292623,1173.20455282,32768.87230231,31049.88259390,0.00048997,0.00049409,0.04074103,0.51657449,1.04398874,-10.00000000,PASSIVE_BUY
363,100.04008210,100.04179160,-0.04571074,0.02013745,-728.72619775,65.28259698,20709.75003023,24454.39506724,0.00049253,0.00049404,-0.02524510,0.52532189,1.09512548,-9.00000000,PASSIVE_BUY
364,100.09933308,100.09699780,-0.20757970,0.02063515,579.53430358,13.22642346,17844.99052453,26791.66887788,0.00049969,0.00049496,0.09995636,0.51736502,0.57218422,-10.00000000,PASSIVE_SELL
365,100.14405279,100.14289915,-0.22172143,0.02083334,613.16458801,-140.15712863,16881.38489991,24077.87227329,0.00050253,0.00049586,-0.01453127,0.51736502,0.13540379,-11.00000000,PASSIVE_SELL
366,100.15827739,100.15497270,-0.02283531,0.02033299,535.46150932,824.28483099,25973.59563526,26539.42180454,0.00049644,0.00049590,-0.03049511,0.51952230,-0.01090026,-12.00000000,PASSIVE_SELL
367,100.18326168,100.18112054,-0.07818225,0.02062993,773.36765585,2069.14666898,21912.95950228,20951.81731565,0.00049661,0.00049566,0.01075970,0.51969607,-0.30039680,-13.00000000,PASSIVE_SELL
368,100.16938918,100.17556754,-0.00899337,0.02062790,-395.66787254,2274.83816883,17989.30043323,21896.93458845,0.00049647,0.00049343,-0.03885680,0.51969607,0.97184454,-12.00000000,PASSIVE_BUY
369,100.24953469,100.24555739,-0.05687071,0.02003143,252.62245408,2182.47097996,29814.21161027,30034.80950657,0.00050923,0.00049653,0.09401802,0.51395387,0.02011412,-13.00000000,PASSIVE_SELL
370,100.15708263,100.15982510,0.16816039,0.02013978,-326.43312660,1331.63351749,32059.89192749,24464.90442218,0.00051245,0.00050047,-0.17259757,0.51395387,0.99456462,-12.00000000,PASSIVE_BUY
371,100.08991987,100.08621970,0.01751351,0.02042529,-660.64681179,742.22357395,31145.74886256,26752.03676935,0.00052009,0.00050169,0.02528931,0.52300269,1.81073032,-13.00000000,PASSIVE_SELL
372,100.05555120,100.05697277,-0.34482783,0.02069426,-431.68130022,1021.35337665,12354.63886318,30895.73472151,0.00050427,0.00050221,0.03279408,0.52300269,1.08944021,-12.00000000,PASSIVE_BUY
373,99.97211295,99.96841791,0.01223645,0.02014928,-616.86305187,-89.46875371,35104.61885609,29712.82865150,0.00050430,0.00050434,-0.04906957,0.53556123,2.10077382,-13.00000000,PASSIVE_SELL
374,100.01756794,100.00936796,-0.08149001,0.02078027,354.79964233,-92.20138707,21626.89137660,19007.15347414,0.00049974,0.00050447,0.12889323,0.53556123,1.52024915,-14.00000000,PASSIVE_SELL
375,100.02204403,100.02164509,0.01527799,0.02003360,917.45027005,1411.93786714,30697.49560642,27378.63330946,0.00049358,0.00050432,-0.04097889,0.53799208,1.46760058,-15.00000000,PASSIVE_SELL
376,100.00852447,100.00565596,0.02668474,0.02055234,-681.92585594,1264.03020492,26309.07826865,23173.72380666,0.00048397,0.00050414,-0.01799566,0.53799208,1.68067014,-16.00000000,PASSIVE_SELL
377,100.05119656,100.04398413,-0.01482334,0.02061783,319.37457917,1650.14406244,29149.66714042,26885.65363138,0.00046616,0.00050506,0.05619165,0.52777346,1.00822559,-17.00000000,PASSIVE_SELL
378,100.07470203,100.07541688,-0.00469676,0.02004071,808.41111671,2313.80823907,19859.77203186,20993.51887212,0.00046675,0.00050424,-0.01916663,0.54031889,1.02771379,-16.00000000,PASSIVE_BUY
379,100.05674460,100.05687920,0.15833363,0.02015108,-788.33050395,1967.06496585,29318.64314461,18616.82518010,0.00046735,0.00050439,-0.04146289,0.54031889,1.05491903,-15.00000000,PASSIVE_BUY
380,100.05556250,100.05944187,-0.02486363,0.02041553,-486.65553161,710.29649059,29558.70813277,34302.86920488,0.00046732,0.00050315,0.01677533,0.55285848,1.06445771,-14.00000000,PASSIVE_BUY
381,99.99721809,100.00313069,-0.03018034,0.02123794,-318.76663137,-395.76783727,25451.34077296,33825.85019604,0.00047276,0.00050482,-0.05716232,0.55285848,1.12807547,-13.00000000,PASSIVE_BUY
382,99.94683400,99.94723174,-0.24954181,0.02000059,-674.32820488,-1495.92812147,18727.54956791,31433.08322859,0.00046209,0.00050506,0.00796033,0.55790493,1.19588395,-12.00000000,PASSIVE_BUY
383,99.94677636,99.94090376,0.02762434,0.02064547,-18.72032970,-906.89049361,26898.19395313,26564.54913752,0.00046114,0.00050506,0.05032646,0.55790493,1.20689827,-13.00000000,PASSIVE_SELL
384,99.89071790,99.89360402,0.00165602,0.02116701,-264.14344491,-1763.14259338,30232.19065558,31097.55569635,0.00046654,0.00050635,-0.05600084,0.56610549,1.24714359,-12.00000000,PASSIVE_BUY
385,99.94851429,99.94981019,0.02859237,0.02052605,653.30193711,-1488.77671752,25633.82019435,22619.70952660,0.00046611,0.00050502,0.11385486,0.56610549,1.20313549,-11.00000000,PASSIVE_BUY
386,99.98713203,99.99583377,0.07436862,0.02044008,678.62527853,-1501.50598703,28751.63555437,26911.10423968,0.00046965,0.00050576,-0.01917865,0.56592092,1.17516764,-10.00000000,PASSIVE_BUY
387,99.95191988,99.95909967,-0.05999413,0.02007403,-335.44263489,-1330.10669522,20189.73523318,25087.93525668,0.00047137,0.00050637,-0.07382989,0.56592092,1.22206404,-9.00000000,PASSIVE_BUY
388,99.94616134,99.95077361,-0.01411124,0.02006999,-203.56183015,-2045.20864794,21914.57263717,21904.59189104,0.00046396,0.00050638,0.02945361,0.56592092,1.23787374,-8.00000000,PASSIVE_BUY
389,99.96865283,99.96142032,-0.13088391,0.02046526,118.32798526,-993.14113782,20659.82731078,26998.65383816,0.00046492,0.00050644,0.02825004,0.56656729,1.06817440,-9.00000000,PASSIVE_SELL
390,99.97763001,99.98705615,0.08348782,0.02025326,698.79900115,-1018.09491734,21547.27703576,19847.25030216,0.00046482,0.00050413,-0.01351432,0.56656729,1.21051465,-8.00000000,PASSIVE_BUY
391,99.98376640,99.98552488,0.12862308,0.02000735,321.94927043,-136.31244873,31323.73718311,25315.00139315,0.00046261,0.00050380,-0.00284078,0.56885092,1.21524260,-7.00000000,PASSIVE_BUY
392,100.00423743,100.00426458,-0.07489817,0.02021311,685.63261173,926.47246324,18389.59479410,22736.03253097,0.00045748,0.00050401,0.01433463,0.56885092,1.07194542,-7.00000000,HOLD
393,99.98165962,99.98992644,-0.23358674,0.02047802,-489.84786996,-338.41100424,14434.75446842,31774.92700269,0.00045799,0.00050386,-0.04304884,0.56341186,1.22617639,-6.00000000,PASSIVE_BUY
394,99.98327745,99.97345636,0.10545427,0.02108805,32.95550942,283.10313774,28015.59570924,16920.37632869,0.00044857,0.00049911,0.02419564,0.56341186,1.22701343,-7.00000000,PASSIVE_SELL
395,99.94059013,99.94147795,-0.02602719,0.02035040,-427.34003257,-425.33614254,25412.29189078,28352.23278674,0.00045200,0.00049974,-0.04430515,0.55800207,1.27076506,-6.00000000,PASSIVE_BUY
396,99.87291595,99.87414002,0.06454710,0.02006828,-712.19641036,-938.80632668,29564.04744920,25364.60713869,0.00045019,0.00050075,-0.02498686,0.55800207,1.34917868,-5.00000000,PASSIVE_BUY
397,99.72322095,99.72350229,0.07650695,0.02045560,-603.98652457,-714.21046904,23916.84852827,22832.11287994,0.00048789,0.00050675,-0.08202082,0.56618134,1.50832683,-4.00000000,PASSIVE_BUY
398,99.71943564,99.72104556,-0.07442974,0.02038791,-676.23571384,-1827.92609710,18488.45217046,28226.33559763,0.00048115,0.00050535,0.14590969,0.58119884,1.52346808,0.00000000,ABORT
399,99.70046752,99.69911462,0.02257662,0.02002394,-723.16381317,-3193.57318788,28906.50682564,27952.84532226,0.00047516,0.00050475,-0.01518280,0.58119884,1.52346808,0.00000000,ABORT
400,99.65358257,99.65217500,0.18852722,0.02068372,-673.36841694,-3336.02567183,38169.82905619,21223.48797406,0.00047116,0.00050548,-0.02791683,0.58695205,1.52346808,0.00000000,ABORT
401,99.62308393,99.62172581,0.02195175,0.02001559,-825.83955840,-4568.31931249,28146.87705222,24517.44665756,0.00044761,0.00050453,0.01638630,0.60346733,1.52346808,0.00000000,ABORT
402,99.70083971,99.69577282,-0.05623574,0.02005631,554.85134045,-4250.80252588,24012.29903845,25707.37059500,0.00045810,0.00050382,0.10825442,0.60346733,1.52346808,0.00000000,ABORT
403,99.63313382,99.63358304,0.01606180,0.02096323,-528.78676238,-4308.36211610,31217.61601539,31161.41532845,0.00046295,0.00050485,-0.14546166,0.61399245,1.52346808,0.00000000,ABORT
404,99.57729856,99.56968666,0.10884862,0.02092630,-739.84329691,-5660.61197809,28717.07927816,18286.06419840,0.00046055,0.00050625,0.01187063,0.61543394,1.52346808,0.00000000,ABORT
405,99.47197380,99.47506083,0.11491484,0.02024267,-115.56872692,-6372.43333326,25383.44173954,19139.25620060,0.00047704,0.00051017,-0.04948950,0.61543394,1.52346808,0.00000000,ABORT
406,99.59820968,99.59546352,-0.11342234,0.02069829,320.39305797,-5561.44305475,21429.65780177,30525.35241514,0.00051539,0.00051552,0.23156064,0.61543394,1.52346808,0.00000000,ABORT
407,99.51500387,99.51217685,-0.03117600,0.02044162,-476.87758907,-6614.29467861,22852.46009259,20176.94842891,0.00052416,0.00051748,-0.20944168,0.59718457,1.52346808,0.00000000,ABORT
408,99.44022706,99.44532097,0.15524348,0.02057996,-202.98730371,-5935.47573389,27501.24635722,23391.62395275,0.00053138,0.00051997,0.00842900,0.59718457,1.52346808,0.00000000,ABORT
409,99.39583658,99.39307271,-0.04539381,0.02042984,-601.50267202,-6014.58245123,28723.38125821,28735.87250424,0.00053211,0.00052075,0.03038633,0.60777757,1.52346808,0.00000000,ABORT
410,99.46127550,99.46194055,-0.06816370,0.02002692,856.45848585,-5425.03858877,25214.28048240,28626.02379712,0.00053622,0.00052217,0.10982940,0.60717976,1.52346808,0.00000000,ABORT
411,99.43564815,99.44162073,0.07231529,0.02009368,-566.00662430,-5734.90697257,31098.15013094,28191.90589017,0.00053311,0.00052067,-0.09106628,0.60717976,1.52346808,0.00000000,ABORT
412,99.41885638,99.41443215,-0.01004032,0.02017931,-838.40293526,-6058.36698159,27768.54443099,24666.43602718,0.00053312,0.00052058,0.00883558,0.61017879,1.52346808,0.00000000,ABORT
413,99.34329944,99.33912664,-0.23188371,0.02083964,-461.72478871,-5791.36557254,18464.23982832,27260.72168843,0.00053902,0.00052301,-0.05876516,0.61017879,1.52346808,0.00000000,ABORT
414,99.39098396,99.39882026,0.21462104,0.02017437,676.01041717,-5694.88945896,31339.51301517,20923.62132629,0.00053620,0.00052198,0.12324145,0.60340663,1.52346808,0.00000000,ABORT
415,99.40340014,99.40786106,-0.02605602,0.02037662,433.60931733,-5874.44472963,13405.32701812,15571.89818826,0.00053100,0.00051892,-0.03526833,0.60340663,1.52346808,0.00000000,ABORT
416,99.41732477,99.41059664,0.07073389,0.02039055,229.67990902,-6180.22632993,31798.31564129,21465.77141800,0.00053098,0.00051813,0.00150845,0.61516869,1.52346808,0.00000000,ABORT
417,99.37401872,99.37884279,0.18727247,0.02025366,-162.21009105,-7115.80407683,26368.00035254,19188.37907031,0.00052937,0.00051669,-0.05723068,0.61516869,1.52346808,0.00000000,ABORT
418,99.34235250,99.34247514,-0.15023231,0.02098959,-462.42580807,-7182.56201236,18224.24069709,27022.90080288,0.00052981,0.00051671,0.01163984,0.61516869,1.52346808,0.00000000,ABORT
419,99.45587723,99.45983900,0.02591260,0.02002692,586.94304155,-6848.24142489,23263.55691306,24099.53266183,0.00054426,0.00052309,0.14519094,0.59824078,1.52346808,0.00000000,ABORT
420,99.50132613,99.50181489,-0.16055779,0.02027518,284.12582913,-6237.68246916,21568.28236128,29833.54729444,0.00053979,0.00051794,-0.06807583,0.59824078,1.52346808,0.00000000,ABORT
421,99.50430618,99.50378379,-0.03589624,0.02013712,422.42044794,-5154.61520944,18668.45753532,22921.67751034,0.00053468,0.00051709,-0.04246885,0.60697043,1.52346808,0.00000000,ABORT
422,99.50714368,99.50772707,-0.00017789,0.02089318,780.68854146,-3942.24536776,23546.30032935,25213.39107124,0.00053407,0.00051616,-0.00014255,0.61271158,1.52346808,0.00000000,ABORT
423,99.42169487,99.42853975,0.12291181,0.02049657,-459.00309359,-3784.38540948,27606.61845401,21685.75464945,0.00053475,0.00051795,-0.08828631,0.61271158,1.52346808,0.00000000,ABORT
424,99.41889618,99.42287216,0.07093966,0.02077897,-270.73644719,-4409.92149900,27514.26097242,25811.71140467,0.00052879,0.00051710,0.08265012,0.61271158,1.52346808,0.00000000,ABORT
425,99.48674715,99.48396809,0.13122156,0.02014029,309.99732003,-5017.37444901,36042.17456928,26092.05655339,0.00054017,0.00051663,0.07064966,0.61646263,1.52346808,0.00000000,ABORT
426,99.50399548,99.50708123,0.04019723,0.02098258,696.95167899,-3638.49691408,27677.77780356,28193.65250626,0.00054158,0.00051675,-0.05060264,0.61646263,1.52346808,0.00000000,ABORT
427,99.60302469,99.60099532,-0.22290973,0.02008044,478.41642692,-3479.45506634,14846.68172817,29251.27234226,0.00055824,0.00052027,0.08178087,0.62787776,1.52346808,0.00000000,ABORT
428,99.65782187,99.66397346,0.07884975,0.02037107,779.38597506,-3508.48020798,29628.38762880,26056.59108488,0.00056362,0.00052135,-0.04423203,0.62720606,1.52346808,0.00000000,ABORT
429,99.63925539,99.63146821,0.12937858,0.02000808,-820.72381424,-3540.87351827,28320.31175605,18690.91889534,0.00056364,0.00052120,-0.07336366,0.62720606,1.52346808,0.00000000,ABORT
430,99.75749207,99.76060295,-0.08313061,0.02009753,756.03005251,-2298.18793415,26562.26857317,34768.64036889,0.00059098,0.00052749,0.13680315,0.62335185,1.52346808,0.00000000,ABORT
431,99.78462863,99.79408799,0.17489533,0.02008651,569.35249865,-1410.06880413,25494.63498170,19697.67527784,0.00058794,0.00052708,-0.09110011,0.62335185,1.52346808,0.00000000,ABORT
432,99.75354885,99.76064946,-0.00165788,0.02004744,-422.44430813,-1158.18490738,24282.04484161,25489.99119904,0.00058553,0.00052747,-0.05821633,0.62335185,1.52346808,0.00000000,ABORT
433,99.66542271,99.66926820,0.13808339,0.02031970,-468.52355232,-1607.98813000,29939.30871596,22460.18026573,0.00059732,0.00053020,-0.05704638,0.61434075,1.52346808,0.00000000,ABORT
434,99.57092427,99.56219061,0.09531964,0.02069368,-489.48715616,-1833.33184125,30893.20958654,26075.55530481,0.00060627,0.00053410,-0.00637229,0.61434075,1.52346808,0.00000000,ABORT
435,99.57405055,99.57470031,0.10720996,0.02045820,609.41477336,-1877.21900500,29026.15612590,23549.75910881,0.00059947,0.00053410,0.09762473,0.61329571,1.52346808,0.00000000,ABORT
436,99.51317846,99.51613829,-0.05445305,0.02014800,-559.06164162,-3114.90592515,22950.65414185,31439.79771174,0.00060039,0.00053567,-0.06399838,0.61329571,1.52346808,0.00000000,ABORT
437,99.44159915,99.44086636,-0.00458208,0.02018749,-685.67149284,-3465.13478310,26020.28436009,25075.91702628,0.00060571,0.00053785,-0.01070722,0.61470978,1.52346808,0.00000000,ABORT
438,99.42788152,99.41911042,-0.02497943,0.02028626,-650.11590501,-3911.68885797,33143.65292441,31250.19443410,0.00060570,0.00053784,0.05786169,0.61470978,1.52346808,0.00000000,ABORT
439,99.42033387,99.42763609,0.04454046,0.02042489,-96.08470588,-4126.10154911,31975.25049706,32989.47150153,0.00060389,0.00053678,0.00616998,0.62795818,1.52346808,0.00000000,ABORT
440,99.36043897,99.36092868,-0.02929570,0.02018524,-616.52731575,-5441.42786601,26975.08752988,30595.15455473,0.00060708,0.00053809,-0.05234725,0.62795818,1.52346808,0.00000000,ABORT
441,99.33240530,99.33473704,-0.07625725,0.02011762,-470.91184124,-6234.28897768,24190.77030933,34923.64120053,0.00060689,0.00053740,0.03186123,0.62831055,1.52346808,0.00000000,ABORT
442,99.37105672,99.36259810,-0.00419651,0.02080337,321.64444087,-6598.27714853,27195.11296830,25382.86106340,0.00060947,0.00053781,0.06668508,0.62831055,1.52346808,0.00000000,ABORT
443,99.40196151,99.39571835,-0.17037699,0.02008239,362.02183220,-5746.40744637,21345.64685675,29842.78395441,0.00061236,0.00053774,-0.00774662,0.62265001,1.52346808,0.00000000,ABORT
444,99.38263019,99.38879793,-0.07380432,0.02044148,-213.96065460,-5993.32361039,24675.35546679,33785.59557236,0.00061216,0.00053761,-0.05023611,0.62265001,1.52346808,0.00000000,ABORT
445,99.43761690,99.44324136,0.06693708,0.02093434,557.31053078,-5008.67304704,22326.88026524,22833.68730264,0.00061770,0.00053919,0.07431804,0.61672555,1.52346808,0.00000000,ABORT
446,99.44967100,99.44858707,-0.05106793,0.02086434,386.52956189,-3909.94707479,25814.02418110,24260.83261401,0.00061289,0.00053897,-0.04293262,0.61672555,1.52346808,0.00000000,ABORT
447,99.40612036,99.40332069,0.03502568,0.02097500,-357.87759596,-3663.83814618,31076.22450028,25357.87808927,0.00058106,0.00053961,-0.05560473,0.61604086,1.52346808,0.00000000,ABORT
448,99.40152403,99.40147702,0.07616380,0.02065860,-315.05799152,-3302.66042386,26732.53227142,20800.91433794,0.00058105,0.00053960,0.03895430,0.61604086,1.52346808,0.00000000,ABORT
449,99.27243614,99.27018540,-0.04298401,0.02041626,-681.64792792,-3261.14453861,19145.50799090,16998.26515035,0.00060609,0.00054599,-0.12449155,0.62079690,1.52346808,0.00000000,ABORT
450,99.35541473,99.35352116,-0.08748904,0.02013310,768.50464030,-1819.27148137,31098.41458402,37034.09040714,0.00061701,0.00054825,0.21206647,0.63148397,1.52346808,0.00000000,ABORT
451,99.29182560,99.28783732,-0.14220435,0.02000439,-692.55974834,-1685.99167131,24391.67406049,30023.90867424,0.00062143,0.00054933,-0.14656772,0.63148397,1.52346808,0.00000000,ABORT
452,99.29419933,99.29788893,-0.06270674,0.02088987,721.46572439,-1519.37728736,26567.91785261,31497.88336700,0.00060973,0.00054935,0.06596286,0.63111678,1.52346808,0.00000000,ABORT
453,99.31374313,99.32177332,0.05594539,0.02009788,652.48215519,-338.10836979,29645.54850171,26495.86641917,0.00060487,0.00054604,0.01717008,0.63111678,1.52346808,0.00000000,ABORT
454,99.29111137,99.29254370,-0.18203987,0.02008617,-809.84946032,-408.11453320,15675.49893095,26628.00053149,0.00060119,0.00054145,-0.04217557,0.62694131,1.52346808,0.00000000,ABORT
455,99.31714251,99.32031786,-0.31537163,0.02012770,532.99879808,240.45299180,17432.32366431,36182.97379765,0.00058545,0.00054175,0.04866290,0.62694131,1.52346808,0.00000000,ABORT
456,99.30453769,99.31152382,0.06616627,0.02004539,-282.80092208,-362.74098826,29416.20387431,27817.19411334,0.00055533,0.00054176,-0.03863596,0.62694330,1.52346808,0.00000000,ABORT
457,99.35504456,99.35587180,-0.12337231,0.02075228,469.01452842,583.15112923,18012.96852164,28302.78535462,0.00054958,0.00054290,0.06311169,0.62093989,1.52346808,0.00000000,ABORT
458,99.37545958,99.37436417,0.01532827,0.02045834,509.60437551,1295.74280845,27027.55425745,26415.91073050,0.00054079,0.00054265,-0.03009184,0.62093989,1.52346808,0.00000000,ABORT
459,99.45930573,99.46277200,0.09521168,0.02058167,633.58728102,2530.83276149,24658.90179692,18856.35356234,0.00055018,0.00054535,0.06343113,0.63870758,1.52346808,0.00000000,ABORT
460,99.41079163,99.41142466,0.06172624,0.02065287,-786.61583882,887.75843682,32323.59482320,27177.26119746,0.00054668,0.00054625,-0.13236026,0.63870758,1.52346808,0.00000000,ABORT
461,99.43902959,99.43376719,-0.00144267,0.02007203,386.39688082,1840.16194194,20435.08294856,18052.48096211,0.00054703,0.00054673,0.07675206,0.63870758,1.52346808,0.00000000,ABORT
462,99.43456126,99.43602889,-0.14343597,0.02031293,-325.84313690,2352.72174029,21583.97018948,31575.87143355,0.00054654,0.00054600,-0.03270629,0.63851400,1.52346808,0.00000000,ABORT
463,99.51338974,99.51584288,-0.11186067,0.02037424,574.98875274,3389.43528174,21198.89023093,29087.25502269,0.00054639,0.00054897,0.08329682,0.62157085,1.52346808,0.00000000,ABORT
464,99.45248792,99.45462723,0.05557335,0.02058224,-542.96985527,2170.45500930,28448.15203233,27984.14760997,0.00054995,0.00054635,-0.13973031,0.62157085,1.52346808,0.00000000,ABORT
465,99.51385281,99.50564282,-0.04937193,0.02017693,325.86441786,2062.71010982,22220.17531455,18668.01122128,0.00055624,0.00054702,0.12226671,0.61896658,1.52346808,0.00000000,ABORT
466,99.51554345,99.51246745,0.09963190,0.02035249,681.55797140,2514.58817221,24357.68753751,17722.93633802,0.00055599,0.00054703,-0.05967425,0.61896658,1.52346808,0.00000000,ABORT
467,99.45351666,99.45187599,0.09752058,0.02004180,-434.46075372,2242.33750954,28230.98132710,17283.15979328,0.00055967,0.00054806,-0.06371743,0.60864693,1.53348898,-1.00000000,PASSIVE_SELL
468,99.50692682,99.50142050,-0.22006298,0.02062236,302.93928910,3007.70260671,18392.75133922,26574.97975978,0.00056225,0.00054944,0.11543695,0.60864693,1.49039000,-2.00000000,PASSIVE_SELL
469,99.43809481,99.44193083,-0.04469053,0.02085124,-294.77895647,2125.98060868,25167.72649411,28003.16860506,0.00054836,0.00055138,-0.12224217,0.59137676,1.57576105,-1.00000000,PASSIVE_BUY
470,99.43769136,99.43246548,0.03468782,0.02048611,-648.42867755,1193.42610200,27586.23400910,23005.63618280,0.00054440,0.00055138,0.06842857,0.59137676,1.58640755,-2.00000000,PASSIVE_SELL
471,99.41764991,99.41655934,0.21539629,0.02079229,-454.19003338,316.81562068,31004.78816199,12779.24112781,0.00054500,0.00055112,-0.01963801,0.58861284,1.63688660,-3.00000000,PASSIVE_SELL
472,99.40888075,99.41262330,0.18644946,0.02004764,-478.81883683,-942.69175761,30987.02712819,20346.99041000,0.00054505,0.00055113,0.01127228,0.58861284,1.60183199,-2.00000000,PASSIVE_BUY
473,99.39685427,99.39524847,-0.23711999,0.02012631,-786.42321265,-1270.11187667,18350.68024430,29214.48836433,0.00053196,0.00055098,-0.00325731,0.59927151,1.63594810,-3.00000000,PASSIVE_SELL
474,99.37792096,99.37478503,-0.06961247,0.02019317,-529.57396820,-1528.94939769,22476.41015163,26247.11062856,0.00053258,0.00054800,-0.00690684,0.60279025,1.70284462,-4.00000000,PASSIVE_SELL
475,99.45606374,99.46558464,0.10995762,0.02001228,708.07950330,-1130.86721441,26288.63230602,24371.31101739,0.00053546,0.00055100,0.09707610,0.60279025,1.54396581,-3.00000000,PASSIVE_BUY
476,99.50626586,99.51165613,-0.02629509,0.02060614,350.08464578,-1477.73424763,21470.29455565,25951.81494823,0.00053968,0.00055219,-0.02794067,0.60279025,1.50347291,-2.00000000,PASSIVE_BUY
477,99.51359238,99.51983006,0.07824179,0.02024278,470.03030209,-1486.12037245,24802.27552879,20154.26670483,0.00052082,0.00055036,-0.04287561,0.60681224,1.50644946,-1.00000000,PASSIVE_BUY
478,99.41431337,99.40541440,-0.02603051,0.02065294,-752.16437765,-3017.67072517,27446.21436082,24829.27797198,0.00053203,0.00055345,-0.10660552,0.60681224,1.61605494,-2.00000000,PASSIVE_SELL
479,99.30918863,99.30342205,-0.24269867,0.02067247,-264.39380907,-2461.34072000,26892.23337221,37586.93343319,0.00055021,0.00055465,-0.00584574,0.59417596,1.83664065,-3.00000000,PASSIVE_SELL
480,99.39656348,99.39345110,-0.15101102,0.02100392,348.74904869,-2868.62172383,22456.33370951,30916.14847534,0.00053780,0.00055821,0.19249959,0.59417596,1.58501807,-4.00000000,PASSIVE_SELL
481,99.39524859,99.39236103,0.04821969,0.02073276,-270.17101761,-3708.14524009,23148.98397459,21942.31968846,0.00053562,0.00055261,-0.08868974,0.59417596,1.60064401,-5.00000000,PASSIVE_SELL
482,99.34973474,99.34906329,-0.10885989,0.02009901,-550.95570511,-3836.65663708,21070.14152137,28779.45691281,0.00053729,0.00055342,-0.04419896,0.58512477,1.83826278,-6.00000000,PASSIVE_SELL
483,99.38560544,99.38097360,-0.09730731,0.02013111,643.90727657,-2724.22580818,28355.35158630,28461.24294696,0.00052828,0.00055411,0.08138456,0.57630599,1.63310411,-7.00000000,PASSIVE_SELL
484,99.35063980,99.35090600,0.16473820,0.02021562,-382.33450313,-2617.07315514,29017.47774811,25343.30420799,0.00051455,0.00055273,-0.07083635,0.57630599,1.51764506,-6.00000000,PASSIVE_BUY
485,99.36074282,99.36599164,-0.14115431,0.02022978,503.02841183,-2723.45951667,22691.43182654,37333.09702941,0.00051485,0.00055281,0.04506867,0.57346712,1.51762151,-5.00000000,PASSIVE_BUY
486,99.32306304,99.32054303,0.25289177,0.02117126,-733.94827846,-2898.34615351,27099.89775185,12496.23489692,0.00051073,0.00055140,-0.04778281,0.57346712,1.71660605,-6.00000000,PASSIVE_SELL
487,99.31022978,99.30938334,0.05688910,0.02022384,-584.61794929,-2797.29260995,29314.62154723,24669.51407662,0.00050158,0.00055026,0.02484652,0.57480611,1.80371756,-7.00000000,PASSIVE_SELL
488,99.23293257,99.22780381,-0.14338942,0.02024275,-462.07322546,-2609.24993040,21282.47139815,25205.96788394,0.00051234,0.00054923,-0.06446394,0.57480611,2.35491939,-8.00000000,PASSIVE_SELL
489,99.22293884,99.22154675,-0.03563998,0.02059132,-321.11586618,-2834.28109070,25593.00640189,27378.15206768,0.00051238,0.00054922,0.06730348,0.58189665,2.44516486,-9.00000000,PASSIVE_SELL
490,99.23521554,99.23640331,-0.16724152,0.02003845,468.96522104,-1748.78855391,27201.00397778,33015.13589489,0.00050648,0.00054583,0.02227042,0.58189665,1.58322570,-8.00000000,PASSIVE_BUY
491,99.25009276,99.25175615,0.03040608,0.02040859,618.21714332,-659.65956935,26701.40021083,23002.56476375,0.00050571,0.00054210,0.00260052,0.59586412,1.57725728,-7.00000000,PASSIVE_BUY
492,99.28090156,99.28711506,-0.11109533,0.02027829,697.70866102,-283.59534921,18590.47607715,25981.25052197,0.00050457,0.00054229,0.01593159,0.59586412,1.55697852,-6.00000000,PASSIVE_BUY
493,99.21815359,99.22055362,0.02724912,0.02026552,-548.35019034,-1193.96737175,24583.81493692,21801.53646835,0.00050952,0.00054383,-0.09355677,0.58281249,1.62989117,-5.00000000,PASSIVE_BUY
494,99.22654225,99.23137689,0.17274556,0.02029919,464.81460475,-515.19211239,30421.60500586,22872.60479548,0.00050929,0.00054160,0.07113663,0.58281249,1.63158476,-4.00000000,PASSIVE_BUY
495,99.21282714,99.22005019,-0.10185420,0.02006380,-324.55255654,-1397.05519970,19578.85902497,27228.00821938,0.00050257,0.00053694,-0.02210376,0.58281249,1.65568486,-3.00000000,PASSIVE_BUY
496,99.32487213,99.31553433,-0.08485145,0.02095267,55.18718695,-1728.39757464,26569.82120427,30623.57301241,0.00052838,0.00054123,0.12576009,0.57387779,1.33002624,-4.00000000,PASSIVE_SELL
497,99.30346831,99.30150883,-0.20435873,0.02004601,-431.79140651,-1802.31138519,21911.93945539,31060.46332350,0.00052581,0.00053408,-0.13344880,0.57387779,1.42566450,-5.00000000,PASSIVE_SELL
498,99.32592664,99.32424112,-0.20443492,0.02040775,732.85407148,-754.39932219,18361.69792070,25721.81352869,0.00052693,0.00053364,0.04386214,0.55584852,1.32357673,-6.00000000,PASSIVE_SELL
499,99.36887661,99.36909758,-0.18469861,0.02066448,602.21796109,529.46656681,21612.06855121,31654.92158401,0.00049746,0.00052843,0.02049164,0.55584852,1.54113433,-5.00000000,PASSIVE_BUY
500,99.41487011,99.42156386,0.10169118,0.02070157,533.75903134,294.72095786,30113.42566618,28278.97940242,0.00048788,0.00052537,0.00304352,0.54838947,1.50541743,-4.00000000,PASSIVE_BUY
501,99.47409185,99.47503539,0.02470614,0.02010733,447.67505928,1434.95576549,20563.46027183,21198.20952837,0.00048551,0.00052578,0.01322824,0.54838947,1.45714072,-3.00000000,PASSIVE_BUY
502,99.45576819,99.44818225,-0.17056702,0.02023535,-658.08850786,55.40153323,22386.01267377,25256.46920933,0.00048649,0.00052417,-0.07754540,0.54427480,1.52222938,-4.00000000,PASSIVE_SELL
503,99.37825715,99.37447618,-0.28625361,0.02046871,-537.30744336,-1134.38806531,23261.18438568,37311.42009623,0.00049894,0.00052464,-0.05918738,0.54142407,1.84250789,-5.00000000,PASSIVE_SELL
504,99.40477296,99.41228415,0.23108117,0.02048778,840.10082414,515.56221914,28913.36268673,20885.37696582,0.00049897,0.00052327,0.10402685,0.54142407,1.50109547,-4.00000000,PASSIVE_BUY
505,99.44690957,99.44572554,-0.04647419,0.02014685,225.87124552,208.43466659,27931.06161985,25682.61972856,0.00050103,0.00052387,0.01562080,0.54142407,1.34262246,-5.00000000,PASSIVE_SELL
506,99.43819854,99.43235982,-0.18421372,0.02077743,-457.68542611,33.55016256,23519.91708519,33078.54493852,0.00050082,0.00052154,-0.05084763,0.54788279,1.39656631,-6.00000000,PASSIVE_SELL
507,99.38980495,99.38765038,0.02633292,0.02009442,-294.60170022,-730.06606609,30962.66485080,30227.68807423,0.00050107,0.00052233,-0.03968257,0.54788279,1.69697509,-7.00000000,PASSIVE_SELL
508,99.44217022,99.43729742,-0.02205670,0.02001943,278.26583706,-961.40460453,29231.53630534,26898.40544722,0.00050561,0.00052252,0.10075887,0.54788279,1.34042789,-8.00000000,PASSIVE_SELL
509,99.36976385,99.37359889,-0.10143307,0.02058562,-197.23496743,-1792.22685298,17746.58233918,24574.59047632,0.00050188,0.00052477,-0.12477164,0.54121651,1.52751515,-7.00000000,PASSIVE_BUY
510,99.37951623,99.38035272,-0.02334154,0.02053708,556.26314117,-449.34787298,15983.33693238,18091.87249530,0.00049759,0.00052483,0.08215875,0.54265210,1.52817692,-6.00000000,PASSIVE_BUY
511,99.46846679,99.46101295,-0.17489851,0.02008144,386.92784009,-448.81691371,23299.17136711,26833.21536649,0.00051186,0.00052889,0.07919818,0.54265210,1.00451428,-7.00000000,PASSIVE_SELL
512,99.53690336,99.53226510,0.07102224,0.02004492,329.74269422,206.76891741,30036.92927002,23872.70339273,0.00052061,0.00052633,-0.02051398,0.54265210,0.53548071,-8.00000000,PASSIVE_SELL
513,99.49447690,99.49038906,0.01188443,0.02080600,-493.02560936,-861.24544469,25582.64063461,20712.21977425,0.00051236,0.00052702,-0.11086304,0.52980642,0.88529545,-9.00000000,PASSIVE_SELL
514,99.49543024,99.49543629,0.02260374,0.02066216,797.21132836,478.93573895,23470.61307078,24546.50513584,0.00050494,0.00052681,0.04337981,0.54313127,0.87671538,-9.00000000,HOLD
515,99.49198474,99.49350359,-0.24495810,0.02008081,-795.37056673,-642.29924564,16097.07029989,29277.84824328,0.00049742,0.00052637,-0.00439884,0.54313127,1.44372051,-8.00000000,PASSIVE_BUY
516,99.47349311,99.47585680,0.03360137,0.02011783,-705.03371490,-2028.89093194,25535.46273228,23871.92028013,0.00049806,0.00052495,-0.01504612,0.54172853,1.47214150,-7.00000000,PASSIVE_BUY
517,99.43451813,99.44343277,-0.07837691,0.02031381,-387.44989624,-1981.88007446,19534.93168911,26797.03929384,0.00049337,0.00052531,-0.02048336,0.54172853,1.52068543,-6.00000000,PASSIVE_BUY
518,99.30478674,99.30603842,-0.06801635,0.02004653,-625.53580542,-2910.35516897,26233.68175709,31057.03169264,0.00051971,0.00053278,-0.09075641,0.55794323,1.66110830,-5.00000000,PASSIVE_BUY
519,99.32932335,99.32893952,-0.01885591,0.02075137,787.59975723,-1827.97645527,32454.09807431,31548.31582602,0.00051276,0.00053316,0.15426801,0.54830480,1.54880094,-6.00000000,PASSIVE_SELL
520,99.31598319,99.32085466,0.12654800,0.02016152,-465.96017078,-1645.50794850,32791.99276251,25623.10089937,0.00051299,0.00052978,-0.03787676,0.54830480,1.65717111,-5.00000000,PASSIVE_BUY
521,99.32593291,99.32472455,0.09733578,0.02024827,423.10864250,-768.20927262,33562.30029220,24550.66569783,0.00051265,0.00052984,0.02328987,0.54104062,1.61754665,-6.00000000,PASSIVE_SELL
522,99.28302002,99.28450472,-0.19256538,0.02007418,-613.08512126,-902.47555704,24169.39970636,36312.05587577,0.00051584,0.00052638,-0.05286262,0.54021409,1.69533474,-5.00000000,PASSIVE_BUY
523,99.22654820,99.22760790,0.11647285,0.02100244,-516.40631375,-632.45865814,36320.06358119,30224.89692302,0.00052128,0.00052463,-0.01355892,0.54021409,1.76045126,-4.00000000,PASSIVE_BUY
524,99.35503550,99.35262840,-0.27546415,0.02031161,523.93001100,421.04532107,13740.73216568,26158.05687395,0.00055286,0.00053092,0.18495911,0.52715907,1.25665789,-5.00000000,PASSIVE_SELL
525,99.35152682,99.35117327,0.05909818,0.02027735,-630.78628567,-917.82046791,29572.47027437,25065.93528016,0.00054120,0.00052939,-0.13199597,0.51917069,1.28433997,-6.00000000,PASSIVE_SELL
526,99.34203690,99.34118655,0.03175582,0.02044324,-733.57526069,-2001.48037438,23317.48556545,20089.12553665,0.00053604,0.00052715,-0.00598123,0.51917069,1.35150107,-7.00000000,PASSIVE_SELL
527,99.37975056,99.37761116,0.01603885,0.02029085,655.32332934,-1816.18734713,23111.47409992,19672.43438246,0.00053896,0.00052317,0.04720357,0.51894272,1.09765090,-8.00000000,PASSIVE_SELL
528,99.35705331,99.36462356,0.09702780,0.02045847,-278.70006781,-1342.72303728,28133.98214719,25495.77829943,0.00052172,0.00052314,-0.06041090,0.51894272,1.67567733,-7.00000000,PASSIVE_BUY
529,99.38529002,99.38362002,0.08424479,0.02053088,113.71077230,-964.61845590,28684.43096984,24418.51773720,0.00050131,0.00052363,0.05093395,0.51894272,1.48828585,-8.00000000,PASSIVE_SELL
530,99.40127606,99.39363711,-0.10593521,0.02034847,135.80209005,-1177.56541454,27408.22890958,28560.08494972,0.00048641,0.00052380,-0.01225065,0.51287270,1.37057170,-9.00000000,PASSIVE_SELL
531,99.37065101,99.37197355,-0.25358040,0.02046137,-311.60310729,-1218.99750422,15942.76131801,29617.56418629,0.00048834,0.00052379,-0.04661111,0.51287270,1.66443552,-8.00000000,PASSIVE_BUY
532,99.44450830,99.44263925,0.02815088,0.02035352,602.57091350,-65.47088561,20962.73593045,19036.52787282,0.00049495,0.00052329,0.10448236,0.50744104,1.08375389,-9.00000000,PASSIVE_SELL
533,99.50845210,99.51058946,-0.07192626,0.02102480,983.27662760,273.89846542,18919.30865115,28155.02855335,0.00050039,0.00052524,-0.00991351,0.50329905,1.53513629,-8.00000000,PASSIVE_BUY
534,99.55075772,99.55173383,0.02852282,0.02042649,710.65128412,1366.88425267,22450.47258627,21034.27477214,0.00050052,0.00052621,-0.02163817,0.50089028,1.50513799,-7.00000000,PASSIVE_BUY
535,99.58055696,99.58232016,0.11031870,0.02015601,500.00903480,1363.86487563,28448.20373403,22845.91001346,0.00050176,0.00052487,-0.01250639,0.50089028,1.48622821,-6.00000000,PASSIVE_BUY
536,99.55639236,99.56525173,0.03521264,0.02030022,-206.70245934,1891.11069475,26977.19948151,29417.61771185,0.00049982,0.00052496,-0.05396385,0.48337240,1.52018240,-5.00000000,PASSIVE_BUY
537,99.63158229,99.62983624,0.18446378,0.02005169,323.47536419,2799.20400823,24743.92529594,15419.02551136,0.00050883,0.00052785,0.09935453,0.48337240,1.15425859,-6.00000000,PASSIVE_SELL
538,99.64321959,99.64080768,0.10073168,0.02067159,684.97246759,3946.24970128,37485.11253041,24522.89464994,0.00049439,0.00052649,-0.06355263,0.49414829,1.09477057,-7.00000000,PASSIVE_SELL
539,99.57744355,99.57933562,0.10612750,0.02000521,-596.81538804,3670.55017942,30816.07574678,24968.05605173,0.00050464,0.00052810,-0.07741334,0.49772352,1.51867277,-6.00000000,PASSIVE_BUY
540,99.56293972,99.56393261,-0.30324793,0.02035373,-683.77859835,2517.80636004,14273.79356679,25677.63609211,0.00050549,0.00052807,0.05127221,0.49772352,1.54248215,-5.00000000,PASSIVE_BUY
541,99.56441603,99.57182877,0.07719469,0.02052352,508.00864935,2407.59786608,25804.61704656,24989.35981430,0.00050540,0.00052746,0.01598014,0.49242621,1.55092803,-4.00000000,PASSIVE_BUY
542,99.58776315,99.58713098,0.06413010,0.02026561,339.53831765,2049.42752271,33241.84494407,27995.70253107,0.00050476,0.00052633,0.02187080,0.49242621,1.46767238,-5.00000000,PASSIVE_SELL
543,99.63131491,99.63339043,-0.18498909,0.02013509,643.82190562,3241.59961867,22272.22585828,31828.42529164,0.00049751,0.00052731,0.02020465,0.49228486,1.49336013,-4.00000000,PASSIVE_BUY
544,99.63750426,99.63370711,-0.05953691,0.02005217,401.83214101,3178.61715492,26755.72883144,24215.55864380,0.00049752,0.00052526,-0.03736241,0.49228486,1.47862880,-5.00000000,PASSIVE_SELL
545,99.68285516,99.68537296,0.22017655,0.02025838,779.49109962,4282.66081108,31217.81811375,20424.36109854,0.00049918,0.00052634,0.03916154,0.50124900,1.44689154,-4.00000000,PASSIVE_BUY
546,99.75637520,99.75873155,-0.09892290,0.02004244,604.12487086,4831.59849498,26842.81435521,34621.78686443,0.00048579,0.00052659,0.02816914,0.51981914,1.38371664,-3.00000000,PASSIVE_BUY
547,99.73819580,99.74163864,-0.17855911,0.02011040,-531.08402246,4732.30587904,18857.58501485,32681.52655403,0.00048540,0.00052486,-0.09169943,0.51981914,1.41188327,-2.00000000,PASSIVE_BUY
548,99.75755033,99.75747725,-0.08486450,0.02093669,238.84534552,4238.29715307,21624.61163596,26257.79622299,0.00048524,0.00052374,0.03753393,0.51981914,1.37317420,-2.00000000,HOLD
549,99.67497812,99.67461242,0.13041158,0.02101018,-384.21276217,3251.86642981,22579.59374755,16013.43946387,0.00049917,0.00052570,-0.10192675,0.52895723,1.54882373,-3.00000000,PASSIVE_SELL
550,99.61765233,99.61501931,0.02280719,0.02118112,-661.25448343,2056.85291504,34247.81866603,29760.16859361,0.00050362,0.00052520,0.02524643,0.52895723,1.73139164,-4.00000000,PASSIVE_SELL
551,99.58647270,99.58530558,0.08870878,0.02030110,-670.27311968,938.90473608,26148.74700806,17710.57975841,0.00049965,0.00052081,0.02614616,0.54326739,1.86626070,-5.00000000,PASSIVE_SELL
552,99.59810022,99.59309028,-0.08342539,0.02038994,587.56830474,2184.56154868,21760.69388967,25168.70291837,0.00049893,0.00051984,0.04280715,0.53102899,1.81831808,-6.00000000,PASSIVE_SELL
553,99.63955349,99.64101360,-0.08799585,0.02014147,696.76111969,3418.63011174,23014.05542445,31811.92464716,0.00048816,0.00051996,0.02982575,0.53102899,1.41464486,-5.00000000,PASSIVE_BUY
554,99.69435806,99.69080210,0.28662043,0.02077684,332.60996610,2911.13925370,35164.01737298,15715.40029704,0.00049224,0.00052042,0.01335130,0.52727183,1.15101043,-6.00000000,PASSIVE_SELL
555,99.74891821,99.75039171,0.27665187,0.02033147,767.63208236,3452.90009054,25269.13390676,13173.16702508,0.00049437,0.00052179,-0.00024442,0.52727183,1.31744410,-5.00000000,PASSIVE_BUY
556,99.75877742,99.75756232,-0.02217078,0.02031370,608.31191903,4518.89743568,25338.98540987,24205.70404614,0.00049394,0.00052143,-0.04470095,0.52859524,1.27830492,-6.00000000,PASSIVE_SELL
557,99.79146536,99.78499561,-0.17216141,0.02007413,429.82521395,5243.32434985,25777.38775576,34333.75885222,0.00048889,0.00052191,0.02282874,0.52859524,1.09221430,-7.00000000,PASSIVE_SELL
558,99.78062586,99.78325475,-0.13053566,0.02021423,-252.27213910,4712.78637369,17285.70384233,25453.14604871,0.00048538,0.00052186,-0.04352745,0.53321595,1.28913979,-6.00000000,PASSIVE_BUY
559,99.78991761,99.78705467,-0.11205337,0.02009425,425.37092458,5335.39226570,22592.72955535,31611.07787151,0.00047186,0.00052131,0.02013126,0.54403930,1.24343639,-7.00000000,PASSIVE_SELL
560,99.76569808,99.77089885,0.25068198,0.02029090,-330.32215812,4448.80696641,33152.84681835,18368.74748548,0.00047407,0.00052023,-0.03351128,0.54403930,1.30808245,-6.00000000,PASSIVE_BUY
561,99.78018933,99.78566766,0.01107167,0.02022496,181.73575861,4243.61488492,24272.07723707,23595.42381334,0.00045963,0.00051894,0.03871077,0.54403930,1.30386854,-5.00000000,PASSIVE_BUY
562,99.86716355,99.86979009,0.03269334,0.02002733,150.82455366,4064.69674437,28052.96814700,25953.17713714,0.00046530,0.00052260,0.07248298,0.54403930,1.22730323,-4.00000000,PASSIVE_BUY
563,99.85311413,99.85853811,-0.00305808,0.02031911,-137.95241718,4419.76993655,28597.82798016,31114.16958857,0.00046095,0.00052193,-0.10102364,0.54403930,1.25107455,-3.00000000,PASSIVE_BUY
564,99.87092660,99.87114181,-0.02586471,0.02018664,329.91246036,3952.47106854,20262.48988206,18628.49991580,0.00046110,0.00052036,0.03186189,0.54616270,1.24348787,-2.00000000,PASSIVE_BUY
565,99.85996272,99.86595614,0.01230158,0.02125976,-415.67774214,4332.16389314,23274.71614466,25987.07524935,0.00046158,0.00051939,-0.02877635,0.54616270,1.26454506,-1.00000000,PASSIVE_BUY
566,99.85841545,99.86168800,-0.12462964,0.02006027,-485.65234817,4551.54525986,20792.06543172,30906.66358784,0.00046028,0.00051927,0.00941661,0.55286407,1.27612247,0.00000000,PASSIVE_BUY
567,99.93258513,99.93851986,0.13344701,0.02134311,555.17234942,5494.16750552,27943.64004495,23072.47661284,0.00046453,0.00052168,0.07571695,0.55286407,1.28679402,1.00000000,PASSIVE_BUY
568,99.90894014,99.90540559,0.04113545,0.02018449,-875.04010621,5244.66320473,31894.53697518,25268.10716804,0.00042201,0.00052185,-0.09781466,0.54078939,1.27324128,0.00000000,PASSIVE_SELL
569,99.90114926,99.90889720,0.18708343,0.02014397,-255.28221225,4201.78123525,26727.85931787,23065.97007551,0.00042252,0.00051867,0.01585411,0.54078939,1.28331326,1.00000000,PASSIVE_BUY
570,99.92040612,99.91697642,-0.04433846,0.02068307,218.96538140,4886.70678743,28355.91191572,28912.36026127,0.00042115,0.00051489,0.02704774,0.52231207,1.31291166,0.00000000,PASSIVE_SELL
571,99.95496409,99.95441218,-0.00417191,0.02093045,735.68621813,5199.28436306,26677.83251695,26088.89681822,0.00042230,0.00051338,0.01530111,0.51646575,1.32337689,-1.00000000,PASSIVE_SELL
572,99.92726005,99.92723683,0.13922263,0.02092628,-466.72251968,5345.64696464,32607.80681008,24306.58357141,0.00041875,0.00051318,-0.06226201,0.51646575,1.35108093,-1.00000000,HOLD
573,99.88859402,99.88050133,0.06395714,0.02025091,-388.77378458,5473.27949381,28015.99881013,21224.24541320,0.00041342,0.00051054,-0.01096199,0.51646575,1.39987241,-2.00000000,PASSIVE_SELL
574,100.02269877,100.02391997,0.00526793,0.02033023,716.94063990,5666.29012270,28899.75369765,28279.04975136,0.00041614,0.00051830,0.17277078,0.50244095,1.22228729,-1.00000000,PASSIVE_BUY
575,100.05242935,100.05301996,0.30159961,0.02037589,631.17426549,6928.25067386,31490.63055831,15396.10291523,0.00041603,0.00051871,-0.10437417,0.50953374,1.20274466,0.00000000,PASSIVE_BUY
576,99.99185727,99.98523077,-0.21964029,0.02027547,-776.15899396,6885.66694059,19571.11328627,26242.73690149,0.00042779,0.00052039,-0.09030265,0.50953374,1.21288239,-1.00000000,PASSIVE_SELL
577,100.02898362,100.03485229,0.03979638,0.02036278,653.75025021,6884.09386147,28908.91524959,24100.03850681,0.00042769,0.00052018,0.09769842,0.50953374,1.18593743,0.00000000,PASSIVE_BUY
578,100.04076650,100.03720138,0.27461612,0.02018307,197.37468205,7360.16861132,36072.69836388,19058.00557762,0.00042462,0.00051998,-0.02534347,0.50167985,1.19602897,-1.00000000,PASSIVE_SELL
579,100.03427308,100.04077491,0.04587153,0.02018977,-197.45448540,7049.00335362,29337.48224406,29350.40566982,0.00042502,0.00051985,-0.01827629,0.50167985,1.21261727,0.00000000,PASSIVE_BUY
580,100.08414852,100.08804492,0.02252979,0.02058948,459.22502060,7372.42628418,24712.59302759,27076.71634454,0.00042812,0.00052104,0.05636886,0.50080591,1.22291201,1.00000000,PASSIVE_BUY
581,99.99866327,99.99910257,-0.00184171,0.02010948,-731.18145335,6952.84793812,27738.48754100,30911.98572475,0.00044594,0.00052291,-0.13536069,0.50080591,1.14748150,2.00000000,PASSIVE_BUY
582,100.04486185,100.04521157,-0.17470837,0.02094436,790.34429554,7140.62132016,19614.91745155,26866.57016303,0.00043986,0.00052269,0.13168382,0.50292791,1.25035083,3.00000000,PASSIVE_BUY
583,100.04529706,100.04929118,-0.06306408,0.02097409,710.81851936,6868.16321191,22153.45008038,24978.37778589,0.00043373,0.00052269,-0.04576336,0.49191284,1.26214352,4.00000000,PASSIVE_BUY
584,99.97070194,99.96692022,-0.06189514,0.02037536,-565.00061019,5592.51131760,22525.25120105,25381.16689566,0.00044736,0.00052385,-0.07503034,0.49191284,1.13002835,3.00000000,PASSIVE_SELL
585,99.92647553,99.92935994,0.29388126,0.02015486,-276.33808433,4816.16419847,27893.25906518,16555.97798068,0.00045225,0.00052320,0.03036871,0.48670541,1.00742655,4.00000000,PASSIVE_BUY
586,99.92463072,99.92662624,0.00249909,0.02013271,-583.26538430,4439.60127351,25466.29051972,28495.40716286,0.00045024,0.00052248,0.04238161,0.48670541,1.01011369,5.00000000,PASSIVE_BUY
587,99.89669033,99.89831288,0.13796516,0.02008822,-814.64178649,3301.48412282,25424.72641925,20705.63507015,0.00044217,0.00052227,-0.02609559,0.48692043,0.88045584,6.00000000,PASSIVE_BUY
588,99.88924250,99.89450807,0.04629875,0.02044863,-528.47087574,2088.04077949,27825.46259150,26984.54175884,0.00044243,0.00052228,0.02049256,0.48692043,0.84599319,7.00000000,PASSIVE_BUY
589,99.83592899,99.82894199,0.02470632,0.02040965,-422.58214071,2262.27402682,28508.65795291,24420.84703525,0.00043871,0.00052336,-0.04586569,0.50395309,1.01131116,6.00000000,PASSIVE_SELL
590,99.71077455,99.70175960,-0.04802802,0.02028400,-474.96566559,2471.08695957,32559.57268303,27433.58809063,0.00047468,0.00053066,-0.07184092,0.50395309,0.89661283,5.00000000,PASSIVE_SELL
591,99.71018915,99.71429098,0.00376668,0.02041589,-212.44625306,1750.63205716,28987.35584232,31273.84413050,0.00047470,0.00053063,0.12456904,0.51464442,0.90389379,6.00000000,PASSIVE_BUY
592,99.79969874,99.80046040,0.19989927,0.02030211,635.51666403,2046.61040353,31195.12437267,21160.40805209,0.00048927,0.00053430,0.09009499,0.52464186,1.45110240,7.00000000,PASSIVE_BUY
593,99.78210918,99.78112221,-0.10561381,0.02021296,-794.92671187,607.86178604,18580.32657214,26672.88730190,0.00048691,0.00053421,-0.10709916,0.52464186,0.95116937,6.00000000,PASSIVE_SELL
594,99.81015651,99.81878395,0.08219060,0.02056964,480.40689160,686.43653663,19252.22818014,18621.45135883,0.00048816,0.00053460,0.04563690,0.52464186,1.12973820,7.00000000,PASSIVE_BUY
595,99.73378457,99.72936026,0.14240506,0.02075179,-391.06527537,-484.11983836,31238.13134716,20506.68849717,0.00049696,0.00053645,-0.10441927,0.52585678,0.90040399,6.00000000,PASSIVE_SELL
596,99.72931585,99.72950154,-0.05453474,0.02021775,-497.76873222,-1586.01344143,23112.78466577,25442.91828614,0.00048602,0.00053437,0.07190322,0.52585678,0.88370054,7.00000000,PASSIVE_BUY
597,99.73759416,99.73082360,-0.10206321,0.02021426,464.42414589,-590.50527308,25142.62243020,23942.30167622,0.00048551,0.00052382,0.01274703,0.52505869,0.90912218,6.00000000,PASSIVE_SELL
598,99.75456000,99.76194313,0.17916888,0.02030187,824.48772221,-4.86289639,28755.31360365,20854.81475810,0.00048533,0.00052395,0.00868753,0.52505869,1.02106815,7.00000000,PASSIVE_BUY
599,99.71678503,99.71275229,-0.01433011,0.02041251,-941.39585934,-562.04599356,32697.78028355,27313.75448747,0.00047395,0.00052446,-0.05474081,0.51708650,0.88828773,6.00000000,PASSIVE_SELL
600,99.73248282,99.72998977,0.02557457,0.02033780,656.58516015,755.79365001,30553.95129238,29326.82960203,0.00046695,0.00052351,0.05347276,0.51715767,0.91434121,5.00000000,PASSIVE_SELL
601,99.70767434,99.71461291,-0.05639239,0.02015922,-265.11507418,1160.95169551,23072.59966627,34500.18339192,0.00046611,0.00052336,-0.04050626,0.51715767,0.80037845,6.00000000,PASSIVE_BUY
602,99.70217155,99.70092484,0.17164267,0.02047385,-679.69522354,-106.31183277,31856.79936640,20956.26505106,0.00046605,0.00052047,0.01930569,0.52622780,0.89126733,5.00000000,PASSIVE_SELL
603,99.84349001,99.83836527,-0.24061053,0.02068006,296.86694839,-506.20600407,19844.65087148,36473.37213748,0.00050262,0.00052774,0.14682124,0.52622780,1.04251340,4.00000000,PASSIVE_SELL
604,99.89994572,99.89894843,0.03217028,0.02002088,322.80862559,-516.00734458,31777.47730584,27607.63769168,0.00050294,0.00052762,-0.08486274,0.52622780,1.10996831,3.00000000,PASSIVE_SELL
605,99.84398942,99.84554969,-0.00662746,0.02056090,-309.90612899,-1593.54555593,22546.01535787,23932.59100624,0.00050455,0.00052370,-0.11241200,0.52622780,0.95237989,4.00000000,PASSIVE_BUY
606,99.83295450,99.83781364,0.14698408,0.02053306,-241.75190773,-2443.60938269,30806.62384114,25806.11866826,0.00050474,0.00051623,0.04492137,0.51328526,0.91850672,5.00000000,PASSIVE_BUY
607,99.89991193,99.90084336,0.19535057,0.02001061,545.88773720,-2327.54685944,25277.32026798,19289.46082109,0.00051123,0.00051480,0.07799236,0.52454508,1.26329919,6.00000000,PASSIVE_BUY
608,99.86493437,99.86928292,-0.13071900,0.02040697,-625.01255564,-2700.28727598,24467.53918016,36862.35466949,0.00051358,0.00051256,-0.10193499,0.52454508,1.06363732,7.00000000,PASSIVE_BUY
609,99.86971607,99.87355456,0.02967461,0.02022907,601.52124440,-2524.13695616,28631.05488264,26485.14029427,0.00051348,0.00051149,0.03975925,0.51116624,1.10722371,8.00000000,PASSIVE_BUY
610,99.87267295,99.87390026,-0.11579274,0.02034802,302.38807586,-1891.42672218,22746.75336739,26015.45595782,0.00051215,0.00050951,-0.00182481,0.51116624,1.14105278,9.00000000,PASSIVE_BUY
611,99.84216467,99.84398892,0.16591789,0.02029642,-313.43175556,-2386.59423635,29579.21956578,21690.89012077,0.00051386,0.00050965,-0.03346517,0.50012400,0.87662643,10.00000000,PASSIVE_BUY
612,99.86104893,99.86042453,-0.00085379,0.02105990,320.17371233,-2217.24507768,22189.32280269,22150.50462565,0.00049973,0.00050961,0.04939255,0.50012400,1.04830699,9.00000000,PASSIVE_SELL
613,99.79082021,99.78689284,0.11735849,0.02039721,-307.73321433,-2387.02587482,25889.84097833,19375.09569363,0.00050900,0.00050919,-0.08911299,0.50012400,0.99092763,8.00000000,PASSIVE_SELL
614,99.77611902,99.77525497,-0.18033351,0.02037201,-463.93891254,-3180.87724773,18253.63036421,35148.31149476,0.00050860,0.00050830,0.05552754,0.49355635,0.98650063,7.00000000,PASSIVE_SELL
615,99.84424539,99.83503334,-0.00736162,0.02064079,396.72389996,-2368.47560563,29245.17909994,22106.68328466,0.00051779,0.00051039,0.08282756,0.49355635,1.06414107,6.00000000,PASSIVE_SELL
616,99.77006122,99.77029585,-0.29461737,0.02014440,-351.40443405,-2234.22769151,16324.96662529,34626.51154056,0.00052806,0.00051317,-0.14231054,0.49647630,0.62910824,7.00000000,PASSIVE_BUY
617,99.81349383,99.82002531,-0.09471597,0.02092334,438.87959901,-2350.52044192,18761.04947522,24017.64587605,0.00052091,0.00051300,0.11761678,0.49647630,0.94359821,8.00000000,PASSIVE_BUY
618,99.81945942,99.81610873,0.00785903,0.02010869,200.19608871,-1275.28424699,25718.40694141,23996.50699891,0.00052014,0.00051244,-0.03746703,0.49647630,1.04889481,7.00000000,PASSIVE_SELL
619,99.79041635,99.79211419,0.10746431,0.02050165,-390.53652281,-1410.53855756,30520.47110660,20462.87965504,0.00052149,0.00050674,-0.03500865,0.48606675,0.85584416,8.00000000,PASSIVE_BUY
620,99.79275545,99.79441676,0.11846778,0.02018055,547.27831668,-1082.22562227,26395.58095944,21127.15274682,0.00052063,0.00050578,0.03138217,0.49369309,0.88464725,9.00000000,PASSIVE_BUY
621,99.74259424,99.74083831,-0.11416899,0.02077123,-650.62693108,-2468.53877149,20268.37626621,26190.73015330,0.00052208,0.00050709,-0.05250031,0.49369309,0.97034491,8.00000000,PASSIVE_SELL
622,99.64270984,99.64652988,0.28464013,0.02069152,-417.87545180,-2419.69170361,25244.70310151,13441.13745465,0.00053820,0.00051211,-0.04972319,0.50839807,0.18161543,9.00000000,PASSIVE_BUY
623,99.63605855,99.63037235,0.01211345,0.02052702,-677.78032050,-2708.69823953,25060.15243848,18905.39740435,0.00053614,0.00050844,0.09323312,0.50839807,0.87806571,8.00000000,PASSIVE_SELL
624,99.63891932,99.63954648,0.22692103,0.02077087,561.88543091,-2863.75344851,34634.81111723,21662.29545369,0.00049811,0.00050844,0.00951206,0.49839396,0.91133732,9.00000000,PASSIVE_BUY
625,99.65996316,99.66831126,0.20789141,0.02007919,446.25871315,-3048.66900085,36446.77193798,23270.95509885,0.00049696,0.00050641,0.01818307,0.49839396,1.11077146,10.00000000,PASSIVE_BUY
626,99.65939037,99.66149074,-0.19685648,0.02054512,-416.91864303,-2689.42864992,15720.70425807,25942.52457762,0.00049131,0.00050628,-0.02161663,0.49839396,1.11531608,11.00000000,PASSIVE_BUY
627,99.60313331,99.60364851,-0.07255003,0.02003795,-644.03304725,-3987.21194738,29068.09925432,34862.35611457,0.00049209,0.00050301,-0.05568427,0.50846330,0.50650739,12.00000000,PASSIVE_BUY
628,99.61444170,99.61142443,-0.10441929,0.02011749,525.33068550,-3659.25594392,22984.46494058,28214.82208495,0.00049206,0.00050157,0.06756546,0.51319918,0.83308922,11.00000000,PASSIVE_SELL
629,99.70287696,99.70150083,-0.12136432,0.02016495,534.20044251,-2927.60101601,24027.47630140,29057.97359372,0.00051057,0.00050530,0.07712686,0.51319918,0.93136967,10.00000000,PASSIVE_SELL
630,99.71632406,99.72104945,0.04636984,0.02084405,609.59985550,-2777.22618112,17768.00787694,21453.49500399,0.00050503,0.00049839,-0.07498816,0.52797472,1.07626270,11.00000000,PASSIVE_BUY
631,99.74226791,99.74094099,-0.00910481,0.02057894,526.43098130,-1519.61374648,31677.49010471,27184.22764335,0.00049456,0.00049836,0.01249674,0.52797472,0.96953921,10.00000000,PASSIVE_SELL
632,99.79102339,99.79159062,0.04846585,0.02116674,816.67726972,-1493.28077230,33624.83292073,29468.03424092,0.00049513,0.00049907,0.02281164,0.53626123,1.46767740,11.00000000,PASSIVE_BUY
633,99.82587097,99.82390744,-0.07830421,0.02032318,372.16037507,-1831.93891659,26619.98615086,26212.49663413,0.00049824,0.00049570,-0.01390790,0.53626123,1.05175844,10.00000000,PASSIVE_SELL
634,99.84653277,99.84139405,-0.05533615,0.02021143,111.89103563,-1155.04727077,27466.50882628,30482.35217017,0.00048917,0.00049123,-0.01418579,0.53626123,1.08302882,9.00000000,PASSIVE_SELL
635,99.85640253,99.86074735,0.10540127,0.02002156,500.70350980,-378.00567664,19018.97602395,21661.45819138,0.00048578,0.00049126,-0.01079203,0.54002708,1.18186747,10.00000000,PASSIVE_BUY
636,99.90065724,99.90416311,0.18730953,0.02102510,279.69832731,484.95803497,22018.84970746,15012.40047487,0.00048998,0.00049018,0.03438495,0.54002708,1.63492713,11.00000000,PASSIVE_BUY
637,99.88509430,99.88223413,0.17134948,0.02023922,-570.68560488,728.91421658,31999.14297097,20279.88245719,0.00048890,0.00048753,-0.05981765,0.53946009,1.10924505,10.00000000,PASSIVE_SELL
638,99.90255367,99.90443348,-0.00643850,0.02015697,881.77115181,2139.15624413,22364.25155321,27927.58408803,0.00048941,0.00048752,0.03302230,0.53946009,1.29391715,11.00000000,PASSIVE_BUY
639,99.87428929,99.87315464,-0.05768280,0.02015560,-589.26517680,1972.47320805,25156.27546678,25974.69410085,0.00048515,0.00048795,-0.04572374,0.52865607,1.09906531,10.00000000,PASSIVE_SELL
640,99.85699822,99.86360271,-0.11468462,0.02018549,-142.37616738,2305.06270626,22047.14434339,29029.66974998,0.00045133,0.00048613,0.01097331,0.52865607,0.93624734,11.00000000,PASSIVE_BUY
641,99.91906971,99.91866832,0.15818481,0.02031982,338.96698175,2856.47594108,34895.68157359,25158.98754310,0.00045883,0.00048745,0.07936257,0.53143051,1.14651237,10.00000000,PASSIVE_SELL
642,99.83685099,99.83038371,-0.15411994,0.02101329,-578.42468935,1642.53458770,22701.64023853,28534.60833344,0.00045790,0.00049047,-0.14429022,0.53143051,1.07167968,9.00000000,PASSIVE_SELL
643,99.81980455,99.82121224,0.05975941,0.02016853,-140.68639074,2296.77490882,31689.83790161,27207.32177239,0.00045786,0.00049024,0.06517228,0.53143051,0.92834594,10.00000000,PASSIVE_BUY
644,99.85859355,99.86653472,-0.08428700,0.02021270,227.37978048,2043.74779771,19159.78647180,27322.07432570,0.00045939,0.00049068,0.05583545,0.53143051,1.32634229,11.00000000,PASSIVE_BUY
645,99.84986023,99.84332509,-0.08271991,0.02055774,-322.87085050,2111.94222258,21405.12066826,24203.86847430,0.00044612,0.00048930,-0.04752231,0.53143051,1.07955114,10.00000000,PASSIVE_SELL
646,99.85080843,99.85207111,0.01871516,0.02001973,493.38294488,3103.09389967,24089.95489025,21820.93055678,0.00044602,0.00048925,0.00968151,0.52924909,1.09904294,11.00000000,PASSIVE_BUY
647,99.83424267,99.82826355,-0.04513080,0.02019721,-762.97924108,1875.69051271,25941.05336413,21804.86449822,0.00044672,0.00048835,-0.01751395,0.52007377,1.06731418,10.00000000,PASSIVE_SELL
648,99.81692502,99.81669868,-0.10130750,0.02054942,-536.13003088,515.07275961,22108.84389592,28489.22515125,0.00044700,0.00048852,-0.00075189,0.52007377,1.05868628,9.00000000,PASSIVE_SELL
649,99.92947193,99.92567043,0.03649117,0.02029597,648.45406787,2104.92268683,26356.52847293,22225.03352033,0.00046976,0.00048571,0.12986457,0.50215201,1.18239501,8.00000000,PASSIVE_SELL
650,99.97912625,99.97460206,-0.08945506,0.02031185,596.35515411,2044.69268079,29546.46717535,34570.24663621,0.00047380,0.00048349,-0.06289260,0.48825726,1.24214967,7.00000000,PASSIVE_SELL
651,100.00543692,100.00265283,-0.08236675,0.02032902,411.07044801,2720.87820297,29784.68581460,31937.04305274,0.00047278,0.00048141,-0.02334365,0.48825726,1.27857332,6.00000000,PASSIVE_SELL
652,100.00987525,100.00533523,-0.13520651,0.02016566,329.09124999,3729.66467651,21183.55738127,30593.32274209,0.00047250,0.00048141,-0.02187233,0.48825726,1.29350288,5.00000000,PASSIVE_SELL
653,100.02717950,100.02073396,0.18877115,0.02072410,227.07694415,3659.87467227,33735.44222611,17707.41262599,0.00043148,0.00048137,0.01286592,0.48825726,1.32005231,4.00000000,PASSIVE_SELL
654,100.02262574,100.02559578,0.13175871,0.02073881,-276.15525952,3060.91078715,32974.13683008,28751.29986582,0.00042494,0.00048104,-0.02185802,0.47760258,1.31220665,5.00000000,PASSIVE_BUY
655,99.97033273,99.96270245,0.00338083,0.02033902,-747.25725017,2623.55966598,25010.63421797,22437.53635990,0.00042395,0.00048239,-0.04773924,0.47760258,1.26884020,4.00000000,PASSIVE_SELL
656,99.88779875,99.89523750,0.02893274,0.02008768,-108.94439239,2756.36718131,19862.34560870,22479.20091304,0.00044006,0.00048605,-0.03024097,0.47014672,0.94874814,5.00000000,PASSIVE_BUY
657,99.93599490,99.93855081,-0.13010658,0.02002222,238.30031327,2448.77975738,18369.29021937,22698.36963291,0.00043518,0.00048593,0.13073013,0.47014672,1.19974002,6.00000000,PASSIVE_BUY
658,99.90081749,99.89740638,0.08052547,0.02039062,-510.46926041,2563.32305261,25252.76280827,20491.87305609,0.00043521,0.00048651,-0.08337357,0.47726718,1.21526322,5.00000000,PASSIVE_SELL
659,99.92617874,99.92433577,0.07186019,0.02045086,466.33088078,2428.13268899,29783.45036440,27389.58985740,0.00043655,0.00048332,0.06053866,0.47726718,1.25072942,4.00000000,PASSIVE_SELL
660,99.86909252,99.86769139,-0.16296317,0.02038462,-401.00523199,1724.73938113,25643.37446443,37408.58694587,0.00044409,0.00048380,-0.08244748,0.47726718,1.20393487,3.00000000,PASSIVE_SELL
661,99.95768464,99.95802477,-0.01956358,0.02118633,550.42786187,2588.59899856,27548.42745778,24697.64160176,0.00045885,0.00048728,0.14567835,0.46512194,1.48030440,4.00000000,PASSIVE_BUY
662,99.95215173,99.95065083,-0.04459998,0.02039999,-651.53425866,1616.89102757,28366.64938598,27929.20273104,0.00045835,0.00048729,-0.09412503,0.45496457,1.27002705,3.00000000,PASSIVE_SELL
663,99.85654563,99.86049689,0.06232851,0.02022097,-421.02132164,1503.60292025,25320.22048965,25191.46783735,0.00046762,0.00048915,-0.09007320,0.45496457,0.99331923,4.00000000,PASSIVE_BUY
664,99.95974689,99.95724598,0.00356787,0.02019989,375.36314753,2342.90498033,21112.79789716,18415.82414059,0.00048825,0.00049232,0.19880736,0.44893555,1.30680145,3.00000000,PASSIVE_SELL
665,99.89182464,99.88471873,0.21779353,0.02073583,-488.87435967,1457.30672070,35432.02355692,17288.03186369,0.00048946,0.00049303,-0.17112351,0.44893555,1.24871117,2.00000000,PASSIVE_SELL
666,99.85912846,99.85771225,0.07448183,0.02010378,-378.99397306,1429.71718169,27194.91389960,24705.74696501,0.00048004,0.00049363,0.03522607,0.44926206,1.22638291,1.00000000,PASSIVE_SELL
667,99.77426949,99.77059908,-0.21276013,0.02011056,-710.91639582,279.92118687,21456.35826652,28339.13094770,0.00049129,0.00049536,-0.05216278,0.44926206,1.15157922,0.00000000,PASSIVE_SELL
668,99.84028284,99.83910695,-0.16295460,0.02061464,626.81241072,706.53750887,15516.85692767,24427.97153439,0.00050009,0.00049609,0.15087231,0.44692020,1.16188654,-1.00000000,PASSIVE_SELL
669,99.76828540,99.76650798,-0.01706194,0.02097202,-649.49257625,447.58145544,27948.80172343,29203.74110778,0.00050872,0.00049630,-0.13801078,0.44692020,1.24436999,-2.00000000,PASSIVE_SELL
670,99.85964633,99.86211366,-0.00848005,0.02095938,632.02992675,532.33306550,24779.24867377,22485.43268118,0.00052477,0.00050033,0.16335838,0.44819810,1.10661367,-1.00000000,PASSIVE_BUY
671,99.78915231,99.79484977,-0.27554224,0.02023969,-234.86045196,948.09954462,17184.86734426,33694.47612540,0.00052952,0.00050272,-0.16185496,0.44819810,1.18722754,0.00000000,PASSIVE_BUY
672,99.67604830,99.67631007,0.00607130,0.02066590,-578.80278889,787.17220753,35791.84750084,36872.76587721,0.00053487,0.00050920,-0.04260999,0.46376292,1.19756049,1.00000000,PASSIVE_BUY
673,99.71809288,99.72125960,0.09046628,0.02088288,576.49622192,2041.44874995,29859.37242187,26173.73908952,0.00053789,0.00050992,0.15514859,0.46376292,1.25004651,2.00000000,PASSIVE_BUY
674,99.71254995,99.71145053,-0.01284530,0.02008659,-701.79892703,777.76439201,24727.16263477,23958.22196774,0.00053798,0.00050974,-0.04758751,0.46935161,1.21309409,1.00000000,PASSIVE_SELL
675,99.75211740,99.76074044,0.18711244,0.02053317,874.55658736,1206.06226622,25715.98687415,22408.68861050,0.00053996,0.00050753,0.04511039,0.46935161,1.26292813,2.00000000,PASSIVE_BUY
676,99.74787003,99.74870806,-0.07190144,0.02016782,-691.65268443,931.32822481,20302.95262732,27707.23857615,0.00054002,0.00050636,-0.04381483,0.45656812,1.26451729,3.00000000,PASSIVE_BUY
677,99.67978013,99.67207870,0.04921688,0.02060896,-422.86893767,1152.49233439,28240.88727581,21685.19962298,0.00054281,0.00050871,-0.06384252,0.45656812,1.15853631,2.00000000,PASSIVE_SELL
678,99.78140538,99.78401645,0.04316414,0.02012806,668.79255380,1295.95420269,29863.83170922,27146.37949952,0.00056060,0.00050865,0.16971514,0.45983050,1.37185084,3.00000000,PASSIVE_BUY
679,99.81393259,99.81350154,0.00093007,0.02082087,706.52792630,1468.28168648,22816.38717381,19664.05774822,0.00054888,0.00050334,-0.06909804,0.46305359,1.26549724,2.00000000,PASSIVE_SELL
680,99.79616383,99.78961593,-0.22467633,0.02075196,-845.33757426,13.34425672,15042.58962141,17173.41212592,0.00054935,0.00049989,-0.05029596,0.46305359,1.25813891,1.00000000,PASSIVE_SELL
681,99.80737599,99.80413572,0.11755774,0.02028948,664.75366197,151.66693739,33460.81539989,26424.38210265,0.00054842,0.00049992,0.02898091,0.46488530,1.27949581,0.00000000,PASSIVE_SELL
682,99.80721398,99.80197478,-0.15579988,0.02011149,-526.39512637,-1191.40545869,30325.26727520,35717.22253814,0.00054420,0.00049877,-0.01137416,0.46488530,1.28955155,-1.00000000,PASSIVE_SELL
683,99.82575255,99.83239320,0.05253141,0.02106617,733.00837289,-830.55746087,20043.58819240,19845.40126645,0.00054260,0.00049833,0.01870057,0.46314299,1.28154607,0.00000000,PASSIVE_BUY
684,99.75693691,99.76023991,0.10639385,0.02009035,-601.03907788,-1543.48757437,27991.00359321,22395.97871048,0.00055022,0.00050016,-0.08735420,0.46314299,1.29159124,1.00000000,PASSIVE_BUY
685,99.80060774,99.80598976,0.04583021,0.02029345,654.52842189,-1389.66266228,26956.25344518,30430.36813392,0.00055369,0.00050100,0.11248645,0.46331820,1.34540879,2.00000000,PASSIVE_BUY
686,99.84062389,99.84216316,0.02820096,0.02081318,488.35148539,-1181.00950419,27045.42527858,28603.83989183,0.00055303,0.00050089,-0.00365467,0.46711577,1.43584769,3.00000000,PASSIVE_BUY
687,99.79207975,99.79865059,-0.04267064,0.02011705,-436.40126815,-1046.72516746,22129.58551784,31388.32770707,0.00055667,0.00050208,-0.08856030,0.46711577,1.30027379,4.00000000,PASSIVE_BUY
688,99.75243836,99.76145608,0.16259477,0.02004134,-493.87620435,-2422.37252362,19365.39531205,19985.17599318,0.00055846,0.00049975,0.00890275,0.46711577,1.15172888,5.00000000,PASSIVE_BUY
689,99.76807953,99.76765557,0.11700859,0.02000740,348.40401924,-1484.70332758,34203.30602893,24496.96174189,0.00055787,0.00049975,0.05528256,0.45451818,1.24121270,4.00000000,PASSIVE_SELL
690,99.69804971,99.69278290,0.04269118,0.02002996,-764.07893415,-2106.40609435,28351.69619260,19527.62016750,0.00056561,0.00050234,-0.08567099,0.44502211,1.18116402,3.00000000,PASSIVE_SELL
691,99.68353707,99.68700292,0.02287167,0.02111740,-287.26379028,-2732.63686639,29449.21175477,24891.30662101,0.00055804,0.00050240,0.05551718,0.44502211,1.14818481,4.00000000,PASSIVE_BUY
692,99.70342689,99.71057869,0.04825340,0.02065696,646.10773036,-1508.10444667,21787.83012408,24140.92973259,0.00054787,0.00050214,0.03440245,0.42528097,1.23807257,5.00000000,PASSIVE_BUY
693,99.70009957,99.69231658,-0.33108387,0.02035392,-962.86789545,-2330.28595139,18509.63849383,32827.61495412,0.00054748,0.00050002,-0.02321714,0.42528097,1.18272348,4.00000000,PASSIVE_SELL
694,99.67821287,99.67687078,0.04046924,0.02034121,-442.80146775,-3000.46719962,25864.08492965,21833.36632189,0.00054493,0.00050030,-0.01855937,0.42178401,1.17102646,3.00000000,PASSIVE_SELL
695,99.66507481,99.66108043,0.08039571,0.02059496,-410.05738882,-3087.65373795,36547.50662402,30148.23356462,0.00054505,0.00050029,0.00874863,0.42178401,1.16793212,2.00000000,PASSIVE_SELL
696,99.62331383,99.61488089,-0.08596048,0.02004618,-440.27589868,-4021.31258151,24537.22947695,27731.91238026,0.00054762,0.00049506,-0.02862292,0.42871889,1.13646862,1.00000000,PASSIVE_SELL
697,99.53498732,99.53350738,0.07572596,0.02019928,-501.62259072,-3759.95593115,30780.95556910,22608.57202789,0.00055995,0.00049888,-0.04656553,0.42871889,1.05824175,0.00000000,PASSIVE_SELL
698,99.57041704,99.57031119,0.02104758,0.02014575,826.59370836,-2397.23219190,26128.65827441,27867.65817203,0.00056270,0.00049924,0.12375624,0.41687917,1.06831463,-1.00000000,PASSIVE_SELL
699,99.58435018,99.58594183,-0.07092494,0.02041263,612.80030742,-2432.88595235,16591.13653020,18611.12640464,0.00053785,0.00049843,-0.02149658,0.41707752,1.06458780,0.00000000,PASSIVE_BUY
700,99.60759312,99.60813164,0.07754085,0.02009240,405.31396607,-2623.92714039,28599.59791757,22084.16306976,0.00053356,0.00049766,0.00930980,0.41707752,1.07463400,1.00000000,PASSIVE_BUY
701,99.58288965,99.58284893,-0.04893327,0.02062051,-376.20380609,-3411.20139449,22796.34831314,23013.54873707,0.00053189,0.00049625,-0.04794640,0.41707752,1.04993054,1.00000000,HOLD
702,99.57371042,99.56984778,-0.02530675,0.02116980,-229.88597889,-3970.17862337,18226.61142319,19884.65709752,0.00053157,0.00049611,0.01552423,0.41707752,1.05133621,0.00000000,PASSIVE_SELL
703,99.52122196,99.51216792,-0.11210469,0.02050432,-528.89380143,-4726.14936894,24548.92894036,20959.54710751,0.00053374,0.00049443,-0.04330923,0.42097640,1.06158836,-1.00000000,PASSIVE_SELL
704,99.50903826,99.50756366,-0.17044829,0.02011049,-178.31200873,-4628.30611815,21594.31640802,26388.08035792,0.00053369,0.00049417,0.04030476,0.42097640,1.08382731,-2.00000000,PASSIVE_SELL
705,99.50447170,99.49941959,-0.01627783,0.02021854,-570.56113405,-4451.61000202,27600.55058076,25391.95531595,0.00053035,0.00049329,0.00761713,0.43036204,1.10306971,-3.00000000,PASSIVE_SELL
706,99.51816176,99.52035302,0.07951628,0.02041052,906.82050561,-3435.84510402,28367.61428836,22818.96275218,0.00052080,0.00049334,0.01825663,0.43036204,1.04468539,-2.00000000,PASSIVE_BUY
707,99.53839725,99.54734937,-0.09315045,0.02055114,700.24948873,-2973.89592856,20088.77088392,30390.24673252,0.00051628,0.00049231,0.00654543,0.42722639,1.03465515,-1.00000000,PASSIVE_BUY
708,99.54858992,99.55495811,0.03356987,0.02057522,399.13112397,-2064.29554418,24403.41142617,30291.87149474,0.00051541,0.00049098,-0.01004282,0.42722639,1.03475010,0.00000000,PASSIVE_BUY
709,99.54517043,99.54574128,-0.11158274,0.02024689,-654.87055948,-3185.49698444,22691.31204375,27973.87357515,0.00051336,0.00048823,-0.01361216,0.42833133,1.04487354,1.00000000,PASSIVE_BUY
710,99.50783846,99.50970311,-0.09298066,0.02022108,-564.31736689,-3348.80911934,20881.83329107,28830.01267843,0.00051030,0.00048893,-0.03391249,0.42342038,1.01765211,2.00000000,PASSIVE_BUY
711,99.52888268,99.52871926,-0.20102314,0.02026378,599.64519618,-3299.59178503,20733.99922261,33727.13428906,0.00049339,0.00048509,0.05837620,0.42342038,1.04724532,1.00000000,PASSIVE_SELL
712,99.50411540,99.50040165,-0.00925938,0.02021269,-682.79835579,-3330.85588216,24561.47846755,22187.46127084,0.00049389,0.00048297,-0.04581150,0.42330343,1.03258439,0.00000000,PASSIVE_SELL
713,99.48597979,99.48464517,-0.06137525,0.02019854,-616.52383364,-3526.35839416,20409.90324362,24231.71156502,0.00047835,0.00048220,0.00663166,0.43157400,1.04268366,-1.00000000,PASSIVE_SELL
714,99.51533972,99.51630776,-0.08056326,0.02025610,821.62702358,-3080.09451811,21008.97381834,26984.95872218,0.00045476,0.00048265,0.04749555,0.43157400,1.02345178,0.00000000,PASSIVE_BUY
715,99.52485589,99.51945649,-0.02846659,0.02013878,377.96912031,-2213.25103813,21273.88145126,20624.59858093,0.00044752,0.00048269,-0.01984377,0.43579860,1.03352117,-1.00000000,PASSIVE_SELL
716,99.52554715,99.52401016,0.04868580,0.02053227,626.76003281,-1207.49703227,31737.14162626,26559.64423566,0.00044618,0.00048251,-0.00882491,0.43579860,1.04309605,-2.00000000,PASSIVE_SELL
717,99.58159666,99.57718062,-0.10584238,0.02032384,669.95294523,173.37230878,20433.36544334,27512.96747334,0.00044039,0.00048331,0.05535826,0.44907548,0.94115894,-3.00000000,PASSIVE_SELL
718,99.49177174,99.48405665,-0.10773697,0.02061244,-480.23022791,-933.67032986,28533.32012715,34568.50600887,0.00044507,0.00047864,-0.14587444,0.44907548,1.22093994,-4.00000000,PASSIVE_SELL
719,99.45533905,99.45482505,-0.12317988,0.02020746,-451.58390913,-735.76166273,19246.28294327,26163.46096542,0.00043738,0.00047908,0.05339224,0.45391434,1.37677441,-5.00000000,PASSIVE_SELL
720,99.45827849,99.45487829,0.07252981,0.02099108,578.14110316,-789.65048632,30088.25851686,22409.72711763,0.00041476,0.00047898,0.03937213,0.44734384,1.37257274,-6.00000000,PASSIVE_SELL
721,99.37809464,99.37734727,-0.04831621,0.02041004,-613.54232595,-1168.33236030,21646.18598767,26475.93217147,0.00041801,0.00048235,-0.08312330,0.44277745,1.86388088,-7.00000000,PASSIVE_SELL
722,99.30058033,99.30816315,-0.18268516,0.02031361,-442.78703652,-1032.31660794,16388.06232220,30463.60530041,0.00040287,0.00048454,0.00266955,0.44277745,1.17024335,-6.00000000,PASSIVE_BUY
723,99.28016052,99.28576493,0.25849765,0.02075398,-468.55697336,-2077.36980322,30238.28295425,18530.85834385,0.00039692,0.00048308,0.05709449,0.44277745,1.19993923,-5.00000000,PASSIVE_BUY
724,99.21677086,99.21435236,-0.14530857,0.02052005,-669.21742488,-2044.78830107,24451.26706493,29355.99586519,0.00040429,0.00047644,-0.04296985,0.46167896,1.52714756,-6.00000000,PASSIVE_SELL
725,99.20262663,99.21007899,0.07026978,0.02021887,-310.60990269,-3229.95479112,30374.96365149,25512.74848249,0.00039805,0.00047653,0.04924543,0.46167896,1.27141791,-5.00000000,PASSIVE_BUY
726,99.14128240,99.14522761,0.09604865,0.02009586,-452.82068489,-2991.12279158,26653.22762962,24461.28966457,0.00040420,0.00047844,-0.04720000,0.46819676,1.34305609,-4.00000000,PASSIVE_BUY
727,99.17004484,99.16387199,0.14548462,0.02036504,230.13293006,-2338.12092385,30208.21361903,18613.52861272,0.00040013,0.00047811,0.09010666,0.46819676,1.23818888,-5.00000000,PASSIVE_SELL
728,99.19534326,99.19824863,-0.12180543,0.02006574,500.67578308,-2506.23769458,22704.63732804,30685.29835202,0.00037050,0.00047823,-0.00346401,0.46682490,1.29883899,-4.00000000,PASSIVE_BUY
729,99.07178155,99.06767357,-0.01256492,0.02088260,-609.72575640,-3822.49137728,28475.66429958,26320.40741037,0.00039727,0.00048568,-0.14886013,0.46682490,1.80352712,-5.00000000,PASSIVE_SELL
730,99.05689141,99.05351406,-0.03837021,0.02002404,-624.33023124,-3601.48403426,26123.66449997,23292.23532861,0.00039725,0.00048561,0.10867157,0.46615829,1.88798984,-6.00000000,PASSIVE_SELL
731,98.98709815,98.97955066,-0.04276849,0.02002549,-676.76824056,-4943.00593679,25121.86139833,22716.36012840,0.00040294,0.00048760,-0.05490313,0.46615829,2.31676217,-7.00000000,PASSIVE_SELL
732,99.01280543,99.01913329,0.02845126,0.02067635,673.88484326,-3742.72596716,26472.35453111,29931.24086952,0.00040670,0.00048501,0.09550055,0.45490562,1.40125684,-6.00000000,PASSIVE_BUY
733,99.04128525,99.04073739,-0.13379418,0.02062036,159.44764957,-4316.28669049,19101.32192475,26829.77158538,0.00040868,0.00048322,0.00277254,0.45490562,1.24068807,-7.00000000,PASSIVE_SELL
734,99.08693632,99.08895794,0.16739518,0.02018620,344.11605786,-3371.13155475,32138.42149375,24529.07862357,0.00041047,0.00048339,0.01717124,0.45490562,1.33536964,-6.00000000,PASSIVE_BUY
735,99.11048144,99.10806985,-0.04433193,0.02014830,442.75760069,-3582.90237595,27440.01657804,29713.85451011,0.00040582,0.00048320,-0.02210594,0.45240888,1.20417306,-7.00000000,PASSIVE_SELL
736,99.18478311,99.18270221,-0.03988937,0.02044596,732.33287870,-3338.92098264,30398.94015399,29398.20014939,0.00041784,0.00048601,0.05075655,0.46965560,0.69428436,-8.00000000,PASSIVE_SELL
737,99.14913681,99.14792836,0.05457418,0.02059488,-367.01647483,-3269.53618932,24595.97036808,22997.59889741,0.00041606,0.00048349,-0.10994797,0.46965560,0.98975219,-9.00000000,PASSIVE_SELL
738,99.14506937,99.14709928,0.14773161,0.02038886,-223.84604180,-2999.50602677,32755.82119459,23378.93609667,0.00041446,0.00048339,0.03157886,0.46965560,1.28350398,-8.00000000,PASSIVE_BUY
739,99.11210982,99.10918371,-0.16072098,0.02030598,-608.76086888,-3956.67091489,24103.53120385,25589.83313532,0.00041353,0.00048179,-0.02889211,0.47650447,1.55733336,-9.00000000,PASSIVE_SELL
740,99.10351383,99.10288402,-0.05775702,0.02088409,-597.13116591,-3789.72314664,26384.32591237,26135.14395150,0.00040546,0.00048173,0.02436356,0.48624914,1.64513932,-10.00000000,PASSIVE_SELL
741,99.17372481,99.17696614,-0.16059996,0.02046971,564.84331753,-2937.61603882,14729.83740897,25205.63159115,0.00042166,0.00048448,0.07880697,0.48624914,1.24097761,-9.00000000,PASSIVE_BUY
742,99.16572882,99.16794073,0.08124003,0.02108867,-461.11342850,-4044.83719769,30316.50370714,28478.08899768,0.00041946,0.00048416,-0.07820697,0.48624914,1.25704208,-8.00000000,PASSIVE_BUY
743,99.12678302,99.13377038,0.52711578,0.02006582,-487.66367808,-3569.63298033,33634.26827326,12479.61908055,0.00042120,0.00048377,-0.03094981,0.49767374,1.30960078,-7.00000000,PASSIVE_BUY
744,99.15934268,99.16143226,-0.04798511,0.02002194,302.20822107,-2824.62329150,25521.76820960,28358.82712457,0.00042545,0.00048437,0.07150545,0.49767374,1.28718372,-6.00000000,PASSIVE_BUY
745,99.18305407,99.18123431,-0.01861264,0.02082114,437.11473109,-1977.45117158,33279.03881453,32478.22910455,0.00042813,0.00048355,-0.00884827,0.49846273,1.15532596,-7.00000000,PASSIVE_SELL
746,99.10778021,99.10749337,0.06778678,0.02060835,-598.19128059,-2135.36655349,27374.87347599,24536.71022589,0.00043583,0.00048327,-0.09898525,0.50240332,1.69254713,-8.00000000,PASSIVE_SELL
747,99.12193846,99.12692426,0.06430879,0.02020623,627.38270160,-1006.36126117,24106.20707048,24852.40230872,0.00042246,0.00048331,0.08943211,0.50240332,1.31563480,-7.00000000,PASSIVE_BUY
748,99.07284164,99.06917620,-0.07726852,0.02016958,-800.70760925,-2633.66257879,32368.25623402,34270.43137501,0.00042157,0.00048415,-0.06325507,0.50160507,1.66939737,-8.00000000,PASSIVE_SELL
749,99.10869726,99.10540544,0.24113321,0.02084512,606.15768776,-2640.30519845,29132.24330223,16171.92551501,0.00042523,0.00048167,0.08495245,0.50160507,1.39297491,-9.00000000,PASSIVE_SELL
750,99.13605523,99.13186987,-0.25590367,0.02062763,401.97143817,-2643.64772635,17566.42445326,28022.48292939,0.00042593,0.00048058,-0.00849766,0.51414048,1.15706703,-10.00000000,PASSIVE_SELL
751,99.14000522,99.14216698,0.06229152,0.02011211,819.65163553,-1447.79228473,27833.56424593,28594.44671226,0.00042577,0.00048016,-0.02340797,0.51414048,1.27902923,-9.00000000,PASSIVE_BUY
752,99.16303728,99.16796638,-0.12019791,0.02062534,544.11700284,-673.78930301,21042.09145648,28728.84914363,0.00042814,0.00048040,0.01908206,0.52158381,1.26425691,-8.00000000,PASSIVE_BUY
753,99.20862864,99.21565200,0.17668644,0.02066608,563.94446760,419.04896602,25997.28924020,18527.40441480,0.00042993,0.00048060,0.02255931,0.52158381,1.22885600,-7.00000000,PASSIVE_BUY
754,99.22768190,99.22431333,-0.00909591,0.02018257,271.67790762,869.03888237,28041.34914850,25052.36104890,0.00043131,0.00047914,-0.02653810,0.53358453,1.10557445,-8.00000000,PASSIVE_SELL
755,99.22175692,99.22048927,-0.03716877,0.02070695,-508.94683857,930.65317784,16014.68944393,13650.69196928,0.00043131,0.00047743,-0.02497824,0.53358453,1.16332774,-9.00000000,PASSIVE_SELL
756,99.19732549,99.20473553,-0.16393976,0.02037748,-265.82201255,-241.98934032,21300.48066333,28816.12095115,0.00043120,0.00047760,-0.01850645,0.53548573,1.23897983,-8.00000000,PASSIVE_BUY
757,99.23398834,99.23706543,0.06515771,0.02005069,163.89672142,-778.34210762,21800.00790207,17426.91612055,0.00043388,0.00047776,0.06109428,0.53548573,1.21348608,-7.00000000,PASSIVE_BUY
758,99.21923070,99.21700852,0.00514477,0.02015648,-442.24871222,-1619.72194381,28972.42490276,24394.12952002,0.00043341,0.00047781,-0.05142049,0.53548573,1.32686782,-8.00000000,PASSIVE_SELL
759,99.18769842,99.18943725,-0.01384103,0.02041258,-356.63659156,-1321.48797589,21068.82920150,23017.04281134,0.00043481,0.00047816,-0.01677463,0.53745799,1.25935855,-7.00000000,PASSIVE_BUY
760,99.13600396,99.13164758,-0.25321105,0.02006850,-437.47692293,-1194.64753194,14729.54044891,27531.50757386,0.00043732,0.00047919,-0.02016219,0.53745799,1.63125402,-8.00000000,PASSIVE_SELL
761,99.15445553,99.14710599,-0.18160643,0.02016209,250.49342694,-1543.79930118,18494.03257563,23457.73943751,0.00043701,0.00047927,0.07014602,0.53745799,1.49372257,-9.00000000,PASSIVE_SELL
762,99.15884658,99.15305440,-0.08932021,0.02105204,461.50294292,-399.49800246,26174.39028530,30218.56266649,0.00043660,0.00047501,-0.01406051,0.54439904,1.46472908,-10.00000000,PASSIVE_SELL
763,99.14785406,99.15454286,-0.11539954,0.02033356,-206.27087220,10.75495897,17391.78108555,27913.88479213,0.00043635,0.00047498,-0.01538357,0.54439904,1.27385351,-9.00000000,PASSIVE_BUY
764,99.13156636,99.13108531,-0.21834609,0.02045884,-724.63980819,-1535.51187280,22251.85804719,33624.50886050,0.00043343,0.00047483,-0.00529518,0.54258644,1.43067223,-10.00000000,PASSIVE_SELL
765,99.14617753,99.14660737,0.14872435,0.02020699,716.73805572,-1196.74293739,25286.21434115,17600.06137835,0.00043391,0.00047498,0.03089886,0.54649648,1.27644718,-9.00000000,PASSIVE_BUY
766,99.06071456,99.06199586,-0.02803381,0.02061524,-697.45567521,-2520.95864541,23237.37076940,26866.76736419,0.00044743,0.00047854,-0.10007413,0.54649648,1.37058478,-8.00000000,PASSIVE_BUY
767,99.01557347,99.01933447,-0.18608337,0.02041775,-478.96385548,-3669.87544612,11010.95318359,24138.42997519,0.00044020,0.00047620,0.04032188,0.55037443,1.42662595,-7.00000000,PASSIVE_BUY
768,98.99057834,98.98550587,-0.10395580,0.02004503,-665.80071816,-3855.44593637,22720.73440060,25623.55460445,0.00042610,0.00047623,0.02014596,0.55037443,1.61161436,-8.00000000,PASSIVE_SELL
769,99.04273952,99.04729139,0.20948568,0.02105501,452.42670036,-2951.43532688,29780.04360146,19600.28973185,0.00043326,0.00047794,0.07715631,0.55037443,1.39695265,-7.00000000,PASSIVE_BUY
770,99.08109961,99.08107996,0.07253176,0.02030770,455.28264197,-3074.29378807,28233.85225763,23581.29638968,0.00043799,0.00047861,-0.01380110,0.53726244,1.12843206,-7.00000000,HOLD
771,99.12944623,99.12781522,-0.13922481,0.02068597,563.77393397,-1896.97752815,18753.40393029,28046.31640373,0.00043226,0.00047929,0.00998653,0.54201357,0.80034873,-8.00000000,PASSIVE_SELL
772,99.17667428,99.17471504,0.06714806,0.02014692,428.18476260,-1026.00572903,25162.18469877,18088.79674777,0.00042556,0.00048039,-0.00111856,0.54201357,0.43259772,-9.00000000,PASSIVE_SELL
773,99.15235797,99.15226057,-0.10607140,0.02023921,-473.27579039,-1030.72454606,16683.69376994,23090.95993394,0.00042593,0.00047997,-0.07154437,0.54262306,0.65144450,-9.00000000,HOLD
774,99.12318293,99.12449683,-0.07753688,0.02027505,-663.68865972,-1025.19578090,23473.21480276,28750.63089757,0.00041868,0.00047025,-0.00485873,0.55037735,1.33783525,-8.00000000,PASSIVE_BUY
775,99.06518125,99.06395786,0.25072664,0.02072667,-819.44300650,-1534.02888471,36787.48457794,21095.33386675,0.00042583,0.00047116,-0.02882664,0.55037735,1.81221203,-9.00000000,PASSIVE_SELL
776,99.01756579,99.02412676,0.21804851,0.02013885,-317.67007683,-1398.87827665,40321.43892864,27570.58081175,0.00042243,0.00047050,0.01038622,0.55037735,1.43976235,-8.00000000,PASSIVE_BUY
777,99.07362503,99.07383141,0.21604903,0.02024338,474.30670388,-1154.70450283,32828.71846482,20460.14855952,0.00042827,0.00047157,0.10367470,0.53460532,1.39345894,-7.00000000,PASSIVE_BUY
778,99.13324861,99.13888868,-0.01781605,0.02020417,875.64653795,-779.73374796,22239.41138806,23154.29411069,0.00043540,0.00047365,0.00356434,0.53799974,1.34405508,-6.00000000,PASSIVE_BUY
779,99.07696031,99.07845587,0.06531859,0.02012052,-605.44720717,-775.45519872,23861.88643398,16200.31493576,0.00040634,0.00047508,-0.11591187,0.53799974,1.41061276,-5.00000000,PASSIVE_BUY
780,99.06369518,99.06143129,-0.02327686,0.02014692,-619.33089163,-770.45585911,31415.10005460,30226.42955085,0.00040622,0.00047354,0.04302316,0.54667249,1.48701189,-6.00000000,PASSIVE_SELL
781,99.06832026,99.06652295,-0.03340695,0.02095827,502.65287349,408.96525494,26257.93171260,28456.21212147,0.00039352,0.00047015,0.01789021,0.54667249,1.46974055,-7.00000000,PASSIVE_SELL
782,99.04120946,99.03527000,-0.10283768,0.02027359,-565.25769211,-830.17728043,23335.00579077,22758.06868755,0.00039401,0.00046903,-0.03173588,0.55518724,1.66965292,-8.00000000,PASSIVE_SELL
783,99.00428860,99.00132101,-0.04344512,0.02007619,-509.44055104,-1499.06548104,30467.77018229,32247.13685830,0.00039540,0.00046956,-0.00981007,0.55518724,1.97505791,-9.00000000,PASSIVE_SELL
784,98.94982411,98.94895120,-0.09154793,0.02053548,-453.66524427,-2296.84678316,24848.73768321,33074.07502429,0.00039679,0.00046832,-0.01754363,0.56127125,2.47550604,-10.00000000,PASSIVE_SELL
785,99.01718845,99.02089150,-0.21524238,0.02012208,541.31077319,-2198.29361066,19814.98232996,35468.92064605,0.00040742,0.00047032,0.12182883,0.56127125,1.41452061,-9.00000000,PASSIVE_BUY
786,99.05629839,99.05982181,0.04330986,0.02008056,416.95968962,-2513.66679974,26008.36370447,27445.56752542,0.00039694,0.00047135,-0.02825440,0.57056311,1.38561702,-8.00000000,PASSIVE_BUY
787,99.02700409,99.02824846,-0.03051299,0.02039733,-542.64778065,-2689.29810556,24889.60602984,26106.54869116,0.00039596,0.00047139,-0.06840424,0.57056311,1.42400129,-7.00000000,PASSIVE_BUY
788,99.09139061,99.09062911,0.15154883,0.02096110,692.57861718,-1772.87344658,31927.43995113,21838.32658654,0.00040706,0.00047391,0.09368081,0.56483905,0.98377624,-8.00000000,PASSIVE_SELL
789,99.12530587,99.12581763,0.00468696,0.02017015,821.89569114,-342.21688657,18596.71208864,19073.29260976,0.00040735,0.00047338,-0.03047125,0.57699150,1.33701428,-7.00000000,PASSIVE_BUY
790,99.12860126,99.12336293,-0.04018730,0.02004966,345.15125457,600.06553390,30902.19484599,32095.68867012,0.00040717,0.00046545,-0.03061987,0.57699150,1.32397138,-8.00000000,PASSIVE_SELL
791,99.12010741,99.11356997,-0.18560327,0.02018086,-181.43061462,-146.20839825,18301.42067804,26609.18106844,0.00039473,0.00046546,-0.01178924,0.57699150,1.40201262,-9.00000000,PASSIVE_SELL
792,99.09591837,99.10389149,0.08519372,0.02001417,-66.00471913,248.90031112,33716.33615083,29353.93866878,0.00039597,0.00046104,-0.01569518,0.57699150,1.36112732,-8.00000000,PASSIVE_BUY
793,99.04422008,99.03651290,-0.10585520,0.02058566,-803.66991175,-67.10592255,18083.30623751,14277.23537418,0.00039884,0.00046221,-0.02750925,0.56975512,1.78500646,-9.00000000,PASSIVE_SELL
794,99.10011622,99.09491344,0.18867217,0.02040477,494.93984349,125.62569987,23576.17533832,16111.77348573,0.00040425,0.00046362,0.10759442,0.56975512,1.29214364,-10.00000000,PASSIVE_SELL
795,99.17288399,99.16339266,-0.15025415,0.02084145,110.87796777,-200.61106345,20564.44919347,26304.92634048,0.00041616,0.00046388,0.01687164,0.56975512,0.57488664,-11.00000000,PASSIVE_SELL
796,99.16119632,99.16670774,-0.02288216,0.02018704,-155.81897363,241.76124351,24853.31745966,29125.38933083,0.00040228,0.00046392,-0.08445544,0.55732008,1.28327569,-10.00000000,PASSIVE_BUY
797,99.18224304,99.18285259,0.00889931,0.02007887,600.16586889,214.54441080,23207.52448892,22897.27116615,0.00040285,0.00046416,0.03273439,0.56544289,1.27275516,-9.00000000,PASSIVE_BUY
798,99.14671226,99.14787177,0.03350693,0.02084677,-817.49625299,197.75576706,29356.37408586,27326.11857688,0.00039984,0.00046453,-0.05657750,0.56800917,1.31563773,-8.00000000,PASSIVE_BUY
799,99.14462917,99.14241529,0.01079215,0.02015218,-699.41235179,-1107.81427249,26746.52379785,27818.77646337,0.00039678,0.00046388,0.03344769,0.56800917,1.34237853,-9.00000000,PASSIVE_SELL
800,99.19274526,99.18476851,0.15019748,0.02018374,296.49695655,-1213.28875412,29943.96712520,20476.80256607,0.00040067,0.00046511,0.05019918,0.56169694,0.91942557,-10.00000000,PASSIVE_SELL
801,99.15417291,99.15168835,-0.08177647,0.02016487,-467.24613154,-2500.18652118,22217.52922070,24600.05118539,0.00040454,0.00046555,-0.08668845,0.56169694,1.31523157,-11.00000000,PASSIVE_SELL
802,99.15855659,99.16053021,0.02545252,0.02011440,901.02389687,-2143.27962715,28608.71268017,26492.16761736,0.00040326,0.00046557,0.04295604,0.54721956,1.29650877,-10.00000000,PASSIVE_BUY
803,99.17574456,99.18100664,-0.02985565,0.02125629,611.11574334,-2096.10835142,21391.16904971,26741.69693148,0.00039869,0.00045442,0.01280429,0.54721956,1.28481043,-9.00000000,PASSIVE_BUY
804,99.11797433,99.11551681,-0.10892918,0.02025872,-475.97986857,-2843.76612760,14095.19660742,18104.63073848,0.00040566,0.00045407,-0.07495821,0.53569818,1.81487189,-10.00000000,PASSIVE_SELL
805,99.05809843,99.05914600,0.18828297,0.02032672,-515.06327244,-2849.88256147,29886.55585235,20970.16891170,0.00041375,0.00045433,-0.00210566,0.54876375,1.40247355,-9.00000000,PASSIVE_BUY
806,99.03109051,99.03223834,-0.00652145,0.02039811,-836.92338889,-3420.98393781,25752.30428913,24037.17466978,0.00041404,0.00045460,0.03286797,0.54876375,1.43939497,-8.00000000,PASSIVE_BUY
807,99.03473340,99.03007435,-0.10430039,0.02035124,474.81237837,-3110.06828087,18178.93461438,19798.76880335,0.00041017,0.00045184,0.03065082,0.54447982,1.42042746,-9.00000000,PASSIVE_SELL
808,99.07636422,99.07423391,-0.03433008,0.02104947,619.39719816,-2048.42237049,23107.43206292,25979.29657195,0.00041486,0.00045249,0.03798793,0.55186975,1.05627483,-10.00000000,PASSIVE_SELL
809,99.01522220,99.01472568,-0.05220260,0.02040380,-389.51323606,-2081.29901498,23951.78992033,29805.25621979,0.00042111,0.00045428,-0.10277284,0.55186975,1.67789693,-11.00000000,PASSIVE_SELL
810,99.04295294,99.03824857,-0.11529536,0.02010068,143.83440299,-1499.98768906,21347.67539536,28581.12724525,0.00041752,0.00045482,0.08887276,0.55186975,1.38290911,-12.00000000,PASSIVE_SELL
811,99.08429354,99.08046744,0.01407536,0.02048565,107.41114180,-1643.06997419,22014.65204767,20425.08278770,0.00042103,0.00045558,0.01360986,0.55186975,0.89706470,-13.00000000,PASSIVE_SELL
812,98.98539271,98.98282405,0.06666328,0.02000377,-500.41339850,-2604.98631562,24823.67459887,19542.38143642,0.00044288,0.00046030,-0.14024143,0.54900263,2.19277731,-14.00000000,PASSIVE_SELL
813,98.94646917,98.94366202,-0.23990457,0.02008641,-677.14224341,-3075.85768682,21944.52847947,30834.05817141,0.00044561,0.00045859,0.05997728,0.54900263,2.74775016,-15.00000000,PASSIVE_SELL
814,98.97823151,98.98385059,-0.02145363,0.02155454,592.25258806,-1758.96529057,25196.61557916,28664.22583941,0.00044809,0.00045925,0.07068589,0.54175512,1.43090476,-14.00000000,PASSIVE_BUY
815,98.98913938,98.99257727,0.04963118,0.02004932,409.18427718,-2066.51906911,32027.58682015,30059.03853327,0.00044782,0.00045651,-0.02085448,0.54175512,1.43980549,-13.00000000,PASSIVE_BUY
816,98.87850376,98.88027479,0.04413768,0.02109123,-704.37491460,-2073.43830851,23712.77396722,22611.38659144,0.00045862,0.00046014,-0.12154348,0.52725514,1.55473526,-12.00000000,PASSIVE_BUY
817,98.90528146,98.90599262,-0.00813222,0.02025294,785.59964277,-808.87481025,28810.07597933,27549.70177271,0.00045662,0.00045942,0.13741333,0.53191472,1.54269463,-11.00000000,PASSIVE_BUY
818,98.96112105,98.96008266,-0.02779345,0.02015296,706.94248393,563.86839184,28558.68877028,26985.10647009,0.00046267,0.00046138,0.02906188,0.54423942,0.93853561,-12.00000000,PASSIVE_SELL
819,98.97069567,98.96246776,0.08650844,0.02004982,441.73588657,553.17757805,33952.04615691,23627.36596601,0.00045664,0.00046115,-0.04626498,0.54423942,0.83366513,-13.00000000,PASSIVE_SELL
820,98.91056181,98.90795334,-0.22025012,0.02084185,-478.58905080,-380.69411472,19965.14585737,30722.62101651,0.00046036,0.00046285,-0.06970847,0.53489049,1.62582619,-14.00000000,PASSIVE_SELL
821,98.90787670,98.90257086,-0.04557103,0.02035387,-764.48568876,-1708.95373746,22131.22990795,20040.21673706,0.00045428,0.00046171,0.05744875,0.53489049,1.67359465,-15.00000000,PASSIVE_SELL
822,98.94784446,98.94746448,-0.05781679,0.02058592,632.63374998,-1504.50475008,21564.74495357,24732.39808572,0.00045273,0.00045773,0.04265286,0.52274662,1.08437127,-16.00000000,PASSIVE_SELL
823,98.85390074,98.85794714,-0.05736994,0.02032368,-297.17814762,-1328.40710731,21512.38739701,26459.55313996,0.00046937,0.00046225,-0.13391148,0.52274662,1.57015661,-15.00000000,PASSIVE_BUY
824,98.95344576,98.96169447,-0.19055735,0.02054848,370.16274561,-294.55570198,18358.07526838,30471.48352841,0.00049122,0.00046808,0.19348874,0.52274662,1.47931223,-14.00000000,PASSIVE_BUY
825,98.93587452,98.93513407,0.21762601,0.02076605,-637.46924563,-112.58194110,31405.63342539,19478.28757880,0.00048536,0.00046786,-0.11711626,0.51664682,1.73569258,-15.00000000,PASSIVE_SELL
826,98.97521011,98.97724419,0.20721566,0.02041968,771.73419266,976.82232839,29804.68148109,18046.50992166,0.00048448,0.00046886,0.05690683,0.51397781,1.45859080,-14.00000000,PASSIVE_BUY
827,99.04862861,99.04737368,0.05078278,0.02014690,522.08344822,1024.59907273,30435.61366270,23841.16769107,0.00048924,0.00047052,0.03408290,0.51397781,0.44080533,-15.00000000,PASSIVE_SELL
828,99.00600873,99.00838147,-0.13657380,0.02054550,-578.67683594,-429.72430116,19407.93668273,31017.41093912,0.00048496,0.00047127,-0.11603837,0.49750146,1.43322115,-14.00000000,PASSIVE_BUY
829,98.97706264,98.97703402,0.20999425,0.02054218,-855.99359232,-680.27068631,29279.71533816,15635.48745730,0.00048031,0.00046710,0.01367379,0.50024093,1.83846635,-14.00000000,HOLD
830,98.93369429,98.92829781,-0.16550458,0.02004526,-637.49246273,-698.43225740,17140.24158873,24756.04452277,0.00048363,0.00046780,-0.01442227,0.50024093,2.45564599,-15.00000000,PASSIVE_SELL
831,98.84533518,98.84752331,-0.18150786,0.02087079,-161.07806271,-1362.16319360,20490.88677128,26042.76434811,0.00049848,0.00047117,-0.04499074,0.50024093,1.58831236,-14.00000000,PASSIVE_BUY
832,98.82270669,98.81455468,-0.05489885,0.02030917,-524.88839282,-1321.79389431,25233.60841116,23315.06439643,0.00049811,0.00046982,0.06573061,0.50012905,1.91526581,-15.00000000,PASSIVE_SELL
833,98.81826027,98.81688776,-0.08644506,0.02021485,-526.01717248,-1338.37051576,19848.39084144,25165.49332442,0.00049589,0.00046898,0.01818206,0.50036995,1.99206964,-16.00000000,PASSIVE_SELL
834,98.75960052,98.75349728,0.06604903,0.02029775,-756.23602602,-1640.94129752,31450.58271772,21624.40467668,0.00049683,0.00047018,-0.05421332,0.50036995,2.94077446,-17.00000000,PASSIVE_SELL
835,98.78915291,98.79174988,-0.05038292,0.02026794,609.43550613,-1572.81656457,24494.59176001,25027.39347446,0.00048859,0.00047071,0.08821214,0.49162696,1.62380868,-16.00000000,PASSIVE_BUY
836,98.80058640,98.81001093,0.07898483,0.02065413,395.57710724,-1594.19914696,29790.63103703,27041.07667495,0.00048510,0.00046955,-0.01811891,0.49162696,1.61980586,-15.00000000,PASSIVE_BUY
837,98.73290219,98.73199377,-0.10654246,0.02008244,-561.33850821,-1612.88987452,24612.25391480,27782.90564889,0.00049203,0.00047160,-0.07911770,0.49162696,2.64511025,-16.00000000,PASSIVE_SELL
838,98.67041512,98.67065767,0.01450016,0.02043680,-376.84758711,-2682.31607881,24664.38967717,20445.93385555,0.00048780,0.00047305,0.00519715,0.48253786,1.74854119,-15.00000000,PASSIVE_BUY
839,98.70887456,98.70782016,0.10137634,0.02020447,456.56861905,-3047.64315089,31426.57987005,17158.72657797,0.00048868,0.00047385,0.10094651,0.48253786,1.18175181,-16.00000000,PASSIVE_SELL
840,98.68593468,98.68400320,-0.17545115,0.02120970,-457.43369618,-3850.22810163,21510.89323962,30846.18475353,0.00048882,0.00047394,-0.06139932,0.47801559,1.55939471,-17.00000000,PASSIVE_SELL
841,98.72087604,98.72319821,-0.07152987,0.02025367,621.22402268,-3047.57346433,21914.32600855,26429.10320669,0.00049275,0.00047240,0.05788123,0.47801559,1.69483079,-16.00000000,PASSIVE_BUY
842,98.72406656,98.72112437,-0.00432126,0.02009603,451.41836691,-2530.15037829,31081.83851639,28070.50632646,0.00049243,0.00046933,-0.03175084,0.48636767,1.65383052,-17.00000000,PASSIVE_SELL
843,98.76415714,98.76265837,0.09350501,0.02023745,355.61822666,-1370.86223988,28040.26084947,25186.51988873,0.00049273,0.00047039,0.03690007,0.48636767,0.98240927,-18.00000000,PASSIVE_SELL
844,98.73741774,98.73536744,0.04737644,0.02074061,-507.95666633,-2373.75874970,30606.20756930,26541.32787849,0.00048551,0.00046959,-0.06682999,0.48316015,1.47408887,-19.00000000,PASSIVE_SELL
845,98.76921331,98.76926668,-0.08783342,0.02006302,680.95069710,-1803.68602038,25562.27126448,33360.55269296,0.00047512,0.00047035,0.05853498,0.48316015,0.86997304,-19.00000000,HOLD
846,98.74968500,98.74165546,-0.02381970,0.02020769,-576.67260580,-2224.53965255,23443.21916816,24869.22863187,0.00047537,0.00047043,-0.05132387,0.48062455,1.25111465,-20.00000000,PASSIVE_SELL
847,98.72245307,98.72407867,0.10137455,0.02092694,-209.95189724,-3034.65741868,31873.92558984,25728.22653511,0.00047422,0.00047062,-0.00770364,0.48062455,1.66546235,-19.00000000,PASSIVE_BUY
848,98.84119893,98.83299225,-0.05129844,0.02068433,217.93848028,-1999.22268541,27081.90415861,24398.81131676,0.00050601,0.00047884,0.14597780,0.48062455,-0.58036692,-20.00000000,PASSIVE_SELL
849,98.83544280,98.83490082,0.08295398,0.02019521,-469.83839087,-1769.64872449,34737.09541198,31819.17126323,0.00050597,0.00047152,-0.12450200,0.47526132,-0.45514664,-21.00000000,PASSIVE_SELL
850,98.84239897,98.84408065,0.13325953,0.02019353,791.92548666,-1274.22019437,27884.76088751,22245.64380306,0.00050029,0.00046999,0.01271230,0.46032835,1.55502528,-20.00000000,PASSIVE_BUY
851,98.83358869,98.83266813,-0.03540714,0.02006359,-490.31362205,-1297.28768488,22591.84134423,24101.88814331,0.00049824,0.00046944,-0.01576645,0.46032835,1.74126271,-21.00000000,PASSIVE_SELL
852,98.80056854,98.79603116,0.03542497,0.02036194,-593.92813061,-2792.23971236,30209.73328533,22952.54514205,0.00049940,0.00046978,-0.02420986,0.45328033,2.44486672,-22.00000000,PASSIVE_SELL
853,98.88400652,98.88291750,-0.23504247,0.02022431,884.06285717,-2519.29259853,15121.52193157,26762.01141202,0.00051459,0.00047382,0.11645812,0.45912484,0.61934333,-23.00000000,PASSIVE_SELL
854,98.83989019,98.84223989,0.12952201,0.02040529,-650.74877463,-2694.06150459,26113.87760936,21462.12079929,0.00051217,0.00047461,-0.12755431,0.45912484,1.53735977,-22.00000000,PASSIVE_BUY
855,98.80210503,98.80205578,-0.10208025,0.02048767,-871.41547647,-3050.41370862,17145.56968600,21691.28710552,0.00050834,0.00047403,0.00633118,0.46438560,2.36863319,-22.00000000,HOLD
856,98.83596962,98.84264762,0.23874691,0.02038977,862.28736886,-1351.20295086,34719.11991356,24659.56228306,0.00051029,0.00047174,0.07164974,0.45867968,1.55163818,-21.00000000,PASSIVE_BUY
857,98.90329684,98.90806199,-0.03480544,0.02098861,411.89272090,-1414.12260833,20772.71740659,24902.21037829,0.00052009,0.00047307,0.03346264,0.45867968,1.48881685,-20.00000000,PASSIVE_BUY
858,98.84869978,98.85540186,-0.12323213,0.02004440,-405.36991713,-2438.88972363,21727.99945215,32506.40713868,0.00052120,0.00047391,-0.12192428,0.44573421,1.56240604,-19.00000000,PASSIVE_BUY
859,98.78798737,98.78877547,0.07469952,0.02079048,-491.02648856,-2540.40297613,31325.56912686,26473.30581897,0.00052114,0.00047506,-0.00611536,0.44573421,1.62679901,-18.00000000,PASSIVE_BUY
860,98.81065630,98.80554394,-0.12148043,0.02038339,250.36167094,-2433.87570818,27474.95683424,30841.80106831,0.00052055,0.00047408,0.08338135,0.44573421,1.22894989,-19.00000000,PASSIVE_SELL
861,98.75865188,98.75964285,0.02998770,0.02012700,-479.42961504,-3020.71646503,28475.17327683,27923.62212965,0.00052049,0.00047054,-0.07467336,0.43934754,1.66405074,-18.00000000,PASSIVE_BUY
862,98.72199384,98.72358888,0.04844014,0.02017867,-565.82386876,-3086.12693529,21772.35211340,22255.33898066,0.00050518,0.00047105,0.01534638,0.43482322,1.71035891,-17.00000000,PASSIVE_BUY
863,98.69566647,98.69902867,0.12155560,0.02014052,-267.01324436,-2675.99793624,20746.37903515,15999.16706585,0.00050379,0.00046699,0.01033067,0.43482322,1.74706173,-16.00000000,PASSIVE_BUY
864,98.68949051,98.69129051,0.10420494,0.02026754,-400.33048759,-3668.58101190,28285.46248359,23395.30959124,0.00050098,0.00046053,0.02015142,0.43482322,1.76241879,-15.00000000,PASSIVE_BUY
865,98.71102043,98.70850672,0.08492217,0.02014504,415.78801044,-3661.97727864,30834.26435970,22879.39382449,0.00050194,0.00045888,0.02770586,0.44030433,1.44954263,-16.00000000,PASSIVE_SELL
866,98.75130604,98.74783294,-0.08979316,0.02058090,416.48978630,-2541.11257773,22183.51851180,25050.61797358,0.00048245,0.00045967,0.01875571,0.44158850,0.81526320,-17.00000000,PASSIVE_SELL
867,98.83408172,98.83626861,0.06684576,0.02023644,990.34100823,-2336.37121227,26967.39141841,27034.00984171,0.00049577,0.00046050,0.04249005,0.44158850,1.61521978,-16.00000000,PASSIVE_BUY
868,98.73567611,98.73330181,0.11301809,0.02063146,-994.49105745,-4037.80475364,27445.55451514,21252.46329244,0.00050734,0.00046258,-0.18118128,0.44057005,3.20002526,-17.00000000,PASSIVE_SELL
869,98.71483702,98.70594183,-0.05175373,0.02036134,-482.39261473,-4961.93325494,26592.87756477,28223.26124162,0.00050744,0.00046030,0.07756652,0.44057005,3.56447044,-18.00000000,PASSIVE_SELL
870,98.71883487,98.72731363,0.02006056,0.02001046,506.10896455,-3977.23523959,26246.62922448,27521.66842028,0.00050132,0.00045521,0.02483694,0.42734602,1.71232746,-17.00000000,PASSIVE_BUY
871,98.71748324,98.71569504,0.09291250,0.02156847,-666.83172838,-3879.58127921,28068.60135152,20901.47118921,0.00050133,0.00045289,-0.00534948,0.42734602,1.74608937,-18.00000000,PASSIVE_SELL
872,98.68364368,98.67749693,0.26301663,0.02025008,-443.61559574,-4955.83062493,28661.32792169,13350.31995571,0.00049904,0.00044685,-0.03248793,0.42734602,2.36532647,-19.00000000,PASSIVE_SELL
873,98.74794888,98.74877291,-0.10197033,0.02057965,387.20679337,-4271.44568394,22597.76864251,28537.93012324,0.00049181,0.00044836,0.09814476,0.43320087,1.66860050,-18.00000000,PASSIVE_BUY
874,98.77958483,98.78442081,0.19618333,0.02049848,437.98670382,-4203.62172573,27835.35591586,19299.99881443,0.00047212,0.00044911,-0.03266925,0.43320087,1.64790376,-17.00000000,PASSIVE_BUY
875,98.67895998,98.67671943,0.07058894,0.02038824,-703.28418870,-4269.43666880,23707.88790237,23221.11398483,0.00049150,0.00045320,-0.13226079,0.43104853,3.36872020,-18.00000000,PASSIVE_SELL
876,98.60035552,98.59952759,0.08496264,0.02009426,-697.36253532,-5738.53339678,27261.32862724,23090.29529856,0.00049805,0.00045622,0.02202038,0.43372807,4.79364766,-19.00000000,PASSIVE_SELL
877,98.56950656,98.57313408,-0.04309738,0.02005755,-414.66354238,-6675.28038738,25001.38679873,30175.14173114,0.00048515,0.00045443,0.04775550,0.43372807,1.83889571,-18.00000000,PASSIVE_BUY
878,98.51205637,98.50404486,-0.10788505,0.02021760,-222.94316444,-6319.54671588,24059.24878351,26594.88118867,0.00048771,0.00044950,-0.02660124,0.43372807,2.88310805,-19.00000000,PASSIVE_SELL
879,98.51256007,98.51630014,-0.21562781,0.02053505,420.48224407,-5043.07087949,14231.35114326,26915.47490061,0.00048715,0.00044868,0.05795390,0.43372807,1.88981964,-18.00000000,PASSIVE_BUY
880,98.49227932,98.48998894,0.07483293,0.02020328,-623.87920928,-5029.45762604,31528.05486018,26280.35930395,0.00048494,0.00044872,-0.02078445,0.42888775,2.26497473,-19.00000000,PASSIVE_SELL
881,98.43685145,98.44199986,-0.12030332,0.02031444,-263.65611061,-5132.03567394,23563.93904458,29340.83165082,0.00047611,0.00044990,-0.03514713,0.42888775,1.96740806,-18.00000000,PASSIVE_BUY
882,98.43940702,98.43629954,-0.02648698,0.02023057,138.93383963,-4468.21344148,25559.65981704,26816.02196865,0.00047588,0.00044993,0.05798345,0.42888775,1.93152300,-19.00000000,PASSIVE_SELL
883,98.43428628,98.43753276,-0.01715784,0.02030447,-252.82551487,-4195.02178387,25895.41030706,25331.99850317,0.00047587,0.00044957,-0.00767632,0.42016283,1.97125947,-18.00000000,PASSIVE_BUY
884,98.39523883,98.39273197,0.15790153,0.02036775,-679.22958075,-4118.01533859,28874.50254687,19601.43919743,0.00047239,0.00044802,-0.03392670,0.42016283,2.68429730,-19.00000000,PASSIVE_SELL
885,98.29906697,98.29303755,0.10060409,0.02004808,-488.87074839,-5216.32159312,29948.41100482,21015.11719640,0.00048586,0.00045114,-0.05712442,0.42534458,4.52158669,-20.00000000,PASSIVE_SELL
886,98.33640159,98.33675540,-0.17984688,0.02014823,773.58807887,-4838.31062149,20250.96443074,27568.55044612,0.00048959,0.00045103,0.13350648,0.43067814,2.05371035,-19.00000000,PASSIVE_BUY
887,98.30548977,98.30157843,0.16527784,0.02032573,-824.82150360,-5101.79361689,28865.85848268,19853.94600268,0.00048334,0.00045041,-0.06824644,0.43067814,2.65119783,-20.00000000,PASSIVE_SELL
888,98.33517433,98.33614525,0.11411879,0.02061627,643.26083938,-4081.68519040,33078.68804842,25993.88122298,0.00047992,0.00045061,0.06059639,0.42151759,2.05019150,-19.00000000,PASSIVE_BUY
889,98.39227613,98.39305441,0.00724224,0.02103689,564.56070082,-3973.69310864,35776.76063242,37097.39427101,0.00048428,0.00045267,0.02741723,0.42151759,1.99982257,-18.00000000,PASSIVE_BUY
890,98.37491560,98.37329579,0.04189370,0.02012818,-759.33670878,-4275.59612124,32304.51068561,28168.17760072,0.00048396,0.00045051,-0.07446233,0.41386273,2.32237626,-19.00000000,PASSIVE_SELL
891,98.39878379,98.39601959,-0.27175665,0.02064669,668.08010558,-4228.74003834,19486.67677793,32751.49018179,0.00048229,0.00045100,0.04122873,0.41630031,1.87920395,-20.00000000,PASSIVE_SELL
892,98.37620576,98.37277668,0.03905039,0.02001433,-466.38928491,-5146.54769015,33084.84158810,30420.06197072,0.00048262,0.00045076,-0.04644623,0.41630031,2.34077179,-21.00000000,PASSIVE_SELL
893,98.28334530,98.27866446,0.24037228,0.02079026,-511.70563973,-6013.87155654,33361.91013405,13827.59646823,0.00049287,0.00045498,-0.07028242,0.41954806,4.30123643,-22.00000000,PASSIVE_SELL
894,98.33517053,98.33349148,-0.07269169,0.02036491,707.12913851,-4798.78575170,21057.54580282,20365.65251729,0.00049987,0.00045681,0.14468568,0.41954806,3.17126390,-23.00000000,PASSIVE_SELL
895,98.33680994,98.33904898,0.12225565,0.02056858,746.78666409,-4732.94978471,27995.52682672,23181.02727706,0.00049676,0.00045682,-0.05018582,0.42511716,2.01424549,-22.00000000,PASSIVE_BUY
896,98.30650689,98.30834932,-0.03126619,0.02119105,-452.65076394,-4608.92794285,26476.56991569,28340.02030036,0.00049749,0.00045646,-0.03194246,0.42511716,2.04860818,-21.00000000,PASSIVE_BUY
897,98.32164110,98.32211022,-0.03698939,0.02000630,596.09757596,-3802.87846965,26099.97335304,28393.24582381,0.00049791,0.00045300,0.04543726,0.43439284,2.05532460,-20.00000000,PASSIVE_BUY
898,98.30607009,98.31065742,0.01608889,0.02094222,-553.33780823,-4574.15475815,24693.32668960,27867.96507784,0.00046298,0.00045208,-0.03070521,0.43321381,2.07247548,-19.00000000,PASSIVE_BUY
899,98.31443121,98.31351268,0.06021579,0.02036038,184.97076905,-3919.34559824,26389.65099935,23081.94549929,0.00046373,0.00045198,0.02393212,0.43321381,1.92379451,-20.00000000,PASSIVE_SELL
900,98.26863793,98.27303839,-0.13631430,0.02061313,-153.28743501,-4864.55851990,15223.39816506,24397.73201861,0.00046573,0.00045237,-0.05415439,0.43321381,2.11432005,-19.00000000,PASSIVE_BUY
901,98.30503661,98.30207521,-0.08088414,0.02087704,277.15083028,-4097.09406758,23624.41634637,27358.94408538,0.00047068,0.00045323,0.08219196,0.44081008,1.43318362,-20.00000000,PASSIVE_SELL
902,98.24403898,98.24075450,0.11379314,0.02037465,-568.65028807,-4071.81622504,33150.47858477,22431.82039097,0.00047513,0.00045493,-0.09739632,0.44081008,2.66332362,-21.00000000,PASSIVE_SELL
903,98.19050406,98.18963671,-0.05136158,0.02078834,-475.99856889,-5431.87765110,22547.83004261,25247.01602052,0.00045868,0.00045502,0.00746272,0.44470010,3.79795098,-22.00000000,PASSIVE_SELL
904,98.20807059,98.20639110,0.03354461,0.02022741,457.29258793,-4323.83628854,31806.37496015,28330.92664179,0.00045871,0.00045533,0.07110144,0.44470010,3.42160105,-23.00000000,PASSIVE_SELL
905,98.18368910,98.17945221,-0.01193280,0.02039022,-565.01243558,-4017.43324766,29766.29454931,24452.97337561,0.00045760,0.00045551,-0.04194802,0.44395175,3.99257045,-24.00000000,PASSIVE_SELL
906,98.19864527,98.19081272,0.10842435,0.02030616,458.93162298,-4420.78899354,31135.76632496,21462.99686338,0.00045447,0.00045554,0.03933766,0.44395175,3.64377547,-25.00000000,PASSIVE_SELL
907,98.26024075,98.26629092,0.00109622,0.02005130,812.37103857,-4020.31067586,21926.40733876,22536.82738016,0.00045261,0.00045778,0.04663931,0.45152853,2.07130455,-24.00000000,PASSIVE_BUY
908,98.32374835,98.31963542,-0.21905733,0.02015974,94.89807322,-3520.04268551,20071.51589747,32518.14894915,0.00046129,0.00046037,0.00191213,0.45152853,0.55720194,-25.00000000,PASSIVE_SELL
909,98.35879842,98.36477669,0.02058305,0.02082072,313.01439457,-2716.00180237,24861.39642772,23788.96893530,0.00045993,0.00046131,-0.02845754,0.45152853,1.96724310,-24.00000000,PASSIVE_BUY
910,98.44362680,98.44940261,0.24443551,0.02005849,464.86617482,-2501.49729848,29553.45034266,21680.35073027,0.00047685,0.00046532,0.04977832,0.45152853,1.90120964,-23.00000000,PASSIVE_BUY
911,98.47144871,98.47182050,0.16104955,0.02009121,559.67116165,-1462.39652179,27595.19641917,20214.46543021,0.00047496,0.00046555,-0.05700647,0.46040256,1.88307339,-22.00000000,PASSIVE_BUY
912,98.55285882,98.55244373,0.11120875,0.02001043,562.27292336,-334.29972967,27050.43864311,21564.50352446,0.00048858,0.00046945,0.05358820,0.47107518,0.10205624,-23.00000000,PASSIVE_SELL
913,98.53390533,98.53987456,0.03081566,0.02001588,-233.79951857,-301.08600388,23897.63068443,25215.82380718,0.00048798,0.00046947,-0.10036359,0.47107518,1.82581904,-22.00000000,PASSIVE_BUY
914,98.49936239,98.49932854,-0.06555450,0.02073821,-503.23259074,-403.98810703,29165.28853966,34261.17091490,0.00049000,0.00046932,-0.01558945,0.47107518,2.58576367,-22.00000000,HOLD
915,98.46038537,98.46416239,0.18323624,0.02024028,-310.89920760,-1130.67532507,23964.06446114,20529.59291432,0.00049110,0.00046983,-0.00443408,0.48277784,1.90710299,-21.00000000,PASSIVE_BUY
916,98.40585402,98.40598266,-0.14920547,0.02107479,-668.03936847,-2215.20447984,19502.52656306,31370.84014368,0.00049159,0.00047113,-0.01555433,0.48277784,1.96382658,-20.00000000,PASSIVE_BUY
917,98.42288471,98.43161887,-0.03685001,0.02018642,545.82800340,-2659.71748467,21230.06034774,24872.80657654,0.00047558,0.00046936,0.07156204,0.48220826,1.96532870,-19.00000000,PASSIVE_BUY
918,98.40504615,98.40911621,0.08599473,0.02006885,-484.09959614,-2149.32602337,21497.93303998,23207.13312280,0.00045765,0.00046562,-0.03486924,0.48220826,1.99425979,-18.00000000,PASSIVE_BUY
919,98.34447877,98.34289961,-0.04289592,0.02016635,-835.20275766,-2502.13616631,20245.57913870,23153.23248074,0.00046366,0.00046679,-0.04272882,0.48346545,3.09455579,-19.00000000,PASSIVE_SELL
920,98.36407158,98.37176093,0.09050879,0.02029252,716.12214428,-2292.12298659,24534.49974634,23323.47299779,0.00046498,0.00046709,0.08016018,0.48346545,2.03120422,-18.00000000,PASSIVE_BUY
921,98.30558942,98.30659018,-0.06121390,0.02059431,-644.65540665,-2269.94666485,27764.17884823,33158.47552724,0.00047061,0.00046563,-0.07807496,0.48703641,2.09741834,-17.00000000,PASSIVE_BUY
922,98.29505402,98.29615581,-0.08218706,0.02027451,-712.72602902,-2539.05709813,21542.51565774,28340.55230410,0.00046916,0.00046279,0.04794677,0.49487962,2.12064936,-16.00000000,PASSIVE_BUY
923,98.27599922,98.26751235,-0.12081933,0.02073837,-912.92650928,-3839.19040078,17728.39347156,19232.33051902,0.00045763,0.00046277,-0.00851942,0.49487962,2.43589547,-17.00000000,PASSIVE_SELL
924,98.25550889,98.25608089,-0.16604414,0.02036257,-440.23922289,-4717.41632750,18012.16897069,25552.04249954,0.00045399,0.00046103,-0.00143552,0.49994666,2.15961948,-16.00000000,PASSIVE_BUY
925,98.20399457,98.20190330,0.03017661,0.02081108,-681.06095172,-4695.19309052,35009.04324007,32645.32833877,0.00043913,0.00046221,-0.03102399,0.51719516,2.99425414,-17.00000000,PASSIVE_SELL
926,98.21492544,98.21745266,0.24883132,0.02000350,656.82160418,-3341.00895103,32292.16620502,15919.02922867,0.00042844,0.00046059,0.06244519,0.51719516,2.20107667,-16.00000000,PASSIVE_BUY
927,98.16078731,98.15957351,0.00649482,0.02012135,-783.98459134,-3710.32999999,21000.31562151,19198.25408351,0.00043233,0.00046133,-0.06506900,0.51830591,3.07734737,-17.00000000,PASSIVE_SELL
928,98.21245662,98.20851324,0.18321800,0.02086890,558.31709018,-2929.06974537,33015.16510851,19347.37339686,0.00043457,0.00046263,0.10580744,0.51754415,2.20940354,-18.00000000,PASSIVE_SELL
929,98.22210853,98.21335822,0.12234364,0.02018982,464.29703235,-2885.25495709,34390.40187603,23206.79224133,0.00043504,0.00045489,-0.04201741,0.51754415,2.04576419,-19.00000000,PASSIVE_SELL
930,98.21969066,98.21597357,-0.04647502,0.02008171,-211.12901075,-2472.50475857,26276.13428138,26809.37840410,0.00043456,0.00045483,-0.01206977,0.51754415,2.10174451,-20.00000000,PASSIVE_SELL
931,98.18180621,98.17622174,0.07497822,0.02080743,-565.18038544,-2774.02903339,34757.74566316,21840.30605803,0.00043112,0.00045306,-0.03546658,0.50437744,2.86983721,-21.00000000,PASSIVE_SELL
932,98.14563150,98.13993511,-0.04907090,0.02006337,-439.98727777,-3352.95015079,27805.73116826,30163.11803376,0.00043322,0.00045314,0.00170974,0.50437744,3.63953782,-22.00000000,PASSIVE_SELL
933,98.10168708,98.11120889,-0.04010397,0.02034769,-97.59258902,-3197.71722494,16415.44855493,22107.71995566,0.00043661,0.00045342,-0.00776971,0.49950707,2.25968274,-21.00000000,PASSIVE_BUY
934,98.03933775,98.04207915,0.04260280,0.02059894,-744.82289298,-3263.31053717,16137.35101602,19977.05421815,0.00044147,0.00045387,-0.01840492,0.51052567,2.32981907,-20.00000000,PASSIVE_BUY
935,98.06749343,98.07452368,-0.10918857,0.02051235,342.79284625,-2431.64694253,19471.32306741,24651.28918289,0.00042479,0.00045404,0.09050501,0.51052567,2.31274219,-19.00000000,PASSIVE_BUY
936,98.06829435,98.06713516,-0.04128649,0.02055451,372.14333519,-2833.09168621,33290.41130789,33408.43296762,0.00042049,0.00045049,-0.02735475,0.51052567,2.30780188,-20.00000000,PASSIVE_SELL
937,98.07652389,98.07345167,0.06103292,0.02022246,512.27864490,-1495.99153770,24847.58439725,22693.50913140,0.00041926,0.00045008,0.00742862,0.51887042,2.15332228,-21.00000000,PASSIVE_SELL
938,97.99507385,97.98611651,-0.12571891,0.02015438,-475.42520079,-2614.67757787,23118.68059197,27354.37742149,0.00043027,0.00045340,-0.08967959,0.51887042,3.87385040,-22.00000000,PASSIVE_SELL
939,98.05056457,98.04593620,0.07540007,0.02005578,577.99090761,-2601.24737108,31357.77931784,22241.45370946,0.00042984,0.00045511,0.13694076,0.51707611,2.66308249,-23.00000000,PASSIVE_SELL
940,97.99277383,97.99153663,0.07775621,0.02000800,-549.24787289,-2391.15853520,22695.56477374,19253.32289486,0.00043575,0.00045667,-0.11328145,0.51707611,4.00227341,-24.00000000,PASSIVE_SELL
941,98.03536731,98.04361321,-0.20350359,0.02015469,541.33162683,-2517.90701395,15537.59566506,23833.31116481,0.00043938,0.00045479,0.10038422,0.50600953,2.30559213,-23.00000000,PASSIVE_BUY
942,98.01860227,98.01933018,0.07408953,0.02006059,-558.32974714,-2609.84747617,33351.86361043,28576.47272545,0.00043905,0.00045485,-0.05935852,0.50600953,2.33342254,-22.00000000,PASSIVE_BUY
943,97.96002556,97.96560843,0.10177712,0.02023497,-588.86874073,-2687.01057718,20935.47118267,22288.09796907,0.00042782,0.00045584,-0.04181168,0.52262332,2.40028574,-21.00000000,PASSIVE_BUY
944,97.99003376,97.98432770,-0.06195011,0.02072952,214.79642956,-3179.34328613,22362.36272367,24096.46472676,0.00042279,0.00045575,0.08858492,0.52262332,1.78047817,-22.00000000,PASSIVE_SELL
945,97.98624047,97.98213683,-0.17948428,0.02042465,-410.22189472,-4336.35184493,18318.28798214,27984.13652360,0.00042263,0.00045526,-0.03380150,0.52881568,1.87414289,-23.00000000,PASSIVE_SELL
946,97.91591002,97.91927119,-0.06729436,0.02050150,-361.15598823,-4244.85706922,28265.96359589,32425.89805010,0.00043103,0.00045495,-0.06653716,0.53591173,2.43570415,-22.00000000,PASSIVE_BUY
947,97.88323396,97.88619575,0.15554222,0.02022405,-557.05671068,-5398.01135585,36051.17700578,26101.04975250,0.00043116,0.00045513,0.03765439,0.53591173,2.48140543,-21.00000000,PASSIVE_BUY
948,97.89700554,97.89638799,0.03749766,0.02060087,517.84548834,-4326.82805929,21273.72834065,20075.98441681,0.00043223,0.00045431,0.04644764,0.53979760,2.20250265,-22.00000000,PASSIVE_SELL
949,97.95668850,97.95513807,-0.25697312,0.02000406,545.32798595,-3966.47084240,22606.99524294,37141.45638881,0.00044243,0.00045580,0.04591137,0.53979760,0.89947974,-23.00000000,PASSIVE_SELL
950,97.97861129,97.97730376,0.01114320,0.02076748,501.56282967,-3311.62057772,22303.89621833,23732.47136110,0.00044071,0.00045562,-0.03776016,0.54503215,0.40563920,-24.00000000,PASSIVE_SELL
951,98.04357152,98.04585356,-0.14219907,0.02033065,641.63723791,-2947.13417008,18425.36254128,29860.00350684,0.00044825,0.00045840,0.04303744,0.54503215,2.30982235,-23.00000000,PASSIVE_BUY
952,98.04500619,98.04617565,0.00358626,0.02053365,418.69260960,-1959.79127242,31927.49962638,31681.37655043,0.00044093,0.00045798,-0.06352557,0.55269217,2.31642142,-22.00000000,PASSIVE_BUY
953,97.99717996,98.00228765,0.14065031,0.02035848,-471.73439745,-1955.52710097,25826.59191739,22920.18190901,0.00043969,0.00045751,-0.04926090,0.55269217,2.37626620,-21.00000000,PASSIVE_BUY
954,98.05072365,98.05616095,0.01408689,0.02006622,555.06382624,-1857.75586266,25761.53598798,31736.36553783,0.00044630,0.00045917,0.10136992,0.53593620,2.33567820,-20.00000000,PASSIVE_BUY
955,98.01860270,98.02074712,-0.05677568,0.02071939,-573.05734721,-1865.80077429,24102.37509910,22441.89578003,0.00044721,0.00045956,-0.08566464,0.53593620,2.37195376,-19.00000000,PASSIVE_BUY
956,98.07697926,98.07538831,0.19636855,0.02024057,393.25569050,-1931.47670677,32842.12186957,18474.07362357,0.00045512,0.00046169,0.09049751,0.53470453,1.27291938,-20.00000000,PASSIVE_SELL
957,98.19246344,98.19034461,-0.28295961,0.02022452,492.86540385,-2250.98234149,20330.63080780,37407.59207819,0.00047686,0.00046888,0.05710762,0.53470453,-1.02665202,-21.00000000,PASSIVE_SELL
958,98.21631873,98.21568494,-0.10108922,0.02012207,420.25963018,-1925.62078453,19832.68545350,27549.66357735,0.00046898,0.00046929,-0.09162889,0.53470453,-1.51755206,-22.00000000,PASSIVE_SELL
959,98.25895388,98.26219724,-0.01518419,0.02038436,521.10677644,-1717.52840266,21156.74147154,23894.88452080,0.00047035,0.00047015,0.01877986,0.55119000,2.13656646,-21.00000000,PASSIVE_BUY
960,98.28770214,98.27810123,-0.23363928,0.02041021,210.86459532,-1971.52998217,23049.69701754,33249.44892622,0.00045551,0.00046954,-0.01388689,0.56540884,1.54305812,-22.00000000,PASSIVE_SELL
961,98.24469908,98.25319593,-0.02979966,0.02080837,-37.12489187,-2568.32603569,23998.49215524,27634.02484541,0.00045673,0.00047008,-0.07175132,0.56540884,2.14881511,-21.00000000,PASSIVE_BUY
962,98.25334797,98.26174828,0.09819933,0.02012283,372.40104858,-2758.19791048,27371.37877061,23444.51870287,0.00043990,0.00047014,0.05165195,0.56540884,2.15708306,-20.00000000,PASSIVE_BUY
963,98.29067139,98.29627749,0.17741766,0.02049874,487.85673117,-2036.54166073,26056.10272212,20300.55329906,0.00044376,0.00047107,0.02867452,0.56766904,2.12643783,-19.00000000,PASSIVE_BUY
964,98.34442693,98.33488085,-0.22615275,0.02022574,146.50229001,-1386.80677997,22402.13219931,27861.41180979,0.00044933,0.00047282,0.01643213,0.56766904,1.11519544,-20.00000000,PASSIVE_SELL
965,98.43142090,98.42273440,-0.22010662,0.02040219,480.74951469,-595.15805768,22449.93428220,29945.23893050,0.00046406,0.00047712,0.03323844,0.57546897,-0.61448303,-21.00000000,PASSIVE_SELL
966,98.41474541,98.41460211,-0.20531117,0.02030823,-472.45489383,-399.57358304,16790.61848673,28900.46032741,0.00045806,0.00047361,-0.10366947,0.57650444,-0.25414359,-22.00000000,PASSIVE_SELL
967,98.38947504,98.38857271,-0.12323377,0.02051447,-809.72970275,-1755.13128919,21542.69766809,26687.12517693,0.00045880,0.00047293,-0.00859488,0.57650444,0.31206179,-23.00000000,PASSIVE_SELL
968,98.36288181,98.36329794,0.08672188,0.02019168,-762.77079692,-2033.80248997,22901.40468788,22729.04503289,0.00045965,0.00047297,-0.00132287,0.59606432,0.92370621,0.00000000,ABORT
969,98.42246738,98.42240083,-0.05708110,0.02008466,912.47213420,-286.12759810,21429.09879533,28789.03742488,0.00045918,0.00047347,0.08617881,0.59630451,0.92370621,0.00000000,ABORT
970,98.36409113,98.36818093,0.07580501,0.02031880,-616.91557834,-1619.16532072,23881.26937733,22261.06987866,0.00046621,0.00047419,-0.11796183,0.59612861,0.93386561,1.00000000,PASSIVE_BUY
971,98.43798705,98.44545167,0.01885053,0.02021775,590.66174033,-383.84817374,19743.32518404,21050.30312416,0.00046992,0.00047600,0.13227218,0.59612861,1.01787041,2.00000000,PASSIVE_BUY
972,98.52147973,98.51919837,-0.17381041,0.02004577,225.11088715,553.98874243,22202.75238218,34158.02510993,0.00048330,0.00047871,0.00959675,0.60710536,1.18485576,0.00000000,ABORT
973,98.54986482,98.55031453,-0.02844827,0.02000004,507.88600899,1974.80126069,27015.30652825,26880.76305477,0.00048323,0.00047901,-0.05510758,0.60710536,1.18485576,0.00000000,ABORT
974,98.57804029,98.58079519,0.02466113,0.02023014,659.82572994,3074.86621353,29834.71812734,30558.37838095,0.00048278,0.00047916,-0.00020963,0.61178847,1.18485576,0.00000000,ABORT
975,98.53836007,98.53566936,-0.01147381,0.02043697,-602.00411126,3153.92305399,24242.17818893,25188.01546220,0.00048010,0.00047826,-0.06785568,0.61178847,1.18485576,0.00000000,ABORT
976,98.54408438,98.55068831,0.06365345,0.02011490,372.40060300,2869.50205282,24206.14412169,22291.29592508,0.00048006,0.00047722,0.04540452,0.61178847,1.18485576,0.00000000,ABORT
977,98.59325204,98.59367777,0.01000955,0.02011250,470.70840081,4124.19504496,30855.15889113,28280.90187106,0.00047550,0.00047682,0.04344335,0.61754482,1.18485576,0.00000000,ABORT
978,98.53721140,98.53561608,0.03148593,0.02000714,-839.49830558,2726.37964921,21871.74698805,16443.84862043,0.00048000,0.00047629,-0.10520831,0.61336655,1.18485576,0.00000000,ABORT
979,98.50564788,98.51038891,0.25435566,0.02082349,-368.62186036,1893.46075650,28724.81154766,16507.07718432,0.00048300,0.00047521,0.02447713,0.61336655,1.18485576,0.00000000,ABORT
980,98.49088329,98.49042112,0.01717754,0.02043566,-352.84775209,1751.74201516,28168.72496152,26334.97155817,0.00048375,0.00047523,0.01679893,0.61336655,1.18485576,0.00000000,ABORT
981,98.47893115,98.47050254,-0.10214842,0.02019430,-613.16087299,1703.76152761,20622.11392303,20583.08167409,0.00048033,0.00047524,0.00281245,0.61409405,1.18485576,0.00000000,ABORT
982,98.50887930,98.51104811,0.01529999,0.02003218,843.77715944,2987.52596482,22633.77077635,22323.95808457,0.00047754,0.00047551,0.04190029,0.61409405,1.18485576,0.00000000,ABORT
983,98.51133116,98.50275582,0.02360315,0.02078546,275.01372834,3360.13228217,31007.44068765,24496.88836704,0.00047176,0.00047489,-0.02749630,0.61468379,1.18485576,0.00000000,ABORT
984,98.42235307,98.41971618,-0.00375510,0.02037320,-531.69247476,3573.26270039,29178.78877400,28069.85710829,0.00048132,0.00047749,-0.09142995,0.62275968,1.18485576,0.00000000,ABORT
985,98.37856553,98.37428046,-0.00746718,0.02069320,-692.26080047,2538.20905368,32018.60573825,28801.26538033,0.00048585,0.00047575,0.04519056,0.62275968,1.18485576,0.00000000,ABORT
986,98.33543598,98.33502830,-0.06257237,0.02058560,-518.51716104,1647.54855745,20469.06663953,28505.41133958,0.00049086,0.00047564,0.00065799,0.64045646,1.18485576,0.00000000,ABORT
987,98.40190571,98.40229355,-0.02507135,0.02013584,525.92475344,1661.19466599,20693.52236632,24447.97143261,0.00049851,0.00047792,0.10959928,0.64045646,1.18485576,0.00000000,ABORT
988,98.39628775,98.39250213,-0.33319535,0.02023321,-499.11276712,1637.50709967,15916.00212189,33241.71017943,0.00048216,0.00047547,-0.07208769,0.64030815,1.18485576,0.00000000,ABORT
989,98.42459055,98.42388554,-0.10105982,0.02002371,414.22894704,1473.74513910,22573.25980599,21654.44093501,0.00047813,0.00047527,0.03392076,0.64030815,1.18485576,0.00000000,ABORT
990,98.41411900,98.41905799,-0.01477131,0.02038249,-194.04615372,1828.94685827,19555.75000223,19205.08155402,0.00046938,0.00047527,-0.03877435,0.64030815,1.18485576,0.00000000,ABORT
991,98.45768576,98.44809812,-0.13273831,0.02058000,123.72843465,1411.34366609,26856.75200638,30019.01078705,0.00046950,0.00047646,0.05403831,0.63053658,1.18485576,0.00000000,ABORT
992,98.44182398,98.44244546,0.25399145,0.02105380,-182.83661703,1786.83679619,33521.01887253,19504.22443921,0.00046939,0.00047631,-0.05942854,0.63053658,1.18485576,0.00000000,ABORT
993,98.45998421,98.45601253,0.16334663,0.02012674,353.30995331,2729.01549024,22746.17090419,15409.40563999,0.00045926,0.00047529,0.03402202,0.62003406,1.18485576,0.00000000,ABORT
994,98.45707439,98.45803865,-0.11532092,0.02059816,-525.65873220,1988.56032848,27061.48441238,32966.02829766,0.00045868,0.00047342,-0.02107006,0.62003406,1.18485576,0.00000000,ABORT
995,98.41689960,98.42415606,0.19008383,0.02077898,-476.12855636,1922.65366684,29246.70477694,19621.26543208,0.00046372,0.00047102,-0.03726496,0.62565988,1.18485576,0.00000000,ABORT
996,98.35208797,98.35143249,-0.05692852,0.02018439,-744.34705076,1539.46260431,26953.34893214,28565.02337124,0.00046173,0.00047302,-0.02463685,0.64359897,1.18485576,0.00000000,ABORT
997,98.44196866,98.43707143,-0.07699678,0.02007818,521.98438112,2618.50369611,30088.05454315,32272.78547983,0.00047180,0.00047746,0.15469232,0.64359897,1.18485576,0.00000000,ABORT
998,98.56137257,98.56588375,0.10673469,0.02014122,868.29646378,2968.95467155,32056.31519002,26201.40933842,0.00049624,0.00048498,0.02952323,0.65076096,1.18485576,0.00000000,ABORT
999,98.57705988,98.57536906,-0.05290788,0.02033701,432.14521825,2855.77190385,19152.79769289,22268.19955170,0.00049162,0.00048516,-0.10371661,0.65076096,1.18485576,0.00000000,ABORT
1000,98.65327759,98.65234747,0.16979172,0.02015371,679.83697775,3034.04605193,23111.53436663,15031.09808069,0.00049974,0.00048710,0.06053040,0.65124114,1.18485576,0.00000000,ABORT
1001,98.72537125,98.73372464,-0.08674263,0.02000311,791.94288965,3184.35170367,27559.82352048,34604.69081263,0.00050125,0.00048934,-0.00412405,0.66580380,1.18485576,0.00000000,ABORT
1002,98.70587266,98.70641287,0.09814770,0.02050736,-553.09193282,2212.56716126,27733.19754123,25759.08778304,0.00050318,0.00048948,-0.09159224,0.66580380,1.18485576,0.00000000,ABORT
1003,98.75355301,98.75239254,0.06696379,0.02094305,266.37488308,2950.67644178,31005.37016912,25646.70701712,0.00049749,0.00049058,0.06717893,0.66580380,1.18485576,0.00000000,ABORT
1004,98.82958451,98.83186593,-0.16879807,0.02053326,492.64044203,2888.25305757,18157.09035432,30657.93745164,0.00050197,0.00049212,0.02835116,0.65999296,1.18485576,0.00000000,ABORT
1005,98.80709580,98.81641368,0.07902761,0.02038952,-311.98168982,3149.32871496,28072.51314062,29607.11819329,0.00050023,0.00049057,-0.09852021,0.65999296,1.18485576,0.00000000,ABORT
1006,98.80025542,98.80247215,0.04600957,0.02035255,-482.07690667,2273.99611780,31253.65409403,27193.85536627,0.00049731,0.00049025,0.01564833,0.65999296,1.18485576,0.00000000,ABORT
1007,98.71033918,98.71241062,-0.06588398,0.02002804,-450.92034641,1330.21036754,23711.04858512,28836.70754669,0.00049672,0.00049431,-0.08307587,0.65704358,1.18485576,0.00000000,ABORT
1008,98.67064840,98.67599933,0.05636764,0.02032556,-590.22536280,319.72537456,25088.86719155,25461.75754619,0.00050133,0.00049408,0.05022547,0.65540860,1.18485576,0.00000000,ABORT
1009,98.65425669,98.65219461,-0.02057667,0.02018478,-819.30282556,-1020.68422744,26470.54120358,20116.66654863,0.00050019,0.00049238,0.02329906,0.65540860,1.18485576,0.00000000,ABORT
1010,98.58471245,98.58577778,-0.00184909,0.02007548,-398.77117000,-1630.31999276,17787.59778605,18910.85711590,0.00051111,0.00049430,-0.05315253,0.65840353,1.18485576,0.00000000,ABORT
1011,98.57180150,98.57021960,-0.07102281,0.02024548,-249.55313762,-1842.74823851,23557.64880361,28405.16065186,0.00050692,0.00049337,0.05663329,0.65840353,1.18485576,0.00000000,ABORT
1012,98.57084468,98.57671707,0.03292365,0.02035097,-167.70470625,-2382.85399334,29073.12317935,29971.42721345,0.00050702,0.00048852,0.01195413,0.65840353,1.18485576,0.00000000,ABORT
1013,98.48705383,98.48792115,0.17522754,0.02119375,-613.15623530,-3483.86695980,23624.50535720,15571.28299109,0.00052078,0.00049132,-0.08283403,0.66882695,1.18485576,0.00000000,ABORT
1014,98.46204219,98.46423177,-0.27469458,0.02056176,-712.64728718,-4343.01653700,15647.77800395,35274.91655627,0.00051725,0.00049098,0.05877921,0.67055641,1.18485576,0.00000000,ABORT
1015,98.44954515,98.44416991,0.22180569,0.02019953,-868.64896794,-5692.41501963,32789.02607961,17071.85119564,0.00050279,0.00049094,0.01251461,0.67055641,1.18485576,0.00000000,ABORT
1016,98.43873720,98.44258774,-0.12297685,0.02059652,-259.23537740,-5479.19550320,20134.50722168,28476.39699026,0.00050244,0.00048485,0.00168908,0.68192747,1.18485576,0.00000000,ABORT
1017,98.42729712,98.42541572,0.05782842,0.02015368,-592.76074410,-5262.22654455,27991.77921157,26452.77187975,0.00050136,0.00048445,-0.00063213,0.68192747,1.18485576,0.00000000,ABORT
1018,98.44818324,98.45111432,-0.01235977,0.02064528,503.44776751,-3996.00798013,25257.15409461,29205.80696008,0.00050056,0.00048294,0.03232620,0.68192747,1.18485576,0.00000000,ABORT
1019,98.40310683,98.41121771,0.09014691,0.02014680,-233.87090501,-5142.35101934,27897.97442131,25195.06097877,0.00049770,0.00048382,-0.06596253,0.67771894,1.18485576,0.00000000,ABORT
1020,98.45672627,98.46425713,0.23961790,0.02004712,536.33480372,-3989.10063728,28725.17483732,20897.84876240,0.00049625,0.00048375,0.09869585,0.67771894,1.18485576,0.00000000,ABORT
1021,98.48800940,98.49745094,-0.03993501,0.02010910,464.81249150,-4114.94988610,19509.88868425,24569.45932069,0.00048709,0.00048435,-0.02233632,0.67071562,1.18485576,0.00000000,ABORT
1022,98.57456693,98.56713733,0.03680440,0.02011454,47.61194379,-4292.44882946,25285.55291272,21078.19250923,0.00048816,0.00048758,0.05527441,0.67071562,1.18485576,0.00000000,ABORT
1023,98.58155179,98.58287517,-0.13655451,0.02020600,699.30082653,-4101.03401191,16000.52655204,26727.74387735,0.00048664,0.00048313,-0.07957266,0.66966038,1.18485576,0.00000000,ABORT
1024,98.55317718,98.55805286,0.37669917,0.02059354,-633.55887227,-5394.41861412,32253.62399930,15417.65895032,0.00048668,0.00047806,-0.03535948,0.67320550,1.18485576,0.00000000,ABORT
1025,98.54720814,98.54509786,-0.03917632,0.02039255,-829.49735772,-5621.91186059,26870.41784423,27577.88305160,0.00048344,0.00047794,0.02240558,0.67320550,1.18485576,0.00000000,ABORT
1026,98.52430860,98.52563886,0.11381273,0.02006812,-296.30939961,-6290.62186320,19861.00179266,20277.98126064,0.00048447,0.00047725,-0.01693050,0.67320550,1.18485576,0.00000000,ABORT
1027,98.49891137,98.49097494,-0.19058892,0.02025223,-366.74029640,-7128.07056041,25881.14113869,36142.07088508,0.00048032,0.00047445,-0.00249769,0.68199871,1.18485576,0.00000000,ABORT
1028,98.48072731,98.47981399,-0.02170042,0.02022541,-341.44816711,-6630.02042194,23746.48008565,28257.88498889,0.00047451,0.00047372,0.00721316,0.68199871,1.18485576,0.00000000,ABORT
1029,98.49935795,98.50230402,0.05434447,0.02078182,801.48566015,-5459.91290143,26590.41547858,26003.59884398,0.00047324,0.00047359,0.03681470,0.67939386,1.18485576,0.00000000,ABORT
1030,98.51304909,98.51012703,0.01114425,0.02076347,473.76609684,-4633.29905250,31042.31016420,27970.69606641,0.00047315,0.00047282,-0.00493949,0.67939386,1.18485576,0.00000000,ABORT
1031,98.47666616,98.48595354,0.23122846,0.02004811,-214.55676071,-4234.69494022,29442.01695626,21816.49498554,0.00047574,0.00046941,-0.05007407,0.66678499,1.18485576,0.00000000,ABORT
1032,98.49823779,98.49953863,-0.01113083,0.02122349,305.58263143,-4772.88946823,18749.41305738,21569.47146625,0.00047480,0.00046947,0.05795455,0.66678499,1.18485576,0.00000000,ABORT
1033,98.55770080,98.56393261,-0.05804106,0.02010083,651.06152490,-4396.84167166,19861.81256317,28865.32005831,0.00048231,0.00047150,0.03789139,0.66342358,1.18485576,0.00000000,ABORT
1034,98.58769457,98.58752206,0.15956780,0.02005414,568.00111674,-3297.14808017,35547.74582819,23663.85471449,0.00046595,0.00047022,-0.02946924,0.66364660,1.18485576,0.00000000,ABORT
1035,98.56165304,98.56160984,-0.09961180,0.02050671,-824.10707568,-3428.99435538,27055.43859277,31901.86900117,0.00046291,0.00047006,-0.05603531,0.66330706,1.18485576,0.00000000,ABORT
1036,98.55645739,98.54714803,-0.07513844,0.02066933,-724.38300537,-3634.86019971,23855.65693622,22244.02505161,0.00045811,0.00046998,0.02084589,0.66330706,1.18485576,0.00000000,ABORT
1037,98.51764570,98.52020514,0.11774975,0.02020395,-294.38922753,-4455.17418068,27359.24659356,24733.87877979,0.00045310,0.00046834,-0.03361605,0.67387566,1.18485576,0.00000000,ABORT
1038,98.56618040,98.56546363,-0.29669576,0.02031933,696.76577066,-3259.29564291,15556.82140350,34188.37420498,0.00045765,0.00046759,0.08734639,0.66575613,1.18485576,0.00000000,ABORT
1039,98.62447603,98.62447011,0.03674831,0.02024211,868.68760038,-2804.83698957,32054.34556950,29229.37774561,0.00046295,0.00046866,0.00976093,0.66575613,1.18485576,0.00000000,ABORT
1040,98.72839990,98.72884683,-0.20551894,0.02025262,880.04229377,-1730.74854208,21051.13591847,36967.39608896,0.00048359,0.00047427,0.04562824,0.67601260,1.18485576,0.00000000,ABORT
1041,98.67873376,98.67212689,-0.03456874,0.02027619,-703.00781543,-2557.48479216,21707.45439939,24135.43575287,0.00048689,0.00047494,-0.15359001,0.67063033,1.18485576,0.00000000,ABORT
1042,98.71799912,98.71260034,0.10686138,0.02087350,355.71140161,-2018.93677352,33034.84691501,21020.55883685,0.00048845,0.00047578,0.08893150,0.67063033,1.18485576,0.00000000,ABORT
1043,98.66291889,98.66195942,0.02051034,0.02013396,-308.03249559,-2680.27922242,23890.47451926,20759.16282670,0.00049556,0.00047652,-0.09434559,0.67031359,1.18485576,0.00000000,ABORT
1044,98.64866821,98.64476130,-0.18036207,0.02099931,-501.57866907,-2656.19915930,23223.12290218,31508.69750758,0.00049614,0.00047625,0.04082955,0.67031359,1.18485576,0.00000000,ABORT
1045,98.66634146,98.66385429,-0.16112078,0.02017901,656.80552885,-1523.26507408,25002.94318867,34881.35179657,0.00049236,0.00047587,0.03192393,0.65585859,1.18485576,0.00000000,ABORT
1046,98.63075103,98.62739577,-0.04373216,0.02015377,-732.82410383,-1511.74212715,28696.43872362,27983.14496130,0.00048549,0.00047633,-0.05326368,0.64819106,1.18485576,0.00000000,ABORT
1047,98.69395678,98.69980402,0.11666805,0.02011213,824.84196794,-1208.88454033,30050.30782677,22241.62098070,0.00047730,0.00047812,0.09879619,0.64819106,1.18485576,0.00000000,ABORT
1048,98.71598684,98.71781653,0.09144331,0.02037153,581.91318232,-1495.26782179,27110.48932695,23213.22534396,0.00044839,0.00047073,-0.04117570,0.66749459,1.18485576,0.00000000,ABORT
1049,98.67450109,98.67097801,-0.06388234,0.02015761,-702.36271131,-2629.77575135,29325.27995562,31990.61058084,0.00045241,0.00047162,-0.06351582,0.66749459,1.18485576,0.00000000,ABORT
1050,98.69205919,98.69193385,-0.18445805,0.02099983,690.27604559,-2619.33668351,20387.10188503,31857.70732111,0.00044010,0.00047177,0.05904385,0.67794239,1.18485576,0.00000000,ABORT
1051,98.65539896,98.64720502,-0.02770332,0.02035314,-843.22368247,-4254.50325563,31089.58633209,30155.06779122,0.00043085,0.00047244,-0.05421832,0.66193705,1.18485576,0.00000000,ABORT
1052,98.63115303,98.63373785,0.11069773,0.02043438,-151.86132400,-3853.27264681,30587.49910496,26186.56331633,0.00043132,0.00047217,0.01241429,0.66193705,1.18485576,0.00000000,ABORT
1053,98.68022451,98.68041385,0.10678544,0.02087018,494.94803691,-3624.69949297,24218.17879310,19628.31915494,0.00043165,0.00046967,0.07331741,0.65192987,1.18485576,0.00000000,ABORT
1054,98.64093440,98.64588955,0.20846810,0.02043848,-503.81185437,-4621.15178938,23931.29661090,16065.68736077,0.00042001,0.00046946,-0.08836158,0.65192987,1.18485576,0.00000000,ABORT
1055,98.64788403,98.65241526,-0.05808198,0.02037674,460.33068275,-3848.83941681,19361.56620815,25477.40682733,0.00041940,0.00046875,0.04623973,0.64047516,1.18485576,0.00000000,ABORT
1056,98.59347052,98.60045935,0.08207587,0.02108513,-369.26188690,-3736.02439704,31507.63913493,27319.62830495,0.00042564,0.00046965,-0.06136313,0.64047516,1.18485576,0.00000000,ABORT
1057,98.52244046,98.52732769,-0.08016235,0.02006017,-313.56964796,-3598.67369860,11364.12927487,21423.09353021,0.00041867,0.00046971,-0.01661655,0.64047516,1.18485576,0.00000000,ABORT
1058,98.61109668,98.61141142,-0.14247816,0.02029164,552.16159166,-2456.28674414,17614.95410217,25841.53250004,0.00043536,0.00047262,0.15968627,0.62334394,1.18485576,0.00000000,ABORT
1059,98.55040178,98.55898936,0.09495304,0.02004916,-397.14699049,-2034.13090907,32725.13499729,28979.86599544,0.00044302,0.00047263,-0.14935111,0.62334394,1.18485576,0.00000000,ABORT
1060,98.59111342,98.59138796,-0.16853385,0.02025039,294.52792537,-1340.83181370,19588.13192778,27158.15055622,0.00043609,0.00047328,0.10140653,0.61530199,1.19498096,1.00000000,PASSIVE_BUY
1061,98.64000033,98.63272525,0.07241690,0.02017486,305.18429899,-786.09437709,32900.51684719,29633.04307410,0.00044109,0.00047321,0.00817528,0.61530199,1.25395530,0.00000000,PASSIVE_SELL
1062,98.58607178,98.57829091,-0.15136079,0.02035382,-441.87268128,-1060.26235212,19044.82368455,19819.35045482,0.00044802,0.00047404,-0.10281545,0.59738290,1.26413221,-1.00000000,PASSIVE_SELL
1063,98.55037240,98.54414074,-0.06299666,0.02032554,-484.15336136,-931.25947819,28149.00091198,28375.09189087,0.00043442,0.00047435,0.01822916,0.59738290,1.30999437,-2.00000000,PASSIVE_SELL
1064,98.55460342,98.55106682,-0.05761420,0.02021078,641.37600359,422.76381257,23264.12408217,25112.18384273,0.00043276,0.00047435,0.03993040,0.59579243,1.31163772,-3.00000000,PASSIVE_SELL
1065,98.56626251,98.55868352,-0.13852854,0.02048578,505.05097780,1796.46375832,26045.47380555,30755.66153987,0.00043247,0.00047417,0.00742808,0.59579243,1.28690332,-4.00000000,PASSIVE_SELL
1066,98.59709863,98.59466377,-0.21035793,0.02093677,539.44993803,2595.14907375,18940.13713427,28304.01999006,0.00043391,0.00047380,0.01917702,0.59579243,1.17402724,-5.00000000,PASSIVE_SELL
1067,98.65249476,98.65992768,0.03309137,0.02002586,612.10011228,3800.00993013,21149.08091571,29562.13073377,0.00043961,0.00047173,0.02456001,0.60619004,1.15253478,-4.00000000,PASSIVE_BUY
1068,98.66746878,98.66572959,0.05841593,0.02101684,375.66285777,3672.22502039,26291.28147143,22726.40463115,0.00043924,0.00046664,-0.04042211,0.60805416,1.10314711,-5.00000000,PASSIVE_SELL
1069,98.72833082,98.72917055,-0.01793776,0.02010629,908.80199703,4814.89792244,23445.63577783,27358.43246374,0.00044041,0.00046845,0.04588802,0.60788755,1.08367713,-4.00000000,PASSIVE_BUY
1070,98.76876620,98.76521443,-0.14102325,0.02030703,494.55755977,4773.12067849,30491.25551083,37813.73483563,0.00043787,0.00046933,-0.02042667,0.60788755,0.93208915,-5.00000000,PASSIVE_SELL
1071,98.74839558,98.74506093,0.00706378,0.02009431,-549.18084027,3759.12734672,24366.68409551,22974.36076993,0.00043793,0.00046956,-0.06080599,0.60009621,1.04398941,-6.00000000,PASSIVE_SELL
1072,98.75508858,98.76194878,0.30629887,0.02003363,739.06843365,4450.58383658,31307.17850439,16579.42639187,0.00042177,0.00046894,0.02706362,0.60009621,1.06381273,-5.00000000,PASSIVE_BUY
1073,98.74350313,98.75289592,0.06098980,0.02108105,-304.65627146,3446.62673860,26735.64724859,24888.57808317,0.00042228,0.00046676,-0.01827844,0.60009621,1.08384387,-4.00000000,PASSIVE_BUY
1074,98.73534603,98.72752125,0.17957812,0.02057977,-702.12960420,3378.05600666,27647.78469351,18088.56637240,0.00042014,0.00046624,0.00342835,0.60193546,1.12676214,-5.00000000,PASSIVE_SELL
1075,98.65567957,98.65071375,-0.12123063,0.02029533,-467.24539769,3740.30796670,27953.88938196,31352.23012068,0.00043630,0.00046417,-0.07150937,0.60193546,1.53524216,-6.00000000,PASSIVE_SELL
1076,98.65136541,98.65366113,-0.13228962,0.02010326,-447.04486628,3589.57250003,20012.08054734,31244.24699393,0.00043489,0.00046074,0.07535231,0.60297565,1.15831964,-5.00000000,PASSIVE_BUY
1077,98.64107207,98.64184080,-0.03604690,0.02051790,-598.29094694,3358.02184949,26977.45652275,26996.96903567,0.00043342,0.00046026,-0.00597918,0.60297565,1.17804264,-4.00000000,PASSIVE_BUY
1078,98.70408716,98.70745933,-0.04411618,0.02010609,539.58762987,4239.05764647,18484.09070450,22740.83394533,0.00044058,0.00046054,0.07330843,0.59448577,1.12569831,-3.00000000,PASSIVE_BUY
1079,98.68832359,98.68748239,0.21775754,0.02072342,-713.95719551,2723.61479081,35127.59519596,20923.13817522,0.00044101,0.00046070,-0.07877867,0.59516888,1.18335075,-4.00000000,PASSIVE_SELL
1080,98.74974696,98.75497195,0.04046681,0.02035749,530.61542789,2780.46412186,28412.18511794,29165.53296228,0.00044834,0.00046246,0.07718695,0.59516888,1.08094990,-3.00000000,PASSIVE_BUY
1081,98.73748925,98.73689282,-0.06685379,0.02036915,-631.35648504,2363.66439752,27823.83904381,33959.51088853,0.00044508,0.00046076,-0.07368108,0.58426771,1.12790760,-4.00000000,PASSIVE_SELL
1082,98.68913962,98.69249199,0.13890141,0.02033734,-499.58576506,1558.49600104,30109.90906964,24542.99001782,0.00045081,0.00046214,-0.03609192,0.58426771,1.14360379,-3.00000000,PASSIVE_BUY
1083,98.74678317,98.74424849,0.00557912,0.02013953,429.60236568,1337.03684182,26980.20183835,24503.02594253,0.00045033,0.00046387,0.10599318,0.58074760,0.98074291,-4.00000000,PASSIVE_SELL
1084,98.75302705,98.75678859,0.06499412,0.02020399,855.14503239,1624.18075746,26725.99044987,29315.78657644,0.00044874,0.00046295,-0.05139966,0.58074760,1.09932021,-3.00000000,PASSIVE_BUY
1085,98.65475332,98.65940629,0.06086430,0.02043132,-469.67231075,1978.61552239,31567.89112850,29252.95119678,0.00046964,0.00046315,-0.10451762,0.58236501,1.20758227,-2.00000000,PASSIVE_BUY
1086,98.62839570,98.63548472,-0.08186191,0.02124718,-321.50921725,2381.48931051,21500.37812593,32593.03922283,0.00047126,0.00046287,0.07191612,0.58236501,1.24415555,-1.00000000,PASSIVE_BUY
1087,98.61309692,98.61286216,-0.03427214,0.02007413,-597.03369038,2078.84484766,26721.87028029,28908.95711199,0.00046829,0.00046244,0.01105884,0.59385602,1.26949140,-2.00000000,PASSIVE_SELL
1088,98.58064033,98.57285436,-0.24404356,0.02109957,-365.67054025,1016.40853675,19843.82244427,30326.92571321,0.00046581,0.00046263,-0.01715780,0.59385602,1.34495435,-3.00000000,PASSIVE_SELL
1089,98.59077653,98.59189720,-0.06454480,0.02056281,620.75766605,768.47860242,19545.82627694,26690.37244114,0.00045843,0.00046092,0.04259278,0.58969638,1.26441995,-2.00000000,PASSIVE_BUY
1090,98.58423154,98.58323372,0.16551001,0.02007977,-940.91593489,-1052.47962624,35777.99422494,22358.32112552,0.00043273,0.00046076,-0.01668119,0.58969638,1.28754981,-3.00000000,PASSIVE_SELL
1091,98.59791476,98.59008783,-0.12296733,0.02070358,561.44687322,211.97506241,28786.01448880,36546.34417055,0.00042798,0.00046056,0.02022821,0.57630112,1.25685194,-4.00000000,PASSIVE_SELL
1092,98.63219558,98.63036852,0.08023967,0.02007712,689.97204376,546.23570456,35564.65197205,30261.68682299,0.00042706,0.00046086,0.02059759,0.57630112,1.12976725,-5.00000000,PASSIVE_SELL
1093,98.63027890,98.63873907,-0.03301107,0.02021812,-264.23962449,590.02857566,21278.83003609,29221.61503594,0.00042002,0.00045584,-0.03619749,0.56083090,1.22552915,-4.00000000,PASSIVE_BUY
1094,98.60471927,98.60216478,0.04742794,0.02039779,-877.78445754,213.82278719,29191.05193310,21949.49281351,0.00042108,0.00045482,-0.02364296,0.55299121,1.33796658,-5.00000000,PASSIVE_SELL
1095,98.58560330,98.58849143,0.05694735,0.02063568,-507.38166483,-950.36440650,32007.19692413,27746.42774445,0.00042099,0.00045505,0.00644366,0.55299121,1.26852808,-4.00000000,PASSIVE_BUY
1096,98.58076664,98.57807120,0.19512521,0.02013141,-895.56526684,-1113.10556951,31740.01142532,18067.59165351,0.00041814,0.00045451,0.01427931,0.55252844,1.29794043,-5.00000000,PASSIVE_SELL
1097,98.64802576,98.65576091,0.01510805,0.02057274,709.10699500,-1228.84054245,24859.47602603,26363.17787203,0.00041947,0.00045684,0.07209578,0.55252844,1.20930939,-4.00000000,PASSIVE_BUY
1098,98.59733187,98.59322965,-0.10664651,0.02067394,-708.85980091,-2519.61352567,17652.57345792,21342.69075081,0.00042397,0.00045821,-0.11795301,0.55101215,1.42242191,-5.00000000,PASSIVE_SELL
1099,98.65072204,98.65164211,-0.04148622,0.02022913,858.43422881,-958.81658555,22884.00976261,22778.29816699,0.00042735,0.00045969,0.10408405,0.54273206,1.20111442,-4.00000000,PASSIVE_BUY
1100,98.65660561,98.65173501,-0.26025671,0.02089777,493.96472700,-1155.12790414,14646.69511726,26452.43050202,0.00042666,0.00045842,-0.04750660,0.54273206,1.18802903,-5.00000000,PASSIVE_SELL
1101,98.56457375,98.56386533,0.03772597,0.02051677,-475.46337542,-787.36759709,26558.40066031,27148.71632960,0.00044319,0.00046263,-0.09791543,0.52544835,1.65844671,-6.00000000,PASSIVE_SELL
1102,98.50989597,98.50984530,0.10664903,0.02048661,-745.64512579,-1381.15139888,31374.16778151,23621.34549904,0.00044844,0.00046221,0.03735408,0.51939394,1.98651336,-6.00000000,HOLD
1103,98.44674545,98.44008969,-0.11804990,0.02010001,-923.61474300,-2799.71417879,30617.15086662,30780.24182062,0.00045026,0.00046284,-0.00847275,0.51939394,2.37546652,-7.00000000,PASSIVE_SELL
1104,98.44525286,98.45021290,0.14147238,0.02076476,-129.95686147,-2425.85918589,25712.39913980,20765.45969320,0.00044748,0.00046269,0.06165793,0.51939394,1.35313822,-6.00000000,PASSIVE_BUY
1105,98.46569596,98.46748451,-0.06287367,0.02021765,287.01133407,-2599.17853457,20988.65199414,25452.05024266,0.00044856,0.00046253,0.02193569,0.50596136,1.34417170,-5.00000000,PASSIVE_BUY
1106,98.45037819,98.44971255,-0.12313547,0.02008663,-435.45770950,-2665.37435717,22161.38719765,30115.65206093,0.00044286,0.00046258,-0.03576087,0.50596136,1.43080385,-6.00000000,PASSIVE_SELL
1107,98.50627138,98.51366819,-0.02636581,0.02032525,603.79959830,-1748.00511090,20002.26381954,22879.19103023,0.00043933,0.00046220,0.07121096,0.48620737,1.30418681,-5.00000000,PASSIVE_BUY
1108,98.51073185,98.50865828,-0.20583464,0.02074044,214.20902762,-2085.95767495,19848.72887463,25195.08402318,0.00042008,0.00046002,-0.05143273,0.48620737,1.29225472,-6.00000000,PASSIVE_SELL
1109,98.47818933,98.48451317,-0.14205464,0.02057738,-258.42899256,-1947.23967702,19199.19968941,35187.85753978,0.00041385,0.00045998,-0.03700298,0.46962848,1.33593015,-5.00000000,PASSIVE_BUY
1110,98.48521141,98.48619882,0.06563817,0.02016803,559.92599126,-1681.84161113,26567.36644424,23796.80441115,0.00040953,0.00045599,0.03956459,0.47377191,1.33981080,-4.00000000,PASSIVE_BUY
1111,98.50158505,98.50960896,0.08582767,0.02022371,801.14011991,-1185.88579020,22378.00618358,27232.96959071,0.00040377,0.00045570,0.00935157,0.47377191,1.33346549,-3.00000000,PASSIVE_BUY
1112,98.56902818,98.57185685,0.05807884,0.02059139,521.86428858,-222.14882034,24826.98297179,27512.30384910,0.00040889,0.00045453,0.05106948,0.48183675,1.27595037,-2.00000000,PASSIVE_BUY
1113,98.60391359,98.60155370,0.07098216,0.02066168,560.37496043,822.37950145,29480.70562372,20741.51148361,0.00040862,0.00045500,-0.03255772,0.48183675,1.21651040,-3.00000000,PASSIVE_SELL
1114,98.63646034,98.64178518,0.09302332,0.02000648,961.34400239,1142.34750026,25441.22440779,24012.36597430,0.00041104,0.00045488,-0.00233866,0.48362588,1.22731465,-2.00000000,PASSIVE_BUY
1115,98.57473030,98.57126666,-0.03171245,0.02050437,-964.35381312,-327.05729067,25449.07088640,23440.54614695,0.00042045,0.00045619,-0.09427679,0.47914427,1.36102691,-3.00000000,PASSIVE_SELL
1116,98.62327128,98.63210631,0.25781848,0.02045382,868.66580899,2.15858029,31466.14890312,18508.40546733,0.00042385,0.00045574,0.11027102,0.47914427,1.22645517,-2.00000000,PASSIVE_BUY
1117,98.54198540,98.53809285,-0.15395342,0.02014995,-597.15023970,-1207.09177169,26356.25567984,30894.89153332,0.00043181,0.00045938,-0.12982686,0.46223795,1.39910191,-3.00000000,PASSIVE_SELL
1118,98.55132846,98.54686189,-0.08077954,0.02003231,332.31401520,-1250.44061426,27180.17314321,29043.83910971,0.00043142,0.00045923,0.09062894,0.46223795,1.38108887,-4.00000000,PASSIVE_SELL
1119,98.51038265,98.51572357,0.09968998,0.02050737,-235.78335000,-2395.02596130,27257.22472131,22402.44299288,0.00042494,0.00045809,-0.05028887,0.46223795,1.30089240,-3.00000000,PASSIVE_BUY
1120,98.51417492,98.51614010,-0.17979929,0.02042146,579.23571454,-2310.34780653,21291.62905099,31071.77056599,0.00042017,0.00045790,0.04473808,0.47068527,1.30739677,-2.00000000,PASSIVE_BUY
1121,98.47200415,98.46857893,-0.00567957,0.02001670,-675.48547959,-2436.65244586,27016.76070768,26195.48554613,0.00042294,0.00045695,-0.04596303,0.47079625,1.40174665,-3.00000000,PASSIVE_SELL
1122,98.44394306,98.44218991,-0.09862400,0.02068286,-565.56758119,-3741.28846070,22350.90036054,29647.40721999,0.00042376,0.00045735,0.01410967,0.47079625,1.49627136,-4.00000000,PASSIVE_SELL
1123,98.50550424,98.50457540,0.05164454,0.02069605,870.64343138,-2565.98875786,20675.61802418,21379.41427707,0.00043447,0.00045919,0.08962227,0.45723828,1.26037467,-5.00000000,PASSIVE_SELL
1124,98.48595918,98.48404652,-0.18671958,0.02028789,-895.93788992,-2759.79704358,26550.84537128,38164.92078507,0.00043496,0.00045917,-0.08110624,0.44917639,1.36824392,-6.00000000,PASSIVE_SELL
1125,98.44533323,98.44557766,-0.00990177,0.02015627,-780.59700672,-3073.14865261,27849.52469220,27744.28139945,0.00042461,0.00045858,-0.02108089,0.45985165,1.33486925,-5.00000000,PASSIVE_BUY
1126,98.56107518,98.56765586,0.14031275,0.02012129,750.46845179,-1875.63533455,26911.71974955,20304.23286803,0.00045756,0.00046581,0.15636790,0.45985165,1.22925792,-4.00000000,PASSIVE_BUY
1127,98.49490628,98.49593189,-0.03863360,0.02027640,-651.68801793,-1929.03240553,13893.31091804,15381.12948361,0.00046649,0.00046662,-0.18191084,0.45118849,1.30533234,-3.00000000,PASSIVE_BUY
1128,98.46168701,98.45330455,0.04245556,0.02070133,-762.24631533,-3230.86635074,24503.39126951,19369.82236093,0.00045847,0.00046588,0.03294962,0.45360833,1.41534083,-4.00000000,PASSIVE_SELL
1129,98.42839194,98.42847538,-0.24649528,0.02074723,-404.19187693,-2921.10103216,13938.04062835,22661.43579019,0.00046001,0.00046650,-0.00007579,0.45360833,1.54852109,-4.00000000,HOLD
1130,98.38101362,98.38307963,-0.06655892,0.02054266,-546.08306366,-3997.79952371,29395.41998053,37181.84501190,0.00045353,0.00046778,-0.01408326,0.45444286,1.41577614,-3.00000000,PASSIVE_BUY
1131,98.30056837,98.29532040,0.05984636,0.02082595,-748.26450226,-4114.70754093,22324.20312027,13971.05023193,0.00046529,0.00047059,-0.03306692,0.45444286,1.66752486,-4.00000000,PASSIVE_SELL
1132,98.31463472,98.31450167,0.27159752,0.02006163,546.40017766,-3068.72159820,30703.94858834,16297.25651879,0.00046281,0.00046993,0.09451159,0.45444286,1.62129030,-5.00000000,PASSIVE_SELL
1133,98.40943888,98.40653620,-0.06124708,0.02028004,264.81018814,-3233.51377574,20388.44772812,24549.14765548,0.00047650,0.00047361,0.08073782,0.44553652,1.15740950,-6.00000000,PASSIVE_SELL
1134,98.47023374,98.47202003,0.19381035,0.02038990,858.92602656,-3229.73278157,29387.26861458,19369.75567233,0.00048579,0.00047324,-0.03400930,0.44942988,1.29681871,-5.00000000,PASSIVE_BUY
1135,98.44414381,98.43785908,-0.06223594,0.02040161,-898.34971574,-3658.41018656,22288.09031000,22885.67290260,0.00046801,0.00047330,-0.08688480,0.44942988,1.43746918,-6.00000000,PASSIVE_SELL
1136,98.44486610,98.44160898,-0.13472914,0.02114468,676.55966483,-2660.34130448,25317.58319689,32247.36823691,0.00046695,0.00047330,0.02681222,0.45148101,1.44370780,-7.00000000,PASSIVE_SELL
1137,98.48105120,98.47655875,0.00753234,0.02032987,644.58235233,-1418.72526176,22210.29668423,16917.70808646,0.00047004,0.00047391,0.03546281,0.45183050,1.20057703,-8.00000000,PASSIVE_SELL
1138,98.54700804,98.53837121,-0.19674139,0.02025513,407.55661507,-645.49810644,17220.65002509,21526.61710819,0.00047792,0.00047225,0.02977174,0.45183050,0.68304986,-9.00000000,PASSIVE_SELL
1139,98.59272330,98.58295286,-0.13540236,0.02084990,424.94224605,-841.31352644,24991.37056486,31066.00726489,0.00048223,0.00047172,-0.02024158,0.45142207,0.28203742,-10.00000000,PASSIVE_SELL
1140,98.64625942,98.65077321,-0.04641915,0.02011768,617.25420168,716.85661013,24084.90924585,31992.79569576,0.00048805,0.00047108,0.00782085,0.45142207,1.10721101,-9.00000000,PASSIVE_BUY
1141,98.70938843,98.71481190,0.33697974,0.02029704,455.71702343,611.12676035,34342.94225129,17632.97796337,0.00049562,0.00047217,0.00959290,0.45142207,1.05351308,-8.00000000,PASSIVE_BUY
1142,98.70215951,98.70719037,-0.07297196,0.02009630,-501.14009623,-579.98537965,29367.74326954,36664.46827291,0.00049360,0.00047201,-0.07035793,0.44576347,1.07149275,-7.00000000,PASSIVE_BUY
1143,98.76337063,98.75651813,-0.01396281,0.02017455,183.35765983,-132.38809533,31409.30049797,27193.38773743,0.00050079,0.00047166,0.06844004,0.44576347,0.65310218,-8.00000000,PASSIVE_SELL
1144,98.77964734,98.77292886,-0.04260193,0.02026328,458.87776396,1204.27412617,24184.91972308,21913.03308638,0.00049946,0.00047137,-0.04493441,0.44576347,0.53302013,-9.00000000,PASSIVE_SELL
1145,98.70058758,98.70955267,0.18352904,0.02024110,-75.97457793,1635.68121307,24524.83435352,23636.56886773,0.00051210,0.00047506,-0.09533647,0.45006611,1.08240019,-8.00000000,PASSIVE_BUY
1146,98.69630663,98.69204701,0.07189369,0.02002608,-842.40638930,1688.84009062,37882.78544884,24918.43071747,0.00051208,0.00047208,0.07477881,0.45051764,1.12666087,-9.00000000,PASSIVE_SELL
1147,98.69326648,98.69820302,-0.12455502,0.02038384,-245.11044000,734.62265561,20767.50691496,26765.47128918,0.00050340,0.00047136,0.00124081,0.45051764,1.09098311,-8.00000000,PASSIVE_BUY
1148,98.73224466,98.73009916,0.12125239,0.02005828,372.36210218,1815.84455869,31587.30607642,20027.81502765,0.00050058,0.00047197,0.04201833,0.45808823,0.78918679,-9.00000000,PASSIVE_SELL
1149,98.68471747,98.69199501,0.11741777,0.02036726,-360.27564269,597.13468719,28469.73146384,23901.03730608,0.00050005,0.00047169,-0.08650537,0.45808823,1.10616783,-8.00000000,PASSIVE_BUY
1150,98.66710762,98.66068695,-0.07710744,0.02073063,-873.90400962,-770.73404943,28644.61906295,27785.13110432,0.00050066,0.00047175,0.02991734,0.47486223,1.25741198,-9.00000000,PASSIVE_SELL
1151,98.69278563,98.68871002,-0.09629380,0.02029851,625.71330181,330.44262780,24068.75465280,31066.19948028,0.00048366,0.00046992,0.04328787,0.47486223,1.03645910,-10.00000000,PASSIVE_SELL
1152,98.59935217,98.59205314,-0.11245422,0.02025762,-616.96566420,459.12208939,22668.30849084,20713.03267617,0.00049604,0.00047498,-0.11911148,0.47401407,1.98092253,-11.00000000,PASSIVE_SELL
1153,98.61000054,98.61798196,0.03121354,0.02055779,909.97653894,2292.71337133,21041.65667212,22021.68660173,0.00048713,0.00047360,0.10408183,0.47401407,1.15659534,-10.00000000,PASSIVE_BUY
1154,98.53777336,98.53411628,-0.06176704,0.02081115,-770.43645400,1652.23377880,29896.36373022,30879.65060048,0.00049877,0.00047523,-0.08287554,0.47313877,1.88927265,-11.00000000,PASSIVE_SELL
1155,98.51930622,98.52155465,0.18375666,0.02027191,-457.35372356,907.86872118,25389.06321927,16268.90863389,0.00049885,0.00047481,0.05376004,0.47313877,1.24389039,-10.00000000,PASSIVE_BUY
1156,98.49634617,98.49441455,0.11453101,0.02013005,-760.54416169,582.78226898,30323.93084034,18738.78374324,0.00049948,0.00047343,-0.00449291,0.48947543,1.48355593,-11.00000000,PASSIVE_SELL
1157,98.50950866,98.51134609,-0.00801376,0.02002198,726.71188301,705.69455369,33896.01374263,35751.71647517,0.00049344,0.00046637,0.03612254,0.47882083,1.25456181,-10.00000000,PASSIVE_BUY
1158,98.44956794,98.44640732,-0.01081793,0.02094557,-580.43943481,-88.95390874,25990.92063585,26310.26248887,0.00050070,0.00046816,-0.07310322,0.47882083,1.86444187,-11.00000000,PASSIVE_SELL
1159,98.45733562,98.46352098,0.00159089,0.02013800,558.60367881,728.07876263,25426.86380340,27325.87151993,0.00049877,0.00046723,0.06770841,0.47882083,1.30262577,-10.00000000,PASSIVE_BUY
1160,98.47074220,98.47634046,-0.01285378,0.02110681,481.21714447,649.36991584,20209.80434268,20637.79232097,0.00049905,0.00046689,0.00563890,0.47187412,1.29541297,-9.00000000,PASSIVE_BUY
1161,98.39095513,98.38812979,0.04066114,0.02066814,-725.59729390,-877.36749798,32166.74871093,30021.66000960,0.00051102,0.00046941,-0.09319365,0.47187412,2.02383065,-10.00000000,PASSIVE_SELL
1162,98.29277508,98.29343167,0.06822809,0.02061943,-530.62740737,-1929.85919392,17008.05884823,16696.46199774,0.00051871,0.00047470,-0.01839299,0.46509282,1.46943964,-9.00000000,PASSIVE_BUY
1163,98.24181270,98.24053974,0.03642788,0.02053673,-842.62041449,-3332.85456884,25728.47262921,25162.37755314,0.00051930,0.00047535,0.04721767,0.47715158,1.93836944,-10.00000000,PASSIVE_SELL
1164,98.26467066,98.26977149,0.25344983,0.02025385,811.05169550,-3483.14687573,27539.07506764,15717.01532689,0.00051797,0.00047405,0.07382034,0.47715158,1.49596793,-9.00000000,PASSIVE_BUY
1165,98.34194699,98.34316762,-0.03086260,0.02050758,518.23637191,-2000.55669069,26935.44403583,32259.30171761,0.00052562,0.00047319,0.05441837,0.47968366,1.42793047,-8.00000000,PASSIVE_BUY
1166,98.35653083,98.36232511,-0.00313867,0.02040880,591.66534857,-2277.55715111,21500.51091489,22672.87851196,0.00052074,0.00047316,-0.06269249,0.47968366,1.42389679,-7.00000000,PASSIVE_BUY
1167,98.37431136,98.37676938,-0.04521793,0.02092493,349.93802246,-1330.46888895,20206.54967646,24647.04212995,0.00050991,0.00047300,0.00319669,0.47700466,1.41503032,-6.00000000,PASSIVE_BUY
1168,98.37668401,98.37836590,0.24525030,0.02049974,454.53702797,-1208.24587618,29431.91608203,17566.25936606,0.00050964,0.00047261,-0.01540787,0.47700466,1.42397052,-5.00000000,PASSIVE_BUY
1169,98.38523646,98.39016309,0.25531378,0.02028849,542.78839440,-429.67413177,29914.11333940,18957.42007071,0.00050700,0.00047070,0.00617979,0.49352090,1.42598482,-4.00000000,PASSIVE_BUY
1170,98.48923527,98.49533214,0.13093042,0.02004636,381.38582535,-627.52402096,22410.90024536,19954.98469064,0.00052911,0.00047471,0.09544637,0.49352090,1.33237237,-3.00000000,PASSIVE_BUY
1171,98.46768851,98.46938372,-0.02865163,0.02054621,-372.08855371,-324.12709508,28653.10914796,27361.36303423,0.00052657,0.00047202,-0.12554557,0.49352090,1.36369239,-2.00000000,PASSIVE_BUY
1172,98.40614884,98.40952503,0.05860633,0.02077146,-323.16089202,-81.72040591,27458.84862420,22875.75476156,0.00053236,0.00047025,-0.03999292,0.48304396,1.43550516,-1.00000000,PASSIVE_BUY
1173,98.36808826,98.36678768,-0.06340244,0.02060575,-696.12607270,-1648.48990999,29454.06833538,29607.71625799,0.00052713,0.00047055,0.02347910,0.48693848,1.48386861,-2.00000000,PASSIVE_SELL
1174,98.45775035,98.45333218,-0.07849504,0.02017559,486.18127117,-266.37074890,28691.35772517,33067.95661584,0.00054261,0.00047456,0.12772266,0.48693848,1.31463223,-3.00000000,PASSIVE_SELL
1175,98.48081005,98.47612197,-0.01340647,0.02093808,358.18721787,872.41347569,27359.71436874,27114.14764233,0.00054046,0.00047402,-0.06660239,0.48693848,1.25592218,-4.00000000,PASSIVE_SELL
1176,98.57786103,98.57521582,-0.22817283,0.02030987,295.97528510,417.92030899,14765.64098175,25443.01241239,0.00053285,0.00047910,0.07399128,0.49987767,0.87787320,-5.00000000,PASSIVE_SELL
1177,98.61543970,98.61280009,-0.32855836,0.02023822,579.37485012,1648.98317704,14985.11140141,28951.23893588,0.00052653,0.00047856,-0.05947231,0.49987767,0.70009893,-6.00000000,PASSIVE_SELL
1178,98.63876560,98.63854622,0.01150766,0.02054666,719.79641484,3131.02590722,32284.50182001,27771.65582773,0.00052477,0.00047714,-0.01425278,0.51458276,0.57041691,-7.00000000,PASSIVE_SELL
1179,98.55448376,98.55219604,0.18280015,0.02037187,-818.78450293,2716.43328122,28840.10633876,17285.77570642,0.00053698,0.00048044,-0.10760773,0.50059545,1.17057569,-8.00000000,PASSIVE_SELL
1180,98.64428802,98.65247417,-0.16212353,0.02043743,772.48734448,4035.00368936,17052.63838671,33965.44952763,0.00054598,0.00048456,0.17408609,0.50059545,1.26035994,-7.00000000,PASSIVE_BUY
1181,98.67832414,98.67944148,-0.06864310,0.02010903,403.22782140,5186.49601302,27402.20016288,33281.59662574,0.00053298,0.00048506,-0.05576814,0.50397265,1.23736355,-6.00000000,PASSIVE_BUY
1182,98.61843858,98.62020141,0.21478015,0.02020908,-606.85782910,4033.23800625,28695.26554227,16695.66472306,0.00054139,0.00048655,-0.09392167,0.50397265,1.30710352,-5.00000000,PASSIVE_BUY
1183,98.67787265,98.67201974,0.00935598,0.02045121,330.15398608,4098.58180419,29406.77043717,24219.95257696,0.00053162,0.00048837,0.11931962,0.50008181,1.02015876,-6.00000000,PASSIVE_SELL
1184,98.67161231,98.66621808,0.03476871,0.02026116,-568.94214180,2670.71363583,28255.59063275,21760.69532895,0.00052571,0.00048410,-0.06569441,0.50008181,1.06785140,-7.00000000,PASSIVE_SELL
1185,98.77173879,98.77132763,-0.10001486,0.02041592,631.50851876,4200.57187033,24327.14351294,28500.31859311,0.00054111,0.00048813,0.10638682,0.50339056,0.37717403,-8.00000000,PASSIVE_SELL
1186,98.74485051,98.73851917,-0.15174898,0.02090690,-578.77960393,2945.23260157,21251.65747769,29044.66683621,0.00054313,0.00048749,-0.12701475,0.50339056,0.60273369,-9.00000000,PASSIVE_SELL
1187,98.75918125,98.75914738,0.05189950,0.02035001,885.15320373,3185.80345296,25240.29735074,21088.53461959,0.00054151,0.00048535,0.04121902,0.49567673,0.47375700,-9.00000000,HOLD
1188,98.71317641,98.72143940,0.03455452,0.02061835,-501.44218658,2276.80465131,18800.72205422,26550.35104767,0.00053913,0.00048653,-0.06033559,0.48161668,1.23325913,-8.00000000,PASSIVE_BUY
1189,98.70584249,98.70344838,-0.19920644,0.02055180,-641.72358202,1210.13882324,22925.68046560,37223.88075587,0.00053579,0.00048619,0.03867093,0.48161668,1.30220636,-9.00000000,PASSIVE_SELL
1190,98.75483349,98.75666738,0.16765341,0.02003608,676.49835732,1269.38297888,29984.22590041,21016.22520752,0.00053493,0.00048730,0.05632492,0.47527950,1.19511235,-8.00000000,PASSIVE_BUY
1191,98.70434265,98.69740163,-0.10877340,0.02062768,-912.40391414,-98.73795870,26740.52899624,30218.89931754,0.00053261,0.00048778,-0.09948185,0.47527950,1.60935295,-9.00000000,PASSIVE_SELL
1192,98.74915812,98.74014717,0.01083174,0.02038804,515.02222494,917.42436247,29097.16886472,25742.51739675,0.00053628,0.00048861,0.09530631,0.46803475,1.21620776,-10.00000000,PASSIVE_SELL
1193,98.75531035,98.75451307,0.14300476,0.02075199,714.69617961,1448.76288225,31839.17020879,24394.68471117,0.00052922,0.00048848,-0.03866323,0.46803475,1.16506140,-11.00000000,PASSIVE_SELL
1194,98.64709195,98.64904512,0.18775875,0.02021709,-572.36414889,417.52096940,30407.48991638,18983.24796754,0.00055033,0.00049472,-0.11437063,0.46727267,1.28248041,-10.00000000,PASSIVE_BUY
1195,98.65782156,98.65812501,-0.09519658,0.02022414,749.37068189,1242.86622922,19797.27745319,26280.61805681,0.00053937,0.00049388,0.11894800,0.46539412,1.28183115,-9.00000000,PASSIVE_BUY
1196,98.68746580,98.68397936,-0.08750350,0.02012360,686.28176107,2771.55437959,22366.05494951,23944.99298785,0.00054107,0.00049199,0.01891464,0.47535281,1.02509478,-10.00000000,PASSIVE_SELL
1197,98.72009719,98.72014670,0.18969796,0.02000686,850.58967268,3867.25449227,28727.30125296,16380.52053394,0.00054305,0.00048839,0.00298715,0.47535281,0.69878089,-10.00000000,HOLD
1198,98.72903023,98.72868136,-0.09078007,0.02055360,730.40658194,4225.29897203,26878.55920363,31864.54064178,0.00054035,0.00048098,-0.02369835,0.49459642,0.61972726,-11.00000000,PASSIVE_SELL
1199,98.75587607,98.74672416,0.00033189,0.02054017,406.02206976,4991.59668448,27163.20863030,27289.89834311,0.00053722,0.00048122,0.01791280,0.51082472,0.33469310,-12.00000000,PASSIVE_SELL
1200,98.81202926,98.80576592,-0.06526315,0.02021158,382.50927038,6248.00996448,20056.96364385,22126.68925328,0.00054202,0.00047982,0.02930735,0.51082472,-0.32903938,-13.00000000,PASSIVE_SELL
1201,98.81962183,98.81385542,0.04267298,0.02009829,305.18724194,5927.48390461,27774.91717982,23896.57171897,0.00054106,0.00047710,-0.04856062,0.51082472,-0.41769367,-14.00000000,PASSIVE_SELL
1202,98.81109918,98.80496056,-0.08187421,0.02126121,-242.21806563,6302.23150317,21852.21555822,22592.45311465,0.00052323,0.00047693,-0.01611523,0.51082472,-0.28774589,-15.00000000,PASSIVE_SELL
1203,98.75051392,98.74475487,0.05689211,0.02017503,-447.67987038,4944.57509386,27010.75928944,20684.64804315,0.00053112,0.00047771,-0.05206260,0.49717381,0.63112053,-16.00000000,PASSIVE_SELL
1204,98.69420751,98.69453506,-0.09603057,0.02007293,-474.50068250,5240.51086536,27615.47211495,31489.54599832,0.00052694,0.00047626,0.00427886,0.49111691,1.24227825,-15.00000000,PASSIVE_BUY
1205,98.69700060,98.69734287,-0.18264076,0.02007642,573.56535288,6271.42994179,19409.81606642,30858.06065938,0.00052601,0.00047601,0.05909948,0.49111691,1.24949895,-14.00000000,PASSIVE_BUY
1206,98.66936092,98.67692368,0.10430153,0.02019238,-270.65315858,6761.32094491,33032.06819979,31856.87151130,0.00052653,0.00047638,-0.03043277,0.47498644,1.28648106,-13.00000000,PASSIVE_BUY
1207,98.64690785,98.63977101,-0.06998576,0.02040869,-680.10929664,5354.49976525,28130.45292072,27243.65696580,0.00052761,0.00047232,0.00518662,0.47498644,1.58857522,-14.00000000,PASSIVE_SELL
1208,98.59000423,98.58626117,0.07331399,0.02077999,-283.56314365,5651.37605641,37053.32255613,25181.60345894,0.00052686,0.00047322,-0.03445056,0.47498644,2.39561590,-15.00000000,PASSIVE_SELL
1209,98.56986081,98.57045654,-0.04115160,0.02006467,-544.52210017,4548.25027743,21944.01205416,25070.84429795,0.00052781,0.00047329,0.03676020,0.49374183,1.37264685,-14.00000000,PASSIVE_BUY
1210,98.61227138,98.61418687,-0.01561066,0.02046848,862.74248979,4929.77562276,30205.05963811,32508.35400021,0.00053067,0.00047166,0.06255399,0.49338863,1.33784581,-13.00000000,PASSIVE_BUY
1211,98.57124021,98.57880863,0.25214351,0.02007767,-498.53537203,5156.83754462,32227.87311466,19297.84733665,0.00052098,0.00047249,-0.08344175,0.49338863,1.39126064,-12.00000000,PASSIVE_BUY
1212,98.62357297,98.61733051,0.12800653,0.02011976,143.17549302,5830.64044501,37146.67451412,25136.80951410,0.00050393,0.00047397,0.09336394,0.48499358,0.77332735,-13.00000000,PASSIVE_SELL
1213,98.60624110,98.60796073,0.03845856,0.02035594,-319.44999287,6353.81086663,26164.77815853,23330.13490464,0.00049821,0.00047027,-0.06966463,0.48499358,1.36030095,-12.00000000,PASSIVE_BUY
1214,98.63201850,98.63745126,-0.10167171,0.02036328,723.91027759,6266.66944871,24839.05745094,34510.03729285,0.00049841,0.00047025,0.04310927,0.48347821,1.34466481,-11.00000000,PASSIVE_BUY
1215,98.68894281,98.69340620,0.24026099,0.02081841,359.33011860,6107.76319541,28057.08288169,15965.40295504,0.00049327,0.00047185,0.03114691,0.48347821,1.29587402,-10.00000000,PASSIVE_BUY
1216,98.78810490,98.78273419,-0.08407281,0.02014127,155.74706490,5671.84491174,20586.79142720,24178.21512556,0.00051024,0.00047693,0.04223778,0.49374142,0.31432375,-11.00000000,PASSIVE_SELL
1217,98.76097207,98.76486609,-0.13344608,0.02036250,-198.76335357,5123.14353571,22320.33092069,29757.78071896,0.00051256,0.00047728,-0.12629492,0.49374142,1.23677290,-10.00000000,PASSIVE_BUY
1218,98.76984312,98.77038605,0.14237402,0.02020306,490.97962230,5159.58613004,29314.86198662,20624.72938603,0.00051250,0.00047711,0.03600388,0.48903823,1.23872088,-9.00000000,PASSIVE_BUY
1219,98.77091864,98.77092086,0.09945717,0.02077644,649.24689512,5266.04463077,30526.88418201,22179.57186239,0.00051259,0.00047593,-0.00779552,0.48903823,1.22904118,-9.00000000,HOLD
1220,98.73518783,98.74212819,0.09737818,0.02005759,-411.24782930,4473.41097611,32607.10949112,29337.52100990,0.00049666,0.00047521,-0.03680634,0.47470956,1.28398683,-8.00000000,PASSIVE_BUY
1221,98.63757263,98.63965611,0.02074149,0.02010109,-727.99528310,4117.50424672,30870.44888075,31738.45922808,0.00051632,0.00047995,-0.06188438,0.47643917,1.39150032,-7.00000000,PASSIVE_BUY
1222,98.62271134,98.61633917,-0.04270605,0.02011349,-736.09242765,3704.57271109,25367.71284273,22589.49913212,0.00050841,0.00047609,0.08275391,0.47643917,1.50558611,-8.00000000,PASSIVE_SELL
1223,98.60878542,98.60647514,-0.07076037,0.02000935,-499.28541045,3901.41337334,26369.48846530,27114.20393042,0.00050540,0.00047617,0.00093538,0.48270445,1.62699809,-9.00000000,PASSIVE_SELL
1224,98.59994398,98.60385236,-0.06905659,0.02038987,-391.52259342,3023.70950876,22788.59407623,26041.79243799,0.00049045,0.00047577,0.00508447,0.48270445,1.41768037,-8.00000000,PASSIVE_BUY
1225,98.61499764,98.61865984,0.12371390,0.02023662,460.00297590,3125.52526680,27037.67286121,23775.95388890,0.00048990,0.00047587,0.02389510,0.46427737,1.41328140,-7.00000000,PASSIVE_BUY
1226,98.65860132,98.66132626,0.12797468,0.02024707,499.85169252,3329.40167421,26673.32932615,23619.36574073,0.00047432,0.00047658,0.02855002,0.46427737,1.37976991,-6.00000000,PASSIVE_BUY
1227,98.66683783,98.66414739,0.14679547,0.02073813,423.17442940,3173.20125349,22131.49760559,17817.10270646,0.00047157,0.00047624,-0.03536717,0.48161448,1.34071993,-7.00000000,PASSIVE_SELL
1228,98.60419092,98.60191922,0.10137977,0.02016147,-708.06137137,1745.34346728,38644.32064320,24922.97269984,0.00047894,0.00047821,-0.07088341,0.48161448,1.78932901,-8.00000000,PASSIVE_SELL
1229,98.48691865,98.49027029,-0.21490665,0.02071123,-407.06169118,2157.06627903,18252.67900157,30292.22339520,0.00049290,0.00048541,-0.05462537,0.48388340,1.53925194,-7.00000000,PASSIVE_BUY
1230,98.52070162,98.52262746,0.02302971,0.02000722,493.93596648,1878.51490103,24942.83590815,27306.34176020,0.00047778,0.00048592,0.15105524,0.48388340,1.51758460,-6.00000000,PASSIVE_BUY
1231,98.52962658,98.52885873,-0.07925842,0.02016712,653.20449233,2128.49157196,21192.24095416,20636.32723622,0.00047516,0.00048525,-0.02485801,0.49275701,1.47411840,-7.00000000,PASSIVE_SELL
1232,98.53839867,98.53925983,-0.15392443,0.02039937,844.21330835,3579.56270941,22822.63278910,29991.47636290,0.00046820,0.00048504,-0.00015287,0.49771288,1.50305177,-6.00000000,PASSIVE_BUY
1233,98.49995732,98.49168883,-0.05894831,0.02015014,-784.43233193,2464.97639140,26189.66755514,29076.59112553,0.00046256,0.00048395,-0.04721345,0.49771288,1.74377497,-7.00000000,PASSIVE_SELL
1234,98.44611992,98.44272061,-0.03285186,0.02048854,-430.61733438,2603.30119882,23198.77894481,24285.06384707,0.00046804,0.00048497,-0.01539604,0.48631901,2.13088099,-8.00000000,PASSIVE_SELL
1235,98.37372486,98.37259646,-0.04380595,0.02091555,-516.68958418,1455.10309588,26880.21730492,31389.32156348,0.00045265,0.00048735,-0.01855767,0.49432043,2.72049929,-9.00000000,PASSIVE_SELL
1236,98.41718270,98.41866512,-0.12281400,0.02020317,676.67431224,2710.55701205,21480.83327689,31706.69252301,0.00045761,0.00048838,0.11585291,0.49432043,1.57855311,-8.00000000,PASSIVE_BUY
1237,98.44600154,98.44282791,-0.06913111,0.02016232,523.36770374,2348.77151206,29239.24394842,34117.29877873,0.00045944,0.00048806,-0.01463901,0.50625888,1.35808360,-9.00000000,PASSIVE_SELL
1238,98.38508177,98.38714557,-0.07134533,0.02054829,-466.05939380,2384.15430484,26319.07245432,35061.54786249,0.00046261,0.00048871,-0.08973860,0.49921824,1.61489074,-8.00000000,PASSIVE_BUY
1239,98.37391752,98.37665779,-0.11012965,0.02066553,-578.55340247,2447.32448439,25733.30203236,29701.85757291,0.00046266,0.00048690,0.04975551,0.49921824,1.63597739,-7.00000000,PASSIVE_BUY
1240,98.43080156,98.42607072,-0.11900311,0.02041701,355.28475117,2126.11087824,28352.06003722,34897.34073094,0.00046479,0.00048284,0.06804828,0.49839481,1.24799766,-8.00000000,PASSIVE_SELL
1241,98.42430971,98.41627063,0.03158021,0.02046012,-498.59243547,2539.92235691,22922.31347027,17348.14843440,0.00046041,0.00048161,-0.06337588,0.49839481,1.31016250,-9.00000000,PASSIVE_SELL
1242,98.42551922,98.42797963,-0.04195457,0.02045679,669.65125117,2694.55138314,27350.77344936,30987.75148604,0.00045473,0.00048073,0.00770136,0.49839481,1.59126023,-8.00000000,PASSIVE_BUY
1243,98.41955464,98.41308191,-0.12467258,0.02044785,-607.97279623,1371.88240730,22699.53794573,28299.59299297,0.00045436,0.00047920,-0.00717409,0.48762243,1.64920080,-9.00000000,PASSIVE_SELL
1244,98.50914908,98.50120409,-0.12290981,0.02025672,398.43170405,2342.67826024,23002.97247477,25918.27699526,0.00045035,0.00048350,0.09555902,0.48762243,0.85297920,-10.00000000,PASSIVE_SELL
1245,98.45753762,98.45642646,0.16738042,0.02075917,-361.15630232,1232.15127604,38811.37299040,23311.10730070,0.00045520,0.00048469,-0.14120590,0.48670607,1.37947335,-11.00000000,PASSIVE_SELL
1246,98.48414510,98.47812060,-0.02173037,0.02018466,334.24099627,880.11051123,25631.69622275,25923.18737985,0.00045476,0.00048445,0.07821893,0.48670607,1.09688348,-12.00000000,PASSIVE_SELL
1247,98.55167188,98.55232002,0.13753329,0.02057151,591.82143606,621.34227462,30043.97844441,21477.93095380,0.00046320,0.00048476,0.04091931,0.49939382,1.45468606,-11.00000000,PASSIVE_BUY
1248,98.53556066,98.53528679,0.06546024,0.02085760,-874.67149228,-983.73579961,29151.64247159,23705.68850515,0.00046320,0.00048461,-0.08363800,0.48847294,1.64233826,-12.00000000,PASSIVE_SELL
1249,98.55761128,98.55066641,-0.04055301,0.02020036,403.91333251,-985.84453685,26956.74621436,23000.96116006,0.00046260,0.00048401,0.03816184,0.48847294,1.38783099,-13.00000000,PASSIVE_SELL
1250,98.57118548,98.57066962,0.21598743,0.02053096,590.24258600,-778.11122123,34945.71843080,19847.04623137,0.00045514,0.00048394,-0.00847642,0.49802736,1.22163189,-14.00000000,PASSIVE_SELL
1251,98.49650323,98.49384475,0.00899981,0.02050377,-783.21790920,-1866.51637237,27981.77963853,27107.36015366,0.00046542,0.00048616,-0.08825644,0.49802736,2.27743518,-15.00000000,PASSIVE_SELL
1252,98.56826035,98.56849039,0.09150478,0.02044556,671.21069235,-953.08761439,27098.07635904,23348.82258682,0.00047848,0.00048863,0.14643935,0.49122193,1.41048315,-14.00000000,PASSIVE_BUY
1253,98.60079645,98.59994136,0.01172360,0.02020747,713.50175105,208.09400704,27372.54438195,25696.38239004,0.00047444,0.00048791,-0.03922100,0.49278630,0.96508140,-15.00000000,PASSIVE_SELL
1254,98.56864838,98.57607244,-0.08940722,0.02041039,-425.75349313,256.84119641,20664.32856301,31241.15230730,0.00047009,0.00048765,-0.06468417,0.49278630,1.41384792,-14.00000000,PASSIVE_BUY
1255,98.63823914,98.63891108,-0.10578628,0.02021231,258.03482022,-58.68933625,20395.09024681,27012.86744795,0.00048108,0.00049018,0.10173883,0.48365111,1.35565083,-13.00000000,PASSIVE_BUY
1256,98.61025386,98.60770922,-0.11740250,0.02010849,-715.96233674,-503.99851441,23716.48359563,28088.74223328,0.00048112,0.00048904,-0.09757604,0.48365111,1.72951372,-14.00000000,PASSIVE_SELL
1257,98.56670765,98.56527764,-0.03677756,0.02040999,-730.77470622,-554.66392399,22429.19949481,20895.86733443,0.00048397,0.00048737,-0.01556093,0.49302624,2.34936567,-15.00000000,PASSIVE_SELL
1258,98.46208148,98.46118917,-0.13734130,0.02029876,-755.83087968,-1026.93166001,20214.19058367,30652.21326439,0.00049972,0.00048895,-0.06107996,0.49712250,3.92890762,-16.00000000,PASSIVE_SELL
1259,98.40344668,98.40480546,-0.04907811,0.02040679,-711.47713161,-1193.88669145,16591.34884642,20395.37141541,0.00050548,0.00048883,0.04599138,0.49836025,1.55543544,-15.00000000,PASSIVE_BUY
1260,98.42630416,98.43333885,0.21875162,0.02072564,772.08912235,-1284.54005890,29334.59408045,18799.06811433,0.00050260,0.00048822,0.08149227,0.49836025,1.54070878,-14.00000000,PASSIVE_BUY
1261,98.52301466,98.51829304,-0.05864509,0.02026603,222.17818493,-563.82650193,25423.94176004,25674.90726146,0.00051938,0.00049192,0.07385302,0.51087965,0.19689486,-15.00000000,PASSIVE_SELL
1262,98.47802292,98.47359357,-0.03555767,0.02025432,-228.75655723,-935.75855218,15980.83347854,17969.74718793,0.00051722,0.00049147,-0.14170223,0.51087965,0.88189811,-16.00000000,PASSIVE_SELL
1263,98.48292102,98.48573224,0.07998775,0.02030820,517.58888779,-98.71967152,29714.70470223,25860.18802593,0.00051691,0.00049083,0.04988984,0.51254043,1.48848968,-15.00000000,PASSIVE_BUY
1264,98.45619118,98.45782127,0.06758201,0.02029880,-593.81262067,-1416.44256978,28272.31127509,26749.14520227,0.00051639,0.00049118,-0.03162794,0.51254043,1.52543468,-14.00000000,PASSIVE_BUY
1265,98.47632584,98.48066358,-0.00575380,0.02045448,489.16038373,-1286.61230466,22030.83662541,26313.09745916,0.00051015,0.00049133,0.04686450,0.51254043,1.51451537,-13.00000000,PASSIVE_BUY
1266,98.43708961,98.44162789,-0.04570042,0.02069256,-500.19943133,-1942.55880089,28271.89173410,38307.97892833,0.00048995,0.00049159,-0.05937089,0.50217704,1.56266940,-12.00000000,PASSIVE_BUY
1267,98.49193555,98.48830296,-0.14543072,0.02022292,330.54115209,-1413.25429524,17276.47581582,22395.26599154,0.00049683,0.00049156,0.09408217,0.50217704,0.91462955,-13.00000000,PASSIVE_SELL
1268,98.37970866,98.38031073,0.10678700,0.02022108,-375.20829288,-2279.44221042,25205.31747847,20006.28528301,0.00051902,0.00049787,-0.16707283,0.48464520,1.62843605,-12.00000000,PASSIVE_BUY
1269,98.43958606,98.43481702,-0.07161676,0.02050381,396.37668318,-2532.31242236,23311.40150777,25721.84272756,0.00052776,0.00049782,0.17210428,0.49345951,0.92015921,-13.00000000,PASSIVE_SELL
1270,98.44781093,98.45293341,-0.06003311,0.02042178,722.50957080,-1398.55502226,24734.49540976,30769.05180431,0.00052647,0.00049696,-0.05165252,0.49345951,1.56540222,-12.00000000,PASSIVE_BUY
1271,98.43825511,98.43000238,-0.08190276,0.02057972,-373.64451807,-1044.20425723,24855.41580383,22749.70102080,0.00050946,0.00049681,-0.01778069,0.49345951,1.69036186,-13.00000000,PASSIVE_SELL
1272,98.49968210,98.49791647,-0.22358279,0.02092637,407.24314644,99.13131686,20909.81024565,33822.17482419,0.00051759,0.00049882,0.07098280,0.49257228,0.90227420,-14.00000000,PASSIVE_SELL
1273,98.60534243,98.60624553,0.06368112,0.02046325,750.07790218,1348.49462949,27025.11270160,21597.16822390,0.00053955,0.00050460,0.04423334,0.49257228,1.40337464,-13.00000000,PASSIVE_BUY
1274,98.64883577,98.64807434,-0.10365086,0.02017895,374.60369040,2114.62091331,21223.58241991,27896.32008779,0.00054290,0.00050556,-0.06216699,0.51029471,0.84805069,-14.00000000,PASSIVE_SELL
1275,98.62483816,98.62839126,0.01281924,0.02092166,-241.50697970,1413.11095771,21767.48865869,22035.59422822,0.00054365,0.00050263,-0.06749096,0.51029471,1.38568661,-13.00000000,PASSIVE_BUY
1276,98.65363154,98.65716063,0.33210025,0.02017836,540.36719791,1453.62646310,33544.28209140,17411.86727239,0.00054162,0.00050305,0.05279100,0.50602977,1.37144218,-12.00000000,PASSIVE_BUY
1277,98.64822642,98.64479679,0.03736462,0.02032393,-631.40832575,399.04370795,31899.45967568,25935.32858420,0.00054153,0.00050301,-0.03419850,0.50602977,1.44646557,-13.00000000,PASSIVE_SELL
1278,98.61941993,98.62316548,0.07826958,0.02052197,-224.41848562,882.68659369,28642.42808249,27476.31146815,0.00053563,0.00050139,-0.02340137,0.50602977,1.40490595,-12.00000000,PASSIVE_BUY
1279,98.57135471,98.56918060,-0.10728344,0.02025376,-294.40359365,995.34469122,22407.10142872,27643.15817386,0.00051288,0.00050243,-0.01925873,0.50602977,1.99181553,-13.00000000,PASSIVE_SELL
1280,98.65067689,98.65686600,0.08789207,0.02030220,512.21166126,1013.62038600,24676.56677355,21204.06650178,0.00052272,0.00050373,0.12738741,0.50676347,1.37272869,-12.00000000,PASSIVE_BUY
1281,98.59376816,98.59846417,0.02196804,0.02036543,-547.06856400,-186.65267032,30374.67076227,30224.58466724,0.00052939,0.00050528,-0.13623092,0.50676347,1.43947240,-11.00000000,PASSIVE_BUY
1282,98.54141963,98.53422934,0.14415859,0.02012039,-628.03781619,-1658.90379487,25076.98827629,17634.24939373,0.00053470,0.00050548,0.00456020,0.51594841,2.02536645,-12.00000000,PASSIVE_SELL
1283,98.52256678,98.51886706,-0.04471535,0.02004326,-475.24209500,-1349.71355794,30654.65228797,27622.72345673,0.00053252,0.00050390,0.03349569,0.51594841,2.26162223,-13.00000000,PASSIVE_SELL
1284,98.57192022,98.57878246,-0.03764377,0.02009496,875.20345309,-43.89277047,26418.66245063,31419.98376915,0.00053102,0.00050517,0.06820629,0.51590884,1.44623270,-12.00000000,PASSIVE_BUY
1285,98.67575336,98.68504067,0.18335723,0.02039532,386.06822130,858.86503501,23705.00386062,18725.65523859,0.00053872,0.00050583,0.05447970,0.51590884,1.35094524,-11.00000000,PASSIVE_BUY
1286,98.65644353,98.65693111,0.11285349,0.02047333,-638.37270608,-456.18198330,29185.49248637,25659.11879304,0.00053711,0.00050567,-0.12314297,0.52102610,1.38010169,-10.00000000,PASSIVE_BUY
1287,98.70560335,98.70557019,0.03826223,0.02011773,744.10675361,-235.44293342,30941.09149493,26940.36644062,0.00053974,0.00050675,0.06846965,0.53126607,0.88850350,-10.00000000,HOLD
1288,98.68802901,98.68175287,-0.27641648,0.02003764,-829.50335542,-598.88689503,19859.01867277,30708.52657902,0.00053224,0.00050637,-0.06673416,0.53126607,1.07426571,-11.00000000,PASSIVE_SELL
1289,98.69260631,98.68696058,-0.20941443,0.02037448,489.98860690,469.65511434,22529.61430403,35309.74309291,0.00053166,0.00050633,0.02215164,0.52047854,1.03410261,-12.00000000,PASSIVE_SELL
1290,98.67287130,98.67286396,0.00233857,0.02039744,-265.44802586,-151.07766268,27771.41721485,25741.98668447,0.00052778,0.00050651,-0.02431231,0.52047854,1.27092274,-12.00000000,HOLD
1291,98.63328614,98.64226154,-0.19842029,0.02036576,-223.17451270,124.34026009,16242.24593312,30326.35852447,0.00053132,0.00050723,-0.01985016,0.52047854,1.40259586,-11.00000000,PASSIVE_BUY
1292,98.60522898,98.60320232,-0.04680476,0.02052178,-692.18981087,-1237.50080194,21176.99157897,22312.89525978,0.00053327,0.00050703,0.01152801,0.52261841,1.72148549,-12.00000000,PASSIVE_SELL
1293,98.64588899,98.64672955,0.00057638,0.02022051,666.86469878,37.33669307,20258.04396720,21954.80983637,0.00053566,0.00050787,0.06871717,0.50968123,1.39008482,-11.00000000,PASSIVE_BUY
1294,98.71294081,98.72008469,0.14721449,0.02055261,711.11926958,350.02425860,30226.09958853,27261.99785724,0.00052915,0.00050978,0.02639181,0.50968123,1.33164881,-10.00000000,PASSIVE_BUY
1295,98.74037345,98.73209586,-0.41211953,0.02080610,115.48823360,826.66879452,16408.12789874,33826.18946406,0.00052390,0.00050994,-0.03961918,0.50840551,1.06772542,-11.00000000,PASSIVE_SELL
1296,98.80655616,98.81263475,0.28460160,0.02025530,832.68944003,1325.11723828,29894.20332303,16394.61649047,0.00053010,0.00051206,0.03875006,0.50840551,1.24374520,-10.00000000,PASSIVE_BUY
1297,98.85044948,98.84966983,0.09041603,0.02000095,417.19269997,1150.48850219,27016.38648681,23589.17846000,0.00052552,0.00051077,-0.02228938,0.52664013,0.81481239,-11.00000000,PASSIVE_SELL
1298,98.75183745,98.75114576,0.19862208,0.02036897,-541.79173770,1483.36825678,36498.20717004,22151.89471006,0.00054525,0.00051439,-0.14250536,0.52664013,1.90972925,-12.00000000,PASSIVE_SELL
1299,98.78622137,98.78574760,0.25578913,0.02001262,449.15789950,1528.61282376,30009.84594651,17791.39535635,0.00054635,0.00051356,0.13299595,0.51764861,1.50712856,-13.00000000,PASSIVE_SELL
1300,98.89577267,98.89803573,0.02501928,0.02073261,618.21218280,1556.58242056,30410.31252303,28649.89279992,0.00056614,0.00051940,0.07516738,0.51764861,1.13391076,-12.00000000,PASSIVE_BUY
1301,98.83581871,98.83887222,0.03316161,0.02014063,-524.21303932,1815.58729043,24537.23907474,26375.22789438,0.00056211,0.00051693,-0.16950526,0.51742845,1.20719094,-11.00000000,PASSIVE_BUY
1302,98.89116159,98.88479580,0.02784356,0.02055759,242.77647691,1387.15307499,25617.75734951,17910.99099019,0.00055864,0.00051678,0.11529684,0.51742845,0.60869802,-12.00000000,PASSIVE_SELL
1303,98.90251584,98.89781756,-0.07169402,0.02033515,541.87573577,1215.52705971,23959.64044064,22589.94041425,0.00055741,0.00051469,-0.04398863,0.51558510,0.48261460,-13.00000000,PASSIVE_SELL
1304,98.87412429,98.87430064,-0.19253284,0.02104740,-438.03214300,1203.24840984,15655.71310424,27543.89996303,0.00055690,0.00051515,-0.03974580,0.51558510,1.16633760,-12.00000000,PASSIVE_BUY
1305,98.83813840,98.84081774,-0.01188320,0.02015449,-546.78093001,398.43265962,17413.57373195,22598.76335810,0.00055228,0.00051569,-0.00759433,0.52806645,1.21731171,-11.00000000,PASSIVE_BUY
1306,98.90958638,98.90937496,-0.00845481,0.02013831,488.23061141,1602.62560777,24717.28141644,27532.86710824,0.00055840,0.00051792,0.10743386,0.52806645,0.44145311,-12.00000000,PASSIVE_SELL
1307,98.94582327,98.95097423,0.15428301,0.02014863,663.34004869,2996.74036268,24802.54487927,21565.95312182,0.00055531,0.00051706,-0.03521109,0.53559980,1.11728903,-11.00000000,PASSIVE_BUY
1308,98.97209137,98.97794400,0.14483073,0.02089514,604.35582389,4356.92706625,33964.25817596,29300.40246161,0.00053145,0.00051734,-0.00996878,0.55037500,1.09773596,-10.00000000,PASSIVE_BUY
1309,98.93151479,98.92801125,0.05427958,0.02014439,-862.45217550,4205.95202236,26978.05327013,21197.08995334,0.00052719,0.00051765,-0.06684469,0.55037500,1.51357404,-11.00000000,PASSIVE_SELL
1310,99.02136074,99.02436205,0.01716514,0.02012482,818.55443390,4252.41733392,28115.83679468,30513.28619278,0.00053875,0.00052138,0.13042255,0.54155325,1.05010966,-10.00000000,PASSIVE_BUY
1311,99.00894794,99.00071443,0.02749725,0.02036053,-780.40476823,3249.83438075,29154.95329392,22484.35114149,0.00052548,0.00052140,-0.10225876,0.54155325,1.18441797,-11.00000000,PASSIVE_SELL
1312,99.00223954,98.99276702,0.22380126,0.02073629,-325.74317907,3152.84775891,28874.89062575,17567.34226754,0.00052005,0.00051935,0.00570440,0.54861975,1.26857853,-12.00000000,PASSIVE_SELL
1313,98.96673918,98.96905023,0.15359448,0.02003833,-220.82520484,2414.43366628,26980.53794373,19652.77750902,0.00052407,0.00051950,-0.02879195,0.54861975,1.09586286,-11.00000000,PASSIVE_BUY
1314,98.90494862,98.90968138,0.18067378,0.02061292,-426.98695251,2581.25933444,30064.90087442,22813.86114431,0.00053133,0.00052100,-0.02629020,0.54861975,1.16508694,-10.00000000,PASSIVE_BUY
1315,98.94930969,98.94342223,0.11080398,0.02062823,199.02490707,2291.12385779,31182.12101669,21148.77358811,0.00053346,0.00051991,0.10615163,0.55287024,0.73179033,-11.00000000,PASSIVE_SELL
1316,98.87599804,98.87504547,0.10478175,0.02005524,-441.72073970,2349.60254942,28574.51297019,19194.97377454,0.00054190,0.00052157,-0.11767272,0.55580861,1.54824611,-12.00000000,PASSIVE_SELL
1317,98.90401288,98.90361120,0.00322232,0.02030607,362.18124973,2381.24264707,29323.98139475,27460.83901168,0.00053852,0.00051853,0.10132649,0.55580861,1.22222104,-13.00000000,PASSIVE_SELL
1318,98.85846484,98.85806727,0.00113177,0.02037159,-278.46835134,2477.98258860,27880.53784273,26886.72629876,0.00051556,0.00051960,-0.07356289,0.55580861,1.82453141,-14.00000000,PASSIVE_SELL
1319,98.91910637,98.91932367,0.08394662,0.02008620,726.29260022,2807.89850564,21731.82626265,16987.78707099,0.00051565,0.00052039,0.10618958,0.54215123,1.12673420,-13.00000000,PASSIVE_BUY
1320,98.93191484,98.93086015,0.07797323,0.02031260,787.91932976,2873.30826461,25657.43103765,21528.20065633,0.00051567,0.00052045,-0.04783307,0.55503373,0.97038048,-14.00000000,PASSIVE_SELL
1321,98.95278972,98.94959707,-0.04865036,0.02014129,503.46527827,3750.41806095,21615.41664515,26161.31344953,0.00051514,0.00051964,0.00806642,0.55503373,0.68820274,-15.00000000,PASSIVE_SELL
1322,98.90413411,98.91214570,0.05109041,0.02040326,-141.37749911,3201.79741541,32678.00556262,29446.16186239,0.00051631,0.00052046,-0.06953049,0.55503373,1.13538949,-14.00000000,PASSIVE_BUY
1323,98.96578663,98.96598001,0.03647697,0.02086451,413.74138218,2865.46089540,25731.94535246,21407.67337747,0.00050274,0.00052045,0.11030813,0.54402242,1.08117108,-13.00000000,PASSIVE_BUY
1324,98.95508350,98.95748277,0.01734689,0.02120142,-597.94508035,1892.91212465,18165.23892142,18197.83287287,0.00050057,0.00052030,-0.07235566,0.53510887,1.10045347,-12.00000000,PASSIVE_BUY
1325,98.98779955,98.99140831,0.19691600,0.02055821,502.12928060,2636.54838495,27940.65418680,20820.01848691,0.00050002,0.00051982,0.04341919,0.53510887,1.08155418,-11.00000000,PASSIVE_BUY
1326,99.05371797,99.05210118,0.17245351,0.02000026,463.29928678,2559.48047382,35462.18402759,23092.12361570,0.00050599,0.00051542,0.03320237,0.53549995,0.36645168,-12.00000000,PASSIVE_SELL
1327,99.07764287,99.07935379,0.07535437,0.02053754,725.09227346,3915.98107303,32174.70788409,25690.72331764,0.00050610,0.00051327,-0.04199352,0.53549995,0.99899736,-11.00000000,PASSIVE_BUY
1328,98.97788943,98.97725333,-0.11966731,0.02027541,-308.81235102,3831.58720764,21200.36849739,26715.24435255,0.00052631,0.00051782,-0.12367835,0.53242737,2.10642297,-12.00000000,PASSIVE_SELL
1329,99.01288433,99.01816683,-0.14453424,0.02076329,387.56407388,4513.55487518,24943.88796611,36192.90555260,0.00052156,0.00051769,0.13474835,0.53242737,1.05601488,-11.00000000,PASSIVE_BUY
1330,99.01888798,99.02263489,-0.08677496,0.02115614,605.78035776,4607.12357167,18486.83654055,23352.69453853,0.00051147,0.00051642,-0.02899127,0.54466559,1.05862507,-10.00000000,PASSIVE_BUY
1331,99.09068305,99.08229279,-0.04423861,0.02018399,279.01178149,5433.20391716,31575.07109965,32549.46102124,0.00051077,0.00051518,0.06579144,0.54466559,0.35076628,-11.00000000,PASSIVE_SELL
1332,99.09472118,99.09528870,-0.18778253,0.02024021,937.13276094,6998.37449429,18706.59490808,32037.04941891,0.00050284,0.00051513,-0.06775695,0.55059879,0.99531948,-10.00000000,PASSIVE_BUY
1333,99.06620045,99.06702765,0.09724118,0.02080328,-741.36731210,6732.24927719,35959.39969694,31544.01291146,0.00050418,0.00051145,-0.03255887,0.53371561,1.03170802,-9.00000000,PASSIVE_BUY
1334,99.04377422,99.04775574,0.10182848,0.02053006,-416.53444732,5440.51137678,33111.18650164,28882.24800701,0.00050319,0.00051009,0.00609451,0.53371561,1.06549219,-8.00000000,PASSIVE_BUY
1335,99.00981857,99.00764747,-0.24678909,0.02029164,-567.16592278,4487.27723270,16036.55391144,26177.16059814,0.00048779,0.00051035,-0.01152942,0.54784567,1.34728319,-9.00000000,PASSIVE_SELL
1336,99.00438727,99.00490575,0.00663492,0.02041383,-561.74991240,4563.90002638,30777.74833930,29243.02597091,0.00048666,0.00051038,0.02852435,0.54784567,1.10378093,-8.00000000,PASSIVE_BUY
1337,99.00338462,99.00897841,-0.08405206,0.02035628,-470.86889877,3348.92437400,15210.76703302,22482.34279529,0.00048292,0.00050982,0.00442864,0.56017627,1.11516317,-7.00000000,PASSIVE_BUY
1338,98.92131346,98.92593008,-0.05566841,0.02001803,-368.25201378,3810.17571563,23484.88352588,30301.98817105,0.00049773,0.00051133,-0.08106849,0.56017627,1.20825809,-6.00000000,PASSIVE_BUY
1339,98.93066470,98.93898408,-0.32746210,0.02005897,515.85967231,3836.04678104,11403.04788727,31522.27994231,0.00049777,0.00051038,0.09142238,0.56017627,1.20883399,-5.00000000,PASSIVE_BUY
1340,98.89235607,98.88288310,0.07428691,0.02057937,-821.95805255,3279.53675435,24565.20900224,19393.81120667,0.00050032,0.00050981,-0.04765986,0.55722618,1.41066681,-6.00000000,PASSIVE_SELL
1341,98.88181307,98.87641489,-0.03719163,0.02032638,-514.40676492,2988.30450213,26631.37975042,26338.57636187,0.00049676,0.00050793,0.02776563,0.55722618,1.48408801,-7.00000000,PASSIVE_SELL
1342,98.87268536,98.87193607,0.05789292,0.02075487,-611.88617793,3068.60813506,29584.30574778,27022.86638281,0.00049489,0.00050795,0.00141529,0.57153663,1.55835943,-8.00000000,PASSIVE_SELL
1343,98.95362594,98.95910781,0.19422688,0.02166146,797.48744104,3199.23087732,24072.36655438,15978.65508804,0.00050395,0.00050933,0.09006830,0.56186314,1.15047869,-7.00000000,PASSIVE_BUY
1344,98.96429617,98.96271870,-0.16473594,0.02098262,387.93672429,2876.04833203,18590.63340646,27671.78524964,0.00049625,0.00050926,-0.07027036,0.56186314,1.08627840,-8.00000000,PASSIVE_SELL
1345,98.99570636,98.99533484,-0.00454088,0.02010789,814.88205876,3575.44215719,21955.24019928,23800.04871853,0.00049664,0.00050647,0.02073996,0.57135400,0.84505085,-9.00000000,PASSIVE_SELL
1346,98.95026846,98.95275150,0.03846366,0.02013821,-728.04292816,2014.70978900,35082.44904476,32388.74762154,0.00049367,0.00050756,-0.07684808,0.55635966,1.15888765,-8.00000000,PASSIVE_BUY
1347,98.93502419,98.94158975,0.20248501,0.02035474,-544.49532908,1053.02175995,33235.86828340,22780.46274326,0.00049070,0.00050768,0.03019363,0.55635966,1.18355142,-7.00000000,PASSIVE_BUY
1348,98.95178724,98.94734283,0.06376008,0.02066695,258.87188148,1853.68537913,24065.31790421,22761.75002273,0.00046914,0.00050708,0.03200731,0.55445111,1.07654357,-8.00000000,PASSIVE_SELL
1349,98.90799587,98.91161638,-0.07714605,0.02119305,-427.90372324,976.62375639,27526.37859644,34571.29848169,0.00047183,0.00050690,-0.06055442,0.54909517,1.21272406,-7.00000000,PASSIVE_BUY
1350,98.86223187,98.86129133,-0.13923623,0.02066563,-641.24615002,-282.83457643,20432.70315211,23808.49642849,0.00045044,0.00050783,-0.00197263,0.54909517,1.54340486,-8.00000000,PASSIVE_SELL
1351,98.83059493,98.83861640,0.01821785,0.02038262,-162.46225863,78.91620426,25088.15252116,28372.51232254,0.00044456,0.00050805,0.01412706,0.54909517,1.28945195,-7.00000000,PASSIVE_BUY
1352,98.76370392,98.76912707,0.05910310,0.02062392,-404.96345717,-568.82372981,19037.28069675,23966.24113750,0.00044707,0.00050586,-0.03525408,0.55878173,1.36593101,-6.00000000,PASSIVE_BUY
1353,98.73176497,98.72480341,0.11980879,0.02022868,-771.71908825,-1882.41855383,31618.57874614,24735.77346129,0.00044852,0.00050635,0.03495206,0.55878173,1.56767907,-7.00000000,PASSIVE_SELL
1354,98.74472494,98.74735318,0.00253534,0.02001235,723.18838361,-721.19802723,28523.00402714,29385.47800589,0.00044763,0.00050371,0.04489892,0.54112343,1.38479427,-6.00000000,PASSIVE_BUY
1355,98.75217258,98.75109552,0.07920495,0.02086964,648.27670466,473.85960744,34417.90498331,26767.84565809,0.00044522,0.00050353,-0.00551233,0.53253686,1.35054326,-7.00000000,PASSIVE_SELL
1356,98.68728475,98.69389319,0.11751892,0.02065294,-424.60794196,-438.97894593,24088.43800809,17144.01051335,0.00044124,0.00050545,-0.07233547,0.53253686,1.44461708,-6.00000000,PASSIVE_BUY
1357,98.75093964,98.75373674,0.07552107,0.02005361,265.19370788,-837.12528675,30464.53824294,24624.13776703,0.00044811,0.00050736,0.12854272,0.52194876,1.39248731,-5.00000000,PASSIVE_BUY
1358,98.75114692,98.75154377,-0.01880876,0.02097779,-102.82546069,-1544.30657133,30774.99948738,31388.53318643,0.00044603,0.00050545,-0.06344761,0.52194876,1.40092056,-4.00000000,PASSIVE_BUY
1359,98.72719325,98.72492457,-0.11355402,0.02017141,-773.54836772,-1455.40276355,25261.67254976,31774.33935528,0.00044390,0.00050576,-0.02416096,0.50949471,1.50682096,-5.00000000,PASSIVE_SELL
1360,98.71214369,98.71577160,0.14528874,0.02059565,-378.68583076,-2652.64302821,31733.74337080,22271.58625432,0.00042288,0.00050582,0.00890412,0.50949471,1.43982119,-4.00000000,PASSIVE_BUY
1361,98.67349034,98.67345719,-0.12633849,0.02010715,-541.15929431,-2413.39755429,20594.98107608,28135.43666862,0.00042531,0.00050326,-0.02360380,0.50928738,1.59443460,-4.00000000,HOLD
1362,98.69986710,98.70930154,0.05376009,0.02001447,675.16148314,-1412.49289208,30021.30817089,30073.44325281,0.00042789,0.00049843,0.06503011,0.50928738,1.46297679,-3.00000000,PASSIVE_BUY
1363,98.66831900,98.67643518,-0.12863555,0.02024530,-454.57591433,-1646.24360157,18918.71782201,29508.29067951,0.00042738,0.00049755,-0.05792485,0.50585685,1.50441671,-2.00000000,PASSIVE_BUY
1364,98.56963916,98.56282938,-0.42334710,0.02030964,-825.20600063,-2044.46264969,11863.11018279,34673.74839064,0.00044036,0.00050251,-0.06713174,0.50585685,1.71193120,-3.00000000,PASSIVE_SELL
1365,98.56458173,98.57147420,-0.11301438,0.02084829,-159.31539175,-2402.80294851,18872.18428821,28369.16758695,0.00043415,0.00049955,0.09362241,0.52121519,1.58171836,-2.00000000,PASSIVE_BUY
1366,98.49905816,98.50572448,-0.20717955,0.02066994,-414.74640227,-2375.82861109,13451.41962298,23023.61040369,0.00043195,0.00050173,-0.06046613,0.52121519,1.65766607,-1.00000000,PASSIVE_BUY
1367,98.47269591,98.46759775,-0.05798025,0.02040594,-343.61567612,-3081.62553694,24503.27630206,26662.23964280,0.00042966,0.00050195,0.03916131,0.52121519,1.69423129,-2.00000000,PASSIVE_SELL
1368,98.48089579,98.48315525,0.04630741,0.02045746,221.57511305,-2581.58207255,25834.23175352,22377.56304745,0.00042695,0.00050198,0.03456212,0.52121519,1.67291629,-1.00000000,PASSIVE_BUY
1369,98.47970968,98.48055658,0.05604112,0.02063318,-372.83489948,-3680.70957225,22074.69059829,19967.26554901,0.00041557,0.00050194,-0.00938598,0.52422106,1.68441898,0.00000000,PASSIVE_BUY
1370,98.54366315,98.54543553,-0.05383243,0.02016635,731.99803414,-3736.63086788,24676.77648420,25739.43994566,0.00042724,0.00049849,0.06513956,0.52013971,1.69450216,1.00000000,PASSIVE_BUY
1371,98.53388992,98.54088513,0.10138358,0.02006359,-547.68750737,-4787.78365352,29383.47353965,24006.24031402,0.00042523,0.00049829,-0.07372668,0.52013971,1.69476073,2.00000000,PASSIVE_BUY
1372,98.50063459,98.50938817,0.07666581,0.02067240,-485.19677314,-5131.60292755,20584.04988787,18653.98195442,0.00042282,0.00049689,-0.02348212,0.51818013,1.63858625,3.00000000,PASSIVE_BUY
1373,98.51697820,98.51844908,0.06557283,0.02001121,398.74859026,-5146.59571947,21386.08082801,23841.70162602,0.00041229,0.00049624,0.04959895,0.51818013,1.69762271,4.00000000,PASSIVE_BUY
1374,98.54728425,98.54312546,0.18293711,0.02011111,459.23261723,-4089.41802189,27312.58571913,16858.11542198,0.00041603,0.00049256,0.01396243,0.53509612,1.69791485,3.00000000,PASSIVE_SELL
1375,98.50005693,98.49766397,0.22470828,0.02031234,-516.76033982,-5108.30764231,35802.55191605,19673.49494596,0.00041540,0.00049347,-0.07753336,0.53509612,1.66064247,2.00000000,PASSIVE_SELL
1376,98.57455712,98.56781974,-0.10584929,0.02066507,406.14739221,-5165.45953687,20472.10111679,22766.79617647,0.00041890,0.00049144,0.12172750,0.53412799,1.74529883,1.00000000,PASSIVE_SELL
1377,98.59019131,98.59080382,-0.02069178,0.02019148,758.66954545,-5131.88226489,27169.50630872,27754.68799798,0.00041772,0.00049083,-0.05886600,0.53438091,1.77102876,2.00000000,PASSIVE_BUY
1378,98.61245741,98.60988928,-0.18159971,0.02076847,555.26266264,-4267.80725123,24036.66529527,34079.47880339,0.00039934,0.00049080,0.00663192,0.53438091,1.78559617,1.00000000,PASSIVE_SELL
1379,98.57968006,98.57620380,0.05140569,0.02007917,-686.99526227,-5342.36658738,30387.50597239,24175.05215819,0.00039619,0.00048764,-0.05504345,0.53131998,1.76285840,0.00000000,PASSIVE_SELL
1380,98.61591252,98.61981570,0.08771737,0.02080289,882.34352006,-5065.80342508,27364.18414370,24738.41064255,0.00040079,0.00048406,0.06900981,0.53131998,1.77325985,1.00000000,PASSIVE_BUY
1381,98.62682949,98.63115181,0.04745323,0.02039994,660.39857567,-4684.41663090,25801.19397778,23904.86205587,0.00038499,0.00048350,-0.02531550,0.54003709,1.79437678,2.00000000,PASSIVE_BUY
1382,98.68765617,98.68105692,0.00801423,0.02035490,250.38889749,-5371.16049436,26233.36801653,23486.13978661,0.00039726,0.00048356,0.04990972,0.54003709,1.83944428,1.00000000,PASSIVE_SELL
1383,98.79370663,98.79141672,-0.12865647,0.02019625,512.80306849,-4116.99011377,20498.91343478,25373.09766876,0.00042775,0.00048761,0.04522378,0.54766652,1.95559287,0.00000000,PASSIVE_SELL
1384,98.73437690,98.72814265,0.05199151,0.02077073,-611.18916699,-4311.64483343,27223.41857815,23774.92077006,0.00043392,0.00048946,-0.16538019,0.54755978,1.96597823,-1.00000000,PASSIVE_SELL
1385,98.75488861,98.75586393,0.02989007,0.02054046,703.51165960,-3040.96725105,22315.68071476,23896.91340225,0.00043365,0.00048441,0.07984145,0.54755978,1.95573675,0.00000000,PASSIVE_BUY
1386,98.68234693,98.68359238,0.04204696,0.02047337,-583.83611812,-3063.05345677,29047.89448820,26809.10115128,0.00044408,0.00048680,-0.09305340,0.52954764,1.96597343,1.00000000,PASSIVE_BUY
1387,98.73360747,98.74033218,-0.10235555,0.02027315,724.22037041,-1867.96418760,19018.81913324,29621.08181890,0.00045151,0.00048808,0.12380222,0.52954764,2.02737055,2.00000000,PASSIVE_BUY
1388,98.79862145,98.79462441,-0.17609288,0.02001206,234.95554822,-1264.75662560,22789.43393865,33208.57732746,0.00044848,0.00048917,0.01375344,0.53965610,2.05656763,1.00000000,PASSIVE_SELL
1389,98.85196538,98.84409612,-0.17282565,0.02052465,339.78004822,-1440.83624969,28434.81053918,35914.08459432,0.00045513,0.00049059,-0.01167005,0.53965610,2.12017388,0.00000000,PASSIVE_SELL
1390,98.90459995,98.89860742,-0.30281283,0.02006805,163.23246266,-455.64573447,13087.03104262,25850.52630240,0.00045833,0.00049078,-0.00070936,0.53965610,2.13020791,-1.00000000,PASSIVE_SELL
1391,98.95326889,98.94381728,-0.23944382,0.02027729,195.71985550,254.48088594,26382.10200036,36219.46603466,0.00046311,0.00049057,-0.00396563,0.54050208,2.09167761,-2.00000000,PASSIVE_SELL
1392,98.94840469,98.94598101,-0.14506335,0.02025650,-384.50547072,481.86159316,17896.93611382,26439.12767470,0.00046295,0.00048959,-0.05353314,0.54050208,2.11153426,-3.00000000,PASSIVE_SELL
1393,98.91690372,98.92205781,-0.04868459,0.02068549,-311.62643087,-627.25227875,28597.74243773,33550.84667029,0.00045071,0.00049013,-0.02663676,0.54050208,2.13845223,-2.00000000,PASSIVE_BUY
1394,98.97284587,98.96413833,-0.09261908,0.02012903,120.50388162,-894.68512142,25478.27243621,25276.65080048,0.00045755,0.00048539,0.08744311,0.52514541,2.03663246,-3.00000000,PASSIVE_SELL
1395,98.93833704,98.94019201,-0.07312682,0.02051806,-333.42882992,-2042.99601010,19571.58477711,28212.66469497,0.00045786,0.00048603,-0.09045097,0.53382561,2.14255243,-2.00000000,PASSIVE_BUY
1396,99.04204403,99.04514480,-0.04275853,0.02028192,607.78706499,-707.16601695,24089.04259897,25410.72600643,0.00047662,0.00049106,0.13821583,0.53382561,2.04910446,-1.00000000,PASSIVE_BUY
1397,99.04492908,99.04561447,-0.08724490,0.02047960,561.06317163,398.39248376,23936.82636478,28693.63251514,0.00047598,0.00049056,-0.10082196,0.54446994,2.05645922,0.00000000,PASSIVE_BUY
1398,99.08112730,99.07554416,-0.12726786,0.02024991,439.51389636,579.03449864,17667.70391774,24535.75927645,0.00047798,0.00049115,0.03331318,0.54446994,2.06658418,-1.00000000,PASSIVE_SELL
1399,99.05031276,99.04806849,0.00084195,0.02023069,-564.70726098,442.23096090,27218.24545591,26828.17962748,0.00047575,0.00049137,-0.06701277,0.52707123,2.10751407,-2.00000000,PASSIVE_SELL
1400,98.98862278,98.98635199,0.18114634,0.02126127,-437.67397985,645.80313107,27578.09392541,21139.98456709,0.00047957,0.00049184,-0.03087543,0.52707123,2.24152466,-3.00000000,PASSIVE_SELL
1401,98.97566312,98.96984494,0.11673388,0.02019728,-488.40217659,319.86321312,30755.01157028,19906.76051054,0.00047757,0.00049192,0.04873032,0.52312067,2.29050228,-4.00000000,PASSIVE_SELL
1402,98.97389297,98.97929616,0.14142681,0.02029204,-257.96263112,466.86403917,25809.18801778,24142.84241720,0.00046687,0.00049187,0.01118952,0.53046147,2.09644809,-3.00000000,PASSIVE_BUY
1403,98.88350443,98.88302894,0.03886438,0.02043077,-894.63528903,343.94783839,32939.29480373,31668.98106044,0.00048315,0.00049422,-0.08861839,0.53046147,2.37782910,-4.00000000,PASSIVE_SELL
1404,98.91860589,98.91332632,-0.05564560,0.02056094,464.97139717,85.73085195,26703.08971696,25380.85851763,0.00048509,0.00049313,0.12548999,0.52540749,2.24770376,-5.00000000,PASSIVE_SELL
1405,98.98648936,98.98711504,0.00546925,0.02005008,475.62495987,-86.92089284,22515.19506100,23550.37889214,0.00049356,0.00049542,0.03278202,0.52540749,2.05309108,-4.00000000,PASSIVE_BUY
1406,99.04108911,99.04250595,0.06027832,0.02111321,731.80323001,1069.49027913,30403.49546472,27736.12199237,0.00048803,0.00049642,-0.01328372,0.54175971,2.00745324,-3.00000000,PASSIVE_BUY
1407,98.99859911,98.99974871,-0.07420113,0.02011335,-656.99079061,147.30578064,24538.98934548,28884.43619421,0.00048595,0.00049712,-0.09708975,0.54175971,2.06099977,-2.00000000,PASSIVE_BUY
1408,98.97162560,98.96561813,-0.25627937,0.02037314,-489.42500188,-239.29376054,17518.88429239,29235.42498543,0.00048801,0.00049576,0.01551649,0.53471851,2.12513336,-3.00000000,PASSIVE_SELL
1409,98.94787933,98.94113403,0.03116097,0.02011113,-499.87009096,34.38451622,18161.94969654,17612.05150538,0.00048798,0.00049585,0.00322724,0.53471851,2.20642773,-4.00000000,PASSIVE_SELL
1410,98.95822209,98.95577363,0.16065538,0.02084960,504.71321695,917.78356393,28021.99820310,15266.11637537,0.00048723,0.00049503,0.03408902,0.53471851,2.17548152,-5.00000000,PASSIVE_SELL
1411,98.90037180,98.89212687,-0.07944804,0.02046953,-195.96882995,1262.97402829,24833.09360802,32156.60594522,0.00049146,0.00049591,-0.06819304,0.53837319,2.47496773,-6.00000000,PASSIVE_SELL
1412,98.91235679,98.90766599,0.05076428,0.02034518,233.11196549,820.92451065,29341.94643203,24462.47054892,0.00049057,0.00049462,0.06983528,0.53837319,2.41323037,-7.00000000,PASSIVE_SELL
1413,98.96541884,98.96844937,0.08245891,0.02001570,637.17351945,1912.67394442,26455.41936269,23135.18003812,0.00049255,0.00049580,0.04107707,0.53837319,2.02545713,-6.00000000,PASSIVE_BUY
1414,98.97514995,98.97572455,0.08196496,0.02027966,463.91171143,3201.79165648,27959.20343879,24785.89869835,0.00046866,0.00049554,-0.04333095,0.54370922,2.02520595,-5.00000000,PASSIVE_BUY
1415,99.06804588,99.06652272,0.10657033,0.02026794,439.37087980,3800.47792804,27083.57323930,20765.23453885,0.00048327,0.00049822,0.08316482,0.54370922,1.57086027,-6.00000000,PASSIVE_SELL
1416,99.10227911,99.11055284,0.16860139,0.02083229,734.57240460,4949.79673492,29385.95287808,21613.84579701,0.00047177,0.00049386,-0.05866270,0.55743308,1.91583315,-5.00000000,PASSIVE_BUY
1417,99.19668029,99.20066965,-0.05428046,0.02013957,195.84794840,5489.26035944,27883.99706166,27976.29444514,0.00048240,0.00049781,0.06016795,0.55743308,1.83288720,-4.00000000,PASSIVE_BUY
1418,99.27065815,99.27119949,0.04015798,0.02036023,487.18629147,5754.87153785,26509.86029998,26703.03789456,0.00048952,0.00050040,-0.02042332,0.56295104,1.76875847,-3.00000000,PASSIVE_BUY
1419,99.24922538,99.25758215,-0.02823634,0.02033856,-443.10603818,5684.60039915,23751.57843370,30932.01682885,0.00049178,0.00050069,-0.09541062,0.56295104,1.80038219,-2.00000000,PASSIVE_BUY
1420,99.27502300,99.26895948,-0.11860871,0.02055608,119.81320897,5072.41557398,21586.38118296,24515.58409040,0.00048696,0.00050021,0.04723038,0.56850225,1.75906499,-3.00000000,PASSIVE_SELL
1421,99.26952930,99.26938179,-0.11188441,0.02127847,-165.32701669,5454.77606465,22232.28168256,26340.69743540,0.00048656,0.00049504,-0.03129132,0.56850225,1.78618534,-4.00000000,PASSIVE_SELL
1422,99.27642641,99.27827998,-0.03503499,0.02047716,406.87194372,6346.84478151,22308.75016479,25004.38402381,0.00048173,0.00049487,0.01239082,0.56850225,1.78471262,-3.00000000,PASSIVE_BUY
1423,99.32316454,99.32278257,-0.15227713,0.02005310,471.15219676,6419.24838801,21555.01316183,28826.75214899,0.00048373,0.00049568,0.03984101,0.57914567,1.65452479,-4.00000000,PASSIVE_SELL
1424,99.34195178,99.35099320,0.43744907,0.02038458,421.45640591,6381.47217669,33835.49651339,13306.41088124,0.00048331,0.00049571,-0.02795088,0.57914567,1.73603065,-3.00000000,PASSIVE_BUY
1425,99.35679976,99.34745668,-0.14138280,0.02035400,31.20462027,6929.43713679,29064.19104851,31705.55918457,0.00047460,0.00049571,-0.00393927,0.58280304,1.70166373,-4.00000000,PASSIVE_SELL
1426,99.35781658,99.35328723,-0.15840295,0.02028452,556.15601615,7079.44576073,18705.76094345,28015.28689226,0.00046771,0.00049488,-0.01383115,0.58280304,1.70773871,-5.00000000,PASSIVE_SELL
1427,99.40959820,99.41144943,0.16872997,0.02057852,412.56575757,6733.34197284,34143.70114059,26314.28248843,0.00047046,0.00049606,0.05076481,0.58280304,1.67218435,-4.00000000,PASSIVE_BUY
1428,99.41936958,99.42296421,-0.00111552,0.02034217,537.18250738,6715.26181759,21992.30425200,23504.35283291,0.00047047,0.00049378,-0.04201025,0.58869902,1.67293858,-3.00000000,PASSIVE_BUY
1429,99.46768500,99.46891225,0.06845717,0.02041088,627.62384310,8029.88092295,28371.01688722,26411.63892080,0.00046718,0.00048699,0.03854404,0.58888508,1.63475989,-2.00000000,PASSIVE_BUY
1430,99.40405406,99.40436518,-0.04919868,0.02027017,-702.28006051,6445.25734238,21361.63045275,22855.07377582,0.00048017,0.00048895,-0.11194636,0.58888508,1.70859627,-1.00000000,PASSIVE_BUY
1431,99.37931976,99.38600472,0.10322945,0.02022098,-321.54758421,5463.31118251,27449.66676358,28811.40613067,0.00048352,0.00048938,0.03889665,0.58888508,1.74344106,0.00000000,PASSIVE_BUY
1432,99.46224353,99.46602540,-0.01789867,0.02058671,496.50503590,5709.42732092,28248.08012008,28446.42501105,0.00048864,0.00049254,0.10765806,0.57095303,1.75373441,1.00000000,PASSIVE_BUY
1433,99.48772822,99.49412395,-0.03779155,0.02036821,674.39455035,5871.01880278,25329.57029779,33491.45575284,0.00047102,0.00049179,-0.05743908,0.57984394,1.78940321,2.00000000,PASSIVE_BUY
1434,99.54809583,99.55370226,0.17336626,0.02055282,562.80640579,7045.01437556,26165.40326786,23124.99206588,0.00046331,0.00049152,0.03488293,0.57984394,1.92041485,3.00000000,PASSIVE_BUY
1435,99.55182932,99.54510403,-0.25842272,0.02078577,207.55763157,6549.06034752,18432.89580893,27162.72751359,0.00046360,0.00048831,-0.05663413,0.58281056,1.79577293,2.00000000,PASSIVE_SELL
1436,99.48981011,99.48499354,-0.05078894,0.02010139,-507.67345024,6625.22301541,20718.03441597,22907.20717421,0.00045953,0.00048992,-0.06575270,0.58281056,1.74414660,1.00000000,PASSIVE_SELL
1437,99.47444197,99.48145488,0.32018597,0.02038328,-243.24454309,5657.75810192,35684.54457477,19164.53060785,0.00045876,0.00048984,0.04665107,0.57977700,1.73897010,2.00000000,PASSIVE_BUY
1438,99.53647210,99.53345180,-0.05224448,0.02008217,165.48221053,5588.28476423,18052.03008713,20822.12068656,0.00045801,0.00048917,0.07739827,0.57977700,1.80861383,1.00000000,PASSIVE_SELL
1439,99.56963310,99.57192291,0.04141093,0.02018577,482.52126590,5731.02598191,24994.85895627,27112.95191510,0.00045539,0.00048940,-0.02886913,0.58595849,1.85186771,2.00000000,PASSIVE_BUY
1440,99.59227100,99.58526872,-0.03079206,0.02046884,256.84546385,5824.63898309,29829.73318543,30200.42824885,0.00045219,0.00048817,-0.01052309,0.58595849,1.85789921,1.00000000,PASSIVE_SELL
1441,99.60525087,99.59802838,-0.11883142,0.02038637,236.33732762,5865.25645521,24383.61974320,30403.54824102,0.00044936,0.00048812,-0.00965803,0.58595849,1.88107227,0.00000000,PASSIVE_SELL
1442,99.62918673,99.62082157,0.00603679,0.02114365,128.71670557,6378.47863150,29045.45452987,28771.33838152,0.00044887,0.00048827,0.01095599,0.58595849,1.89164410,-1.00000000,PASSIVE_SELL
1443,99.64588462,99.65161549,0.02745953,0.02037287,414.70563597,7104.81069834,23993.79944058,21542.39224561,0.00044413,0.00048825,-0.00723797,0.58595849,1.88513264,0.00000000,PASSIVE_BUY
1444,99.75713288,99.74920344,0.11045077,0.02027232,115.73642687,7100.04324359,32109.36526131,21726.71090485,0.00046088,0.00049025,0.09455037,0.58816669,1.89526880,-1.00000000,PASSIVE_SELL
1445,99.79018899,99.78931246,-0.19107681,0.02007158,535.87406006,7969.34613357,18871.56490849,28250.07448118,0.00045573,0.00048884,-0.07819216,0.58816669,1.87224849,-2.00000000,PASSIVE_SELL
1446,99.81582568,99.81375610,-0.02916867,0.02008643,341.43638471,7702.99545329,24643.72467732,26215.47442736,0.00043844,0.00048882,-0.00741941,0.60407579,1.83101832,-3.00000000,PASSIVE_SELL
1447,99.72640973,99.73143990,-0.03729415,0.02038607,-155.98131847,6985.95096319,29152.25744332,27366.77302791,0.00046227,0.00049154,-0.11505264,0.60407579,1.94631745,-2.00000000,PASSIVE_BUY
1448,99.70351858,99.70975712,0.04027465,0.02010297,-239.27603555,6307.16103127,21896.63699821,27009.34130519,0.00046390,0.00049171,0.06652480,0.60407579,1.97940164,-1.00000000,PASSIVE_BUY
1449,99.60391940,99.59942277,-0.05837791,0.02001000,-492.13434152,6379.73395074,23713.35062221,24341.78900962,0.00048632,0.00049720,-0.07670803,0.60407579,2.08900581,-2.00000000,PASSIVE_SELL
1450,99.61334107,99.60353027,-0.23742111,0.02142800,157.89615924,6975.30408982,18439.13370294,27848.15503877,0.00047489,0.00049717,0.10902085,0.59309749,2.08087647,-3.00000000,PASSIVE_SELL
1451,99.58052214,99.58556707,-0.08004857,0.02035584,-53.20686714,7410.49939927,22357.91964396,27387.23317797,0.00047784,0.00049459,-0.04224061,0.59309749,2.04256858,-2.00000000,PASSIVE_BUY
1452,99.63076179,99.63741851,0.11688908,0.02053688,91.10059165,7759.56262203,29256.69485839,21677.06598076,0.00048037,0.00049331,0.08305859,0.59309749,2.00250686,-1.00000000,PASSIVE_BUY
1453,99.64937154,99.65736401,0.31717579,0.02035408,504.37871608,9158.57662714,31061.99848546,19159.17757993,0.00045656,0.00049302,-0.03162990,0.59954123,1.99407414,0.00000000,PASSIVE_BUY
1454,99.59445062,99.59812287,-0.17293493,0.02027706,-552.61768577,8140.98754420,19188.62161300,29934.16145668,0.00046613,0.00049414,-0.07353068,0.59954123,2.00421267,1.00000000,PASSIVE_BUY
1455,99.57297074,99.56822027,-0.13459066,0.02047669,-564.72544119,7100.63714314,21098.17949804,26050.48891511,0.00046193,0.00049231,0.03344105,0.59954123,1.99297114,0.00000000,PASSIVE_SELL
1456,99.62103595,99.61958613,0.13446290,0.02002731,661.77835247,7030.61226560,24865.70171211,17726.44146944,0.00046074,0.00049270,0.06954509,0.59979877,2.00298480,-1.00000000,PASSIVE_SELL
1457,99.63077416,99.62929827,-0.12657448,0.02042903,437.55710966,8125.16016587,29402.54629009,35494.67062037,0.00045411,0.00049147,-0.03832701,0.59979877,2.00346111,-2.00000000,PASSIVE_SELL
1458,99.64920380,99.64786005,-0.00319336,0.02036186,524.71834346,9139.30351121,32184.05588925,33214.59065175,0.00045056,0.00048515,0.00869144,0.60475220,1.97678276,-3.00000000,PASSIVE_SELL
1459,99.59766234,99.59391402,-0.09612107,0.02034317,-748.47643420,8890.69716797,22951.16030907,25123.53552370,0.00045682,0.00048465,-0.06997109,0.59190519,2.14157871,-4.00000000,PASSIVE_SELL
1460,99.62204841,99.61953929,0.02972911,0.02031994,673.25169571,9059.23564672,27676.71080629,26516.65873729,0.00045708,0.00048467,0.07592752,0.59190519,2.05419442,-5.00000000,PASSIVE_SELL
1461,99.68432766,99.67714074,-0.12602585,0.02022639,513.76211395,9768.96659062,23452.03271388,29367.41335638,0.00045038,0.00048192,0.03789319,0.60861562,1.75291137,-6.00000000,PASSIVE_SELL
1462,99.63159472,99.63202462,-0.02393513,0.02009488,-186.00483223,9349.84979290,16319.03013212,21664.32348633,0.00046053,0.00048234,-0.11501219,0.60861562,1.96550436,-5.00000000,PASSIVE_BUY
1463,99.58673623,99.58633364,-0.01422326,0.02021621,-381.22342522,8331.45284823,33421.88944092,32828.90565148,0.00046445,0.00048367,0.00787444,0.60861562,2.19990493,-6.00000000,PASSIVE_SELL
1464,99.61696472,99.61599816,0.09567948,0.02074590,619.14697035,8486.68810715,29272.95324769,27192.86897906,0.00046510,0.00048342,0.07508699,0.60092031,2.02890691,-7.00000000,PASSIVE_SELL
1465,99.65919238,99.65809747,0.23051744,0.02011391,713.76277604,8761.08000338,32686.50425567,17619.48861357,0.00045262,0.00048400,0.01199916,0.60223542,1.74337026,-8.00000000,PASSIVE_SELL
1466,99.74835594,99.75183254,-0.00735762,0.02004334,596.58905450,8623.09665328,21363.07493302,23008.58633567,0.00046448,0.00048647,0.04693590,0.60223542,1.83240158,-7.00000000,PASSIVE_BUY
1467,99.72697346,99.72586298,-0.10122103,0.02027100,-642.67930317,7784.56940171,28012.94106332,31491.68481374,0.00045172,0.00048562,-0.11054603,0.60191081,1.99221440,-8.00000000,PASSIVE_SELL
1468,99.77232957,99.76807896,-0.19560289,0.02073726,497.63880050,7795.02191075,22081.77168884,32002.72437930,0.00044528,0.00047885,0.06673858,0.60191081,1.63973415,-9.00000000,PASSIVE_SELL
1469,99.69578854,99.69816253,0.10085115,0.02047666,-293.63453141,7944.49341752,29762.70209765,26272.69544567,0.00045959,0.00048095,-0.12189714,0.59002461,1.87822386,-8.00000000,PASSIVE_BUY
1470,99.74148380,99.74728920,0.12431568,0.02070863,338.67334239,8163.35355095,28837.90078681,24056.45138898,0.00046189,0.00048175,0.12223628,0.59002461,1.84207102,-7.00000000,PASSIVE_BUY
1471,99.70445675,99.70767670,0.11273372,0.02028724,-234.96399545,8093.71657219,23800.46116573,21071.54676061,0.00046603,0.00048260,-0.08272231,0.59002461,1.89050584,-6.00000000,PASSIVE_BUY
1472,99.74459461,99.75161888,0.09080206,0.02008040,407.82155306,8094.66618153,22503.94529765,20147.32007658,0.00046811,0.00048157,0.07716490,0.59172094,1.86092530,-5.00000000,PASSIVE_BUY
1473,99.72942874,99.73042585,0.12826454,0.02051286,-645.47365879,6978.04032599,31904.18671882,22373.38234141,0.00046620,0.00047646,-0.05530372,0.59172094,1.88548267,-4.00000000,PASSIVE_BUY
1474,99.77857852,99.77726154,-0.09155148,0.02023747,344.26382327,6900.84774335,16269.25652697,21608.61311473,0.00046953,0.00047668,0.06431565,0.59172094,1.69900227,-5.00000000,PASSIVE_SELL
1475,99.79889608,99.79635344,0.01389168,0.02009093,154.71565851,7024.35878158,23249.46231666,24193.44644902,0.00046973,0.00047631,-0.02883223,0.57866337,1.60745995,-6.00000000,PASSIVE_SELL
1476,99.74265955,99.73633937,-0.25049123,0.02043762,-597.58453704,5870.61822839,28428.05980469,42341.86467786,0.00047844,0.00047804,-0.07655408,0.57866337,1.95509793,-7.00000000,PASSIVE_SELL
1477,99.70926953,99.71391630,0.15402730,0.02011046,-295.38908031,5162.66339052,28659.45552917,23588.34964922,0.00047757,0.00047877,0.02284651,0.58181721,1.91370647,-6.00000000,PASSIVE_BUY
1478,99.68442591,99.68573905,-0.24388035,0.02034817,-858.38498064,3767.09590250,15387.35344326,34554.26138110,0.00047949,0.00047863,0.00854640,0.59070612,1.94812992,-5.00000000,PASSIVE_BUY
1479,99.72078670,99.72117384,0.11276837,0.02016929,779.40904482,3918.88110423,27720.44921585,25107.42094730,0.00047760,0.00047758,0.06120441,0.58208020,1.92221153,-4.00000000,PASSIVE_BUY
1480,99.73487380,99.73276791,0.05473439,0.02045833,610.48836196,5231.64952669,26087.30364411,22977.81739696,0.00046741,0.00047468,-0.02227369,0.58208020,1.87609229,-5.00000000,PASSIVE_SELL
1481,99.84059004,99.85005394,0.32217462,0.02085278,775.26797878,6328.46508969,21650.87068245,15607.92727828,0.00048531,0.00047782,0.09162915,0.58333625,1.80826313,-4.00000000,PASSIVE_BUY
1482,99.85141957,99.85904996,0.04298683,0.02021746,208.64138636,6040.60144015,26889.39478047,26084.72275579,0.00047363,0.00047597,-0.09488673,0.58333625,1.80849532,-3.00000000,PASSIVE_BUY
1483,99.80417657,99.80373526,-0.01601438,0.02030790,-599.33084941,4766.87604038,26906.84848753,28168.52499199,0.00047912,0.00047714,-0.05807252,0.58687761,1.96037826,-4.00000000,PASSIVE_SELL
1484,99.76732357,99.76709867,0.05032433,0.02028592,-506.83183720,3697.23779739,24532.02677980,20330.77334410,0.00047647,0.00047711,0.01039000,0.58687761,2.11793321,-5.00000000,PASSIVE_SELL
1485,99.81345791,99.81546096,0.06735522,0.02017376,558.17731326,4047.85747908,27021.95911505,21399.84899412,0.00048005,0.00047277,0.08298733,0.57932115,1.81824887,-4.00000000,PASSIVE_BUY
1486,99.75835313,99.76326297,-0.09303548,0.02043837,-558.56076146,3996.97016786,22067.73511593,29218.21944554,0.00047815,0.00047439,-0.10123912,0.57932115,1.88317593,-3.00000000,PASSIVE_BUY
1487,99.74621903,99.74528561,-0.07150892,0.02023824,-594.17746024,3646.03725071,29938.52679207,28216.99800710,0.00047789,0.00047351,0.04297069,0.59461450,1.92969732,-4.00000000,PASSIVE_SELL
1488,99.77370864,99.76887800,-0.16863093,0.02018780,398.27762872,3878.83266890,22788.25966712,25998.17389879,0.00047205,0.00047349,0.03962370,0.59461450,1.82983278,-5.00000000,PASSIVE_SELL
1489,99.71792325,99.71932366,-0.01845525,0.02047315,-464.98110658,2931.33029641,19514.25141931,23067.24467638,0.00047776,0.00047546,-0.08327501,0.57999130,1.92210901,-4.00000000,PASSIVE_BUY
1490,99.76016532,99.76471681,0.23648132,0.02019225,757.99454578,3432.47937835,31263.49469718,19403.71415270,0.00048016,0.00047585,0.09802747,0.57401904,1.89038442,-3.00000000,PASSIVE_BUY
1491,99.78539243,99.78936032,0.04716449,0.02113159,570.93708038,3767.07913111,29756.17852149,27843.86689623,0.00048096,0.00047495,-0.01701496,0.57401904,1.87478376,-2.00000000,PASSIVE_BUY
1492,99.82198087,99.81399885,0.03737848,0.02033362,209.22611883,3847.58854437,28696.82354770,24311.55879568,0.00048236,0.00047482,0.01136132,0.57401904,1.81177370,-3.00000000,PASSIVE_SELL
1493,99.84090684,99.84271810,0.01464492,0.02064802,621.72694710,4054.60985550,28284.74445647,27651.34185389,0.00048248,0.00047426,-0.01766246,0.59272999,1.83861815,-2.00000000,PASSIVE_BUY
1494,99.82032742,99.81356855,0.01514770,0.02039690,-631.84864556,3307.02478308,25050.40898877,22528.92602136,0.00045838,0.00047259,-0.03950539,0.59272999,1.88997544,-3.00000000,PASSIVE_SELL
1495,99.76288094,99.76477068,0.08511508,0.02002240,-251.34480902,2519.80591399,28448.01469742,22869.55827767,0.00046333,0.00047441,-0.03686706,0.59643177,1.91693787,-2.00000000,PASSIVE_BUY
1496,99.66892275,99.67011998,-0.20413059,0.02002010,-557.78869371,1620.58083557,17828.42186383,30580.77528166,0.00047987,0.00047752,-0.03651171,0.59643177,2.02090726,-1.00000000,PASSIVE_BUY
1497,99.64249780,99.65116129,0.07729632,0.02080323,-369.75802069,1406.80413335,30244.82027961,26481.85521675,0.00046497,0.00047717,0.06753324,0.59583914,2.05773383,0.00000000,PASSIVE_BUY
1498,99.65648994,99.65644559,0.13133943,0.02029547,328.83080751,1974.91097641,17417.42816124,14458.45986652,0.00046447,0.00047151,0.04041709,0.59583914,2.05773383,0.00000000,HOLD
1499,99.61685797,99.61492223,0.13486164,0.02069425,-412.18710172,2054.85821621,36573.89641498,27853.55049683,0.00044610,0.00047205,-0.05362411,0.57992238,2.06808095,-1.00000000,PASSIVE_SELL
1500,99.61755776,99.61323226,-0.04109086,0.02003625,245.21106584,2142.17312282,27239.75470245,27711.35088659,0.00044590,0.00046596,0.04033176,0.57992238,2.07739929,-2.00000000,PASSIVE_SELL
1501,99.60836119,99.60819759,-0.12225839,0.02017114,-423.19355988,1772.18643009,23311.80262342,35079.29317507,0.00044362,0.00046382,-0.00989635,0.57703668,2.10587799,-3.00000000,PASSIVE_SELL
1502,99.58611800,99.58101976,-0.21960892,0.02021134,-686.11617786,994.96966057,17543.57282539,25211.31440375,0.00043893,0.00046271,-0.01304663,0.57703668,2.18271323,-4.00000000,PASSIVE_SELL
1503,99.55199134,99.55788226,0.14621587,0.02004707,-228.34436647,262.24657803,24451.34432903,17849.08967636,0.00044046,0.00046344,-0.01188347,0.58155536,2.10305827,-3.00000000,PASSIVE_BUY
1504,99.56491082,99.57252110,0.08674999,0.02043175,313.87234979,1128.73661359,21082.54005988,19542.79349931,0.00043430,0.00046294,0.04704613,0.58155536,2.09996998,-2.00000000,PASSIVE_BUY
1505,99.55625823,99.55764053,0.21415989,0.02010280,-492.12337047,1201.33868430,28996.02542735,18003.09093511,0.00043343,0.00046215,-0.02157206,0.57703622,2.11883844,-1.00000000,PASSIVE_BUY
1506,99.54310662,99.53858590,0.01494489,0.02055505,-727.48313004,-187.92279821,26129.58473268,23266.18693136,0.00042815,0.00045973,-0.00449903,0.57703622,2.14226758,-2.00000000,PASSIVE_SELL
1507,99.51182869,99.50828592,0.01781076,0.02022955,-540.82785195,-1166.30775982,28297.96696027,25919.62378683,0.00042985,0.00045976,-0.01812632,0.59673088,2.21493823,-3.00000000,PASSIVE_SELL
1508,99.56470652,99.56246766,-0.12711242,0.02006269,614.84506609,-1076.18103720,23000.79707950,28639.72504623,0.00043591,0.00046083,0.08415577,0.59673088,2.06633607,-4.00000000,PASSIVE_SELL
1509,99.49338592,99.48389639,-0.23143181,0.02002185,-645.72616702,-973.43077001,21103.41928910,24633.35902152,0.00044134,0.00046279,-0.12419843,0.58633250,2.36162938,-5.00000000,PASSIVE_SELL
1510,99.52325464,99.52441417,-0.01393682,0.02062463,918.12829263,-728.55417309,27170.02311606,28213.87563199,0.00044208,0.00045899,0.10118932,0.58633250,2.11463209,-4.00000000,PASSIVE_BUY
1511,99.56242245,99.56091243,-0.34996887,0.02038582,592.30361289,-650.01267415,11246.20753842,28875.47383153,0.00043647,0.00045960,0.00929908,0.58847914,1.96815379,-5.00000000,PASSIVE_SELL
1512,99.52822320,99.53226982,0.18816343,0.02030248,-353.76113350,-817.76897542,32058.97402675,21308.41693828,0.00043294,0.00046030,-0.07336705,0.58847914,2.12208135,-4.00000000,PASSIVE_BUY
1513,99.55028919,99.55439387,-0.19060428,0.02027068,626.89993972,190.35438952,16781.62425227,30414.23172677,0.00042982,0.00045969,0.05626524,0.58575996,2.11019841,-3.00000000,PASSIVE_BUY
1514,99.49432715,99.49579379,-0.12055053,0.02070266,-773.71591706,-1202.50849789,22466.06746759,29249.92791719,0.00043436,0.00045927,-0.07802803,0.57400707,2.17607980,-2.00000000,PASSIVE_BUY
1515,99.53713323,99.53680802,0.17139964,0.02029941,756.04165585,-1160.22961808,27318.91139454,17433.39223815,0.00043449,0.00045918,0.09876812,0.58162003,2.10061735,-3.00000000,PASSIVE_SELL
1516,99.56006372,99.56254626,0.00975405,0.02100697,898.68046580,-858.13820679,21626.97225493,24017.87479498,0.00041596,0.00045613,-0.01987559,0.58162003,2.13129344,-2.00000000,PASSIVE_BUY
1517,99.53883960,99.53243629,-0.01879387,0.02042651,-828.66348397,-1044.12238758,27133.10287335,24444.53898030,0.00041595,0.00045612,-0.04415462,0.57644676,2.18395494,-3.00000000,PASSIVE_SELL
1518,99.59494823,99.59921922,-0.07845962,0.02025805,773.42554162,-768.33564647,19080.08681491,24883.94579040,0.00041880,0.00045631,0.07733275,0.57644676,2.09661427,-2.00000000,PASSIVE_BUY
1519,99.61026849,99.61201181,-0.00759562,0.02059137,289.53961988,-185.16149517,31507.60071889,29740.81125746,0.00040627,0.00045456,-0.04078837,0.57093513,2.09142303,-1.00000000,PASSIVE_BUY
1520,99.56130763,99.56757529,-0.04449372,0.02047230,-204.17675645,-728.01159402,21949.01769787,27495.61830058,0.00040581,0.00045602,-0.06428112,0.57093513,2.15062004,0.00000000,PASSIVE_BUY
1521,99.50312408,99.50177872,0.29716860,0.02083346,-504.59193957,-997.63953814,23974.58458124,12373.31714556,0.00041040,0.00045791,-0.00922269,0.57093513,2.16103677,-1.00000000,PASSIVE_SELL
1522,99.55283398,99.55310394,0.15083239,0.02069444,452.54585961,-952.91523159,30172.79913139,20343.50299580,0.00041271,0.00045762,0.10789345,0.55463321,2.12167409,0.00000000,PASSIVE_BUY
1523,99.56672874,99.55788109,-0.01913681,0.02033287,208.20279934,-99.23877346,32188.59029237,28628.75728887,0.00041313,0.00045577,-0.03581515,0.55463321,2.13184052,-1.00000000,PASSIVE_SELL
1524,99.58356562,99.59028213,0.38579232,0.02014719,771.54692274,328.04432601,25828.68598680,11370.79001519,0.00040734,0.00045577,0.00294213,0.54805822,2.12507724,0.00000000,PASSIVE_BUY
1525,99.56041600,99.56297280,0.13518181,0.02014227,-729.58845391,-556.25978641,32572.99946063,27690.04673346,0.00040672,0.00045565,-0.03998650,0.54710390,2.13514837,1.00000000,PASSIVE_BUY
1526,99.49428118,99.48858517,0.04980404,0.02051882,-630.92575802,-589.60100740,28394.25416287,28098.47702201,0.00040951,0.00045601,-0.04298520,0.54710390,2.07927296,0.00000000,PASSIVE_SELL
1527,99.46589414,99.47438168,-0.05709936,0.02098987,-70.92453423,-365.13646132,22083.01292741,28417.68880964,0.00040888,0.00045626,0.03774777,0.54710390,2.08976790,1.00000000,PASSIVE_BUY
1528,99.40710065,99.40699900,-0.07843478,0.02017254,-751.13228150,-257.88376218,26900.92219277,31767.98653715,0.00041499,0.00045251,-0.03040644,0.55138247,2.04106068,0.00000000,PASSIVE_SELL
1529,99.40406045,99.39771231,-0.10474070,0.02049788,-893.26825504,-1930.56106204,22005.37931515,20931.92306025,0.00041065,0.00045191,0.05575329,0.55138247,2.05130962,-1.00000000,PASSIVE_SELL
1530,99.34057374,99.34646518,-0.00860770,0.02045775,-140.77493493,-2681.82435894,24096.45248930,25632.21808248,0.00041733,0.00045428,-0.06044652,0.55281108,2.12502521,0.00000000,PASSIVE_BUY
1531,99.34948606,99.35035308,-0.17637509,0.02061344,421.60857566,-3035.48376205,20639.78229957,36894.76604170,0.00038527,0.00045153,0.07239904,0.55281108,2.13533193,1.00000000,PASSIVE_BUY
1532,99.37533380,99.37405985,-0.11774542,0.02064158,508.65549839,-2735.46965002,24781.96071995,34479.45582734,0.00038748,0.00045186,0.01693540,0.54884934,2.17150045,0.00000000,PASSIVE_SELL
1533,99.39949159,99.39333880,-0.08566338,0.02020680,346.63232600,-1789.50647461,26089.81922815,23810.85485553,0.00038649,0.00045164,-0.00168994,0.54884934,2.18160386,-1.00000000,PASSIVE_SELL
1534,99.32302365,99.32676177,-0.07098516,0.02000971,-312.26167353,-1594.93631094,26821.92717009,34683.53061104,0.00039639,0.00045471,-0.10062573,0.53127531,2.26807664,0.00000000,PASSIVE_BUY
1535,99.31758664,99.31736462,0.09911454,0.02031982,-877.74717699,-3030.86080119,36093.20554247,28829.46750010,0.00038854,0.00045404,0.07103092,0.54136416,2.27823656,-1.00000000,PASSIVE_SELL
1536,99.29827607,99.29996244,-0.08438235,0.02060130,-578.52899421,-3050.82903395,22340.71254878,25836.34227493,0.00038340,0.00045425,-0.01387356,0.54136416,2.30784777,0.00000000,PASSIVE_BUY
1537,99.26355284,99.26894947,-0.00688182,0.02022629,-292.90934262,-2749.56091632,26925.90006490,30751.83555158,0.00038507,0.00045498,-0.01541267,0.54927494,2.31796092,1.00000000,PASSIVE_BUY
1538,99.24519942,99.24449870,0.15564472,0.02104236,-442.35363713,-3590.19218218,30189.89216647,19234.78719778,0.00038154,0.00045127,0.01636982,0.54927494,2.31012868,0.00000000,PASSIVE_SELL
1539,99.20672650,99.20959119,-0.09703497,0.02052554,-264.82766939,-3390.03874498,17332.57474097,21857.23024457,0.00037821,0.00045213,-0.02011950,0.54927494,2.32039145,1.00000000,PASSIVE_BUY
1540,99.11397575,99.11040004,-0.23614516,0.02088942,-712.07318392,-4860.10647468,15340.27061974,22110.44194384,0.00038810,0.00045619,-0.05427783,0.55010010,2.23808541,0.00000000,PASSIVE_SELL
1541,99.11894064,99.11971080,-0.01039566,0.02080214,822.53751437,-4608.50604070,27195.20008437,29998.85954726,0.00038513,0.00045613,0.09771564,0.53667541,2.24848649,1.00000000,PASSIVE_BUY
1542,99.17582526,99.16964930,-0.07952400,0.02012511,390.48382007,-4427.24833946,22256.79402345,20995.09679580,0.00039155,0.00045778,0.05191973,0.53667541,2.31543367,0.00000000,PASSIVE_SELL
1543,99.17788778,99.17762872,-0.04693339,0.02051994,896.00121715,-4152.97406941,18942.62409135,22833.20467729,0.00038951,0.00045423,-0.05482210,0.54546133,2.32569364,-1.00000000,PASSIVE_SELL
1544,99.24452681,99.24435555,-0.04266005,0.02157943,845.09907521,-2676.02634864,22933.64512090,26615.63202269,0.00040529,0.00045656,0.06457651,0.54543828,2.26984432,-2.00000000,PASSIVE_SELL
1545,99.22784320,99.22740102,-0.08067207,0.02093298,-821.27064401,-3245.95218363,24693.00475400,23974.76801033,0.00040002,0.00045624,-0.08332264,0.53628926,2.31367804,-3.00000000,PASSIVE_SELL
1546,99.21433830,99.21533649,-0.05259826,0.02015100,-844.45637865,-3532.61986857,22013.66180795,28117.19694746,0.00038189,0.00045514,0.00317872,0.54895679,2.31827785,-2.00000000,PASSIVE_BUY
1547,99.20795253,99.20471610,-0.20316426,0.02001328,-646.18971002,-3809.05155789,18262.11584422,28525.95397546,0.00038110,0.00045501,0.00711912,0.54895679,2.34105604,-3.00000000,PASSIVE_SELL
1548,99.14219584,99.14762800,0.07491162,0.02043621,-218.74052541,-4356.62289081,27562.85590749,25150.21480448,0.00038803,0.00045737,-0.05937091,0.54895679,2.39484316,-2.00000000,PASSIVE_BUY
1549,99.10504435,99.09630734,-0.21737103,0.02015284,-716.51386905,-4660.94965813,22945.55622177,32831.09698465,0.00038769,0.00045706,0.02860520,0.56132786,2.47922256,-3.00000000,PASSIVE_SELL
1550,99.10909267,99.11865787,0.13155438,0.02053831,608.97998743,-4297.18073654,26640.32138087,25098.15727701,0.00038791,0.00045584,0.04119981,0.56132786,2.42227630,-2.00000000,PASSIVE_BUY
1551,99.07371316,99.07466642,0.11965716,0.02105202,-720.54405273,-4594.53122939,29557.49897064,21203.42620418,0.00038954,0.00045598,-0.03942783,0.56706316,2.46792496,-1.00000000,PASSIVE_BUY
1552,99.09771044,99.09404198,0.55455828,0.02015688,431.25123744,-3477.16381409,34892.77718853,8266.82057781,0.00039222,0.00045363,0.05937678,0.56706316,2.45400613,-2.00000000,PASSIVE_SELL
1553,99.14929140,99.15786826,0.19568453,0.02064642,553.83444286,-2694.98500476,20428.04942773,16694.12127794,0.00040000,0.00045437,0.02758369,0.56253807,2.41464759,-1.00000000,PASSIVE_BUY
1554,99.21194061,99.21143907,0.13502193,0.02070687,396.46523851,-2612.39211604,22382.13881153,16574.46237982,0.00041130,0.00045635,0.01106825,0.56253807,2.36235181,-2.00000000,PASSIVE_SELL
1555,99.20726970,99.20225650,0.05868165,0.02038521,-773.62274284,-2893.89148841,35408.83525380,27193.17713156,0.00041131,0.00045636,-0.06732012,0.56099666,2.38188624,-3.00000000,PASSIVE_SELL
1556,99.22299097,99.21764553,-0.23270638,0.02045055,538.11089740,-1628.29746096,23379.74056639,28964.93336190,0.00041244,0.00045390,0.02039218,0.56099666,2.34494771,-4.00000000,PASSIVE_SELL
1557,99.22920521,99.23236854,0.15367034,0.02042280,717.07222836,-370.39738066,27108.02118320,19412.39994753,0.00041125,0.00045179,-0.00950703,0.55819973,2.37832799,-3.00000000,PASSIVE_BUY
1558,99.18734227,99.18422476,0.04269601,0.02014682,-787.66468659,-1772.90713334,31643.36998594,25912.38386967,0.00040560,0.00045288,-0.04807718,0.56289668,2.51399021,-4.00000000,PASSIVE_SELL
1559,99.07635002,99.08158937,0.37063519,0.02023717,-350.13877143,-1477.31973775,35137.50364454,18528.61908250,0.00042193,0.00045962,-0.06912932,0.56289668,2.52597427,-3.00000000,PASSIVE_BUY
1560,98.97629557,98.97977742,0.02412652,0.02050656,-539.07464533,-2934.52267572,18139.16021789,21179.32958630,0.00043766,0.00046516,0.01093780,0.57163425,2.63601262,-2.00000000,PASSIVE_BUY
1561,99.02756560,99.02441498,-0.06989104,0.02013072,426.28744635,-3100.53884226,24208.04923858,22693.76542950,0.00044086,0.00046562,0.15132448,0.57163425,2.54353792,-3.00000000,PASSIVE_SELL
1562,98.95512294,98.95673869,0.01256504,0.02041382,-421.80770048,-3168.58540924,21730.26661231,22059.56710451,0.00044830,0.00046827,-0.12371269,0.57097807,2.68109450,-2.00000000,PASSIVE_BUY
1563,98.97034476,98.97123203,-0.21299867,0.02035098,607.91270739,-3187.57264157,20289.17370337,32067.33376037,0.00044738,0.00046778,0.08766447,0.57097807,2.67607960,-1.00000000,PASSIVE_BUY
1564,99.00017105,99.00210296,-0.03962886,0.02037012,810.32136856,-1603.53535594,18096.16954644,24090.68280172,0.00044652,0.00046263,0.01460448,0.58647692,2.65643836,0.00000000,PASSIVE_BUY
1565,99.03964405,99.03922631,0.01779933,0.02023873,645.73633048,-1713.84068131,25944.01037151,24842.56154320,0.00044580,0.00046336,0.00964670,0.59941725,2.66655773,-1.00000000,PASSIVE_SELL
1566,99.02098702,99.02316624,-0.00124044,0.02099163,-617.52129318,-3230.04244029,29578.36390263,26042.53156780,0.00044343,0.00046103,-0.05813003,0.60025994,2.69571057,0.00000000,PASSIVE_BUY
1567,99.00137839,99.00433510,-0.08220172,0.02006701,-623.52592029,-3024.90487662,24500.70584239,30327.61400256,0.00044337,0.00046083,-0.00095160,0.60025994,2.70574408,1.00000000,PASSIVE_BUY
1568,99.05612682,99.05751932,0.07481380,0.02006376,485.15281061,-3313.17760763,29960.83310594,23084.66667061,0.00044305,0.00046231,0.07435707,0.58303063,2.77052439,2.00000000,PASSIVE_BUY
1569,99.05001633,99.04901799,0.01118383,0.02009748,-646.03279937,-4248.75002688,33563.02696122,31609.70507683,0.00044152,0.00046235,-0.06085893,0.58303063,2.72700699,1.00000000,PASSIVE_SELL
1570,99.10110362,99.09905346,-0.28267328,0.02031550,668.73224502,-3375.84102542,17010.27088297,35102.05616505,0.00044672,0.00046155,0.05719778,0.56641232,2.78825203,0.00000000,PASSIVE_SELL
1571,99.10611642,99.10336049,0.05943845,0.02107162,712.19721841,-2159.05186743,25667.81679838,17246.84300703,0.00044156,0.00046146,-0.04607449,0.56871108,2.79878784,-1.00000000,PASSIVE_SELL
1572,99.03635811,99.03007644,-0.05036004,0.02007103,-539.35144858,-3150.94917562,20130.65268002,18417.88894100,0.00044212,0.00046363,-0.07477112,0.56871108,2.87858167,-2.00000000,PASSIVE_SELL
1573,99.04517657,99.04521299,0.05107154,0.02002447,714.00236984,-2645.14960512,30594.28480395,25543.67406506,0.00044162,0.00046355,0.07857678,0.55742031,2.86094475,-2.00000000,HOLD
1574,99.10870915,99.11332551,-0.08570474,0.02002064,749.28831038,-2667.40821748,21330.29607077,28609.86985879,0.00045230,0.00046516,0.05471412,0.55742031,2.76106581,-1.00000000,PASSIVE_BUY
1575,99.16621353,99.16978783,0.22252672,0.02126061,596.72207104,-1341.09769253,27758.79294068,20052.30078827,0.00046159,0.00046538,-0.00602820,0.56679033,2.71419173,0.00000000,PASSIVE_BUY
1576,99.15807290,99.16697753,-0.01237405,0.02076130,-483.27442843,-1193.44636294,23277.12467800,24349.30950538,0.00045396,0.00046262,-0.06564501,0.56679033,2.72457238,1.00000000,PASSIVE_BUY
1577,99.18495678,99.17770591,-0.04867860,0.02005454,74.85152336,-1047.67030535,22495.90063346,20359.95569589,0.00045531,0.00046284,0.03502450,0.56955632,2.76148352,0.00000000,PASSIVE_SELL
1578,99.14329711,99.14302935,0.02187584,0.02040785,-457.25513162,-753.79315548,30460.46761467,29964.10759918,0.00045191,0.00046372,-0.06854354,0.56477159,2.77168744,-1.00000000,PASSIVE_SELL
1579,99.11941577,99.11818628,0.10461881,0.02009957,-747.33147190,-607.85637234,25421.35604165,18268.73497664,0.00045266,0.00046341,0.01777833,0.56477159,2.80561856,-2.00000000,PASSIVE_SELL
1580,99.15813534,99.15829572,-0.14166341,0.02001636,826.30894676,359.22750935,22138.36557189,30682.47577335,0.00044913,0.00046350,0.06260090,0.56654385,2.74483148,-1.00000000,PASSIVE_BUY
1581,99.26289216,99.25341582,-0.15443485,0.02093538,469.03710863,406.65604231,23243.35985282,25037.68634356,0.00047424,0.00046911,0.06603727,0.56432449,2.65054234,-2.00000000,PASSIVE_SELL
1582,99.27377515,99.26702117,-0.01267181,0.02006841,540.44483506,438.44537898,19600.61654891,17504.52387424,0.00047295,0.00046731,-0.09387384,0.56432449,2.63881057,-3.00000000,PASSIVE_SELL
1583,99.25708450,99.26497212,0.21431648,0.02072423,-127.63978370,-35.82673072,27764.01134265,21179.55704045,0.00047187,0.00046161,-0.02757364,0.54720718,2.72249183,-2.00000000,PASSIVE_BUY
1584,99.26647675,99.26844900,-0.18104504,0.02036664,422.98615890,699.42110171,20173.55980838,34922.71785067,0.00046009,0.00045951,0.02608291,0.54720718,2.72346169,-1.00000000,PASSIVE_BUY
1585,99.31087794,99.31332222,0.00607569,0.02136983,662.79855031,2239.96682901,29514.14879222,31614.38735101,0.00046449,0.00046029,0.03500893,0.56252721,2.68974543,0.00000000,PASSIVE_BUY
1586,99.26578568,99.26023090,-0.03672813,0.02057666,-641.00871762,2177.48710560,15639.84611034,14979.70546945,0.00046806,0.00045838,-0.08949345,0.56252721,2.70003376,-1.00000000,PASSIVE_SELL
1587,99.18855162,99.18344901,-0.09488015,0.02045473,-561.23696988,1909.15947834,27755.31688750,26010.59735307,0.00047809,0.00046058,-0.03214179,0.55653640,2.78749518,-2.00000000,PASSIVE_SELL
1588,99.23215089,99.22375089,0.07419118,0.02006458,530.44333036,2881.95644584,21075.65470522,11978.23012165,0.00048163,0.00045933,0.12083333,0.55653640,2.71032892,-3.00000000,PASSIVE_SELL
1589,99.27417378,99.28059837,0.03872520,0.02060117,628.60980416,3775.39391938,30097.90969199,31099.62498558,0.00048204,0.00045875,-0.00157639,0.55653640,2.64428312,-2.00000000,PASSIVE_BUY
1590,99.23631039,99.24063861,0.18023938,0.02030791,-374.41846309,4113.04864022,26587.97151753,19679.73337458,0.00046621,0.00045818,-0.07988628,0.55377774,2.69244709,-1.00000000,PASSIVE_BUY
1591,99.22620534,99.22319420,-0.01349889,0.02033206,-599.97771761,2690.53340824,32221.98393276,34657.21509726,0.00046653,0.00045702,0.02775834,0.55377774,2.71271817,-2.00000000,PASSIVE_SELL
1592,99.22484672,99.22061099,-0.00622240,0.02066423,-558.06519305,1741.98439512,27743.21217334,26421.11742332,0.00045983,0.00045700,0.00874643,0.56432323,2.72576753,-3.00000000,PASSIVE_SELL
1593,99.27066526,99.27218714,-0.14974056,0.02028813,660.05617301,1506.03935098,21751.94716018,28698.77066263,0.00046416,0.00045748,0.04717716,0.56432323,2.65436060,-2.00000000,PASSIVE_BUY
1594,99.21499907,99.20779986,0.09227912,0.02062692,-638.16621180,22.77406396,34793.80711886,26520.86758661,0.00046155,0.00045763,-0.10148472,0.55379091,2.77600643,-3.00000000,PASSIVE_SELL
1595,99.15180670,99.15688143,-0.12391737,0.02001968,-156.56321453,687.48149344,22169.76952667,32377.42633789,0.00046945,0.00045922,-0.00752618,0.55379091,2.76161716,-2.00000000,PASSIVE_BUY
1596,99.22550524,99.22237883,-0.08425323,0.02053946,248.39486618,1780.33273828,23540.70909038,22613.94588038,0.00048092,0.00045627,0.13689091,0.54470670,2.62448981,-3.00000000,PASSIVE_SELL
1597,99.16191180,99.16376182,0.08777623,0.02028360,-389.20687839,2037.31556991,24331.72146737,21909.74398752,0.00048922,0.00045857,-0.13729199,0.54470670,2.78270614,-2.00000000,PASSIVE_BUY
1598,99.21095050,99.20641143,-0.04885897,0.02035740,278.75498843,2534.81108374,23994.44569935,26436.95116726,0.00048511,0.00045917,0.11263215,0.54470670,2.69480744,-3.00000000,PASSIVE_SELL
1599,99.16947373,99.16138788,-0.23755297,0.02049561,-516.85570521,2734.46924758,19622.93654024,24613.38624743,0.00048584,0.00045960,-0.09051547,0.53597708,2.82948554,-4.00000000,PASSIVE_SELL
1600,99.14711983,99.15003726,0.08885404,0.02024429,-247.02698681,1878.46227334,22059.46601459,18316.94146073,0.00048696,0.00045773,0.01912286,0.53597708,2.81172330,-3.00000000,PASSIVE_BUY
1601,99.09625535,99.09974778,-0.02824621,0.02092760,-565.32604025,2033.68028581,26686.19038297,31623.85155564,0.00048979,0.00045910,-0.02851059,0.55328527,2.87236828,-2.00000000,PASSIVE_BUY
1602,99.04322347,99.03874332,0.13901454,0.02065481,-828.97096153,773.45808684,26273.06984373,17780.68167906,0.00049431,0.00046068,-0.00216739,0.55335425,2.98875945,-3.00000000,PASSIVE_SELL
1603,98.95686401,98.96455981,0.13779743,0.02055470,-187.55095657,32.07268742,32829.59373379,25771.46485516,0.00050275,0.00046028,-0.03332758,0.55335425,3.00119918,-2.00000000,PASSIVE_BUY
1604,98.91720178,98.92273835,0.17188884,0.02042690,-296.23784125,-660.63039234,34663.34316199,24328.20611460,0.00049595,0.00046049,0.04669722,0.55335425,3.05113876,-1.00000000,PASSIVE_BUY
1605,98.86621375,98.86133117,0.09051739,0.02069685,-781.58406028,-668.59170979,29913.59447179,20378.44012019,0.00050003,0.00045933,-0.01132580,0.56591528,3.11247521,-2.00000000,PASSIVE_SELL
1606,98.85574411,98.85815572,0.07193305,0.02032051,-421.73841597,-1628.44102316,28805.20270015,26308.28794315,0.00049900,0.00045768,0.04051839,0.57884700,3.09738336,-1.00000000,PASSIVE_BUY
1607,98.80960964,98.80990086,0.06224100,0.02059720,-721.09379304,-3066.60704455,28364.04006422,23581.67827729,0.00050159,0.00045786,-0.03566483,0.57884700,3.15381643,0.00000000,PASSIVE_BUY
1608,98.81263198,98.81122834,-0.28602858,0.02057992,614.51821100,-1664.42414696,12675.31004348,24892.11591720,0.00049951,0.00045749,0.04915681,0.56753101,3.16410639,-1.00000000,PASSIVE_SELL
1609,98.85021530,98.84761185,-0.01712717,0.02049966,550.76751942,-763.51785611,18424.03853861,20748.10948533,0.00048059,0.00045801,0.03456099,0.56753101,3.13677289,-2.00000000,PASSIVE_SELL
1610,98.90075573,98.90858708,-0.08131130,0.02039903,488.51378519,264.07057441,21262.46143776,27480.48409634,0.00046651,0.00045939,0.01295709,0.57438140,3.09475424,-1.00000000,PASSIVE_BUY
1611,98.86638788,98.87520871,0.01071072,0.02048391,-231.84857365,-394.06544558,18711.24415461,22638.88179918,0.00046245,0.00045819,-0.08490826,0.57438140,3.13936403,0.00000000,PASSIVE_BUY
1612,98.90058668,98.90153545,0.05209339,0.02046237,410.30507016,438.04732506,31029.79965365,23829.50136688,0.00045440,0.00045877,0.06856663,0.56408455,3.14959521,1.00000000,PASSIVE_BUY
1613,98.98267608,98.98116059,0.06313096,0.02053640,513.05743589,343.19205356,25146.32897980,23106.97122712,0.00046892,0.00046094,0.04789061,0.56408455,3.24195282,0.00000000,PASSIVE_SELL
1614,98.99615032,98.99822996,0.01940502,0.02053905,539.44133983,72.31202483,22180.76967221,24230.28907579,0.00046738,0.00046099,-0.06861516,0.57619055,3.25222234,1.00000000,PASSIVE_BUY
1615,98.89749353,98.90502904,-0.00031902,0.02031376,-323.08369882,-896.50800447,23770.55230310,28554.94387400,0.00048407,0.00046153,-0.11213103,0.57619055,3.16372243,2.00000000,PASSIVE_BUY
1616,98.92837911,98.93198485,-0.03564802,0.02168372,490.16011967,211.17340838,26608.68528688,29376.73492043,0.00048584,0.00046141,0.12954237,0.56916765,3.23633545,3.00000000,PASSIVE_BUY
1617,98.96146220,98.96134722,0.10006848,0.02005664,551.02783123,1385.72715991,30758.17157260,23455.10639485,0.00048763,0.00045701,0.00219751,0.57200797,3.26313513,2.00000000,PASSIVE_SELL
1618,98.96743170,98.96682259,-0.02254298,0.02037701,647.10691296,1547.68126227,24558.32675956,25804.84465563,0.00048113,0.00045388,-0.02711360,0.57200797,3.27913295,1.00000000,PASSIVE_SELL
1619,98.96608270,98.96610395,0.12810221,0.02087075,-551.94952603,1641.76453561,35749.30623794,26823.88685880,0.00048109,0.00045366,-0.00731849,0.55497332,3.27778396,1.00000000,HOLD
1620,99.03420208,99.03794044,-0.06121041,0.02050664,718.54566427,1691.57795486,21806.78710393,26296.55862351,0.00048549,0.00045595,0.06946837,0.55497332,3.35615666,2.00000000,PASSIVE_BUY
1621,99.08635776,99.08503220,-0.19243126,0.02056304,442.92528198,1422.30601842,19196.18583871,31806.90028323,0.00049128,0.00045752,-0.01596369,0.55310297,3.37489474,1.00000000,PASSIVE_SELL
1622,99.07963193,99.07741253,0.01219275,0.02026771,-547.86892394,1413.78854306,26404.25278958,25385.17992020,0.00048112,0.00045750,-0.05888152,0.55310297,3.37830277,0.00000000,PASSIVE_SELL
1623,99.16663147,99.17509569,0.08039064,0.02011965,797.97229268,1497.75846590,18505.94975762,20582.91598709,0.00049618,0.00046053,0.09372537,0.54141589,3.38836259,1.00000000,PASSIVE_BUY
1624,99.07462204,99.07546409,-0.06182520,0.02081234,-775.28871279,-26.81855727,20623.92055771,22189.20520739,0.00050573,0.00046487,-0.17900897,0.54978035,3.30675933,2.00000000,PASSIVE_BUY
1625,99.09637368,99.09921028,0.13807310,0.02112217,799.90954740,176.36891909,30422.70955771,27115.47792693,0.00049985,0.00046501,0.11376107,0.54978035,3.36082370,3.00000000,PASSIVE_BUY
1626,99.10387912,99.10348928,-0.18863885,0.02010737,495.55788604,1155.20123356,20548.11967460,33317.54164806,0.00049990,0.00046505,-0.01424620,0.55619508,3.36992816,2.00000000,PASSIVE_SELL
1627,99.12742894,99.12256023,-0.09629564,0.02020485,395.79282968,1476.14253988,25889.29237492,28306.91789085,0.00049955,0.00046386,0.01604438,0.55619508,3.40353167,1.00000000,PASSIVE_SELL
1628,99.02556059,99.02571649,-0.07517891,0.02035598,-636.36306579,1297.03460571,20002.26180950,29057.29124290,0.00051646,0.00046926,-0.12541817,0.53911206,3.31184130,2.00000000,PASSIVE_BUY
1629,99.01831906,99.01952299,0.04213903,0.02041814,-703.57851247,1340.78756514,22216.77577398,20268.64629444,0.00051558,0.00046791,0.09462683,0.52674771,3.30756733,3.00000000,PASSIVE_BUY
1630,98.98615021,98.98797309,-0.21760599,0.02043485,-375.57304886,138.90556953,21705.57878398,34137.08036757,0.00051390,0.00046635,-0.02492734,0.52674771,3.22127818,4.00000000,PASSIVE_BUY
1631,98.93108601,98.92505530,-0.06919068,0.02015201,-536.80955077,-866.94108987,27234.85026662,26739.40689652,0.00049468,0.00046761,-0.02289534,0.53917644,3.29032890,3.00000000,PASSIVE_SELL
1632,98.92668298,98.92931096,-0.07045390,0.02048444,-329.43187311,-1736.81779804,19499.92809336,23914.13388564,0.00049405,0.00046365,0.05066117,0.53917644,3.28736203,4.00000000,PASSIVE_BUY
1633,98.83423923,98.83513698,-0.18187350,0.02027509,-433.40279662,-2042.58081096,19890.48058778,31219.75634695,0.00050855,0.00046761,-0.08804072,0.53917644,2.92772458,5.00000000,PASSIVE_BUY
1634,98.80513693,98.80751339,0.00032351,0.02057019,-155.10894527,-2620.67591513,28566.11968647,27343.36978079,0.00050871,0.00046576,0.06334146,0.53955778,2.79249820,6.00000000,PASSIVE_BUY
1635,98.82786205,98.82417424,-0.26815384,0.02003516,212.18738394,-3071.28708150,15267.12125732,29352.50676202,0.00050499,0.00046611,0.05182742,0.53955778,3.21520193,5.00000000,PASSIVE_SELL
1636,98.83421867,98.83177155,-0.01211118,0.02101210,468.40486177,-1961.87350212,26941.45000561,26330.48947788,0.00050288,0.00046430,-0.01636851,0.53637292,3.23011072,4.00000000,PASSIVE_SELL
1637,98.86583491,98.87463875,0.23458154,0.02052692,767.63976202,-632.99677022,33328.07281935,22554.48543519,0.00049615,0.00046489,0.02525963,0.53637292,3.36683915,5.00000000,PASSIVE_BUY
1638,98.82197061,98.81780147,-0.10393401,0.02039516,-902.15571567,-2065.59581625,22580.76170200,27105.74083939,0.00049358,0.00046347,-0.07548054,0.52950241,3.21661874,4.00000000,PASSIVE_SELL
1639,98.81257187,98.81111160,-0.08712588,0.02035279,-578.00806372,-3272.21368413,23778.02411769,25241.17240474,0.00048826,0.00046275,0.03446556,0.52950241,3.21745994,3.00000000,PASSIVE_SELL
1640,98.80696148,98.81458115,0.24653968,0.02028334,-348.44613787,-3246.24135891,27478.91134528,20205.32348998,0.00048654,0.00046237,0.00378835,0.52913386,3.21077043,4.00000000,PASSIVE_BUY
1641,98.76759434,98.76834466,0.29639596,0.02006027,-917.37544001,-3563.63908131,32093.49497755,14426.22306312,0.00048849,0.00046290,-0.03375674,0.52868219,3.06333203,5.00000000,PASSIVE_BUY
1642,98.76926386,98.77187033,0.10183675,0.02047572,909.58772370,-2095.98616456,23074.50602031,22485.02112138,0.00048861,0.00046249,0.04103665,0.52831390,3.08191749,6.00000000,PASSIVE_BUY
1643,98.77717944,98.77938356,0.05840100,0.02040950,684.54411833,-2071.49821923,29822.91913922,28371.70875199,0.00048285,0.00046233,0.00624605,0.52831390,3.13961569,7.00000000,PASSIVE_BUY
1644,98.80650878,98.81006295,-0.05392786,0.02008084,638.94270001,-794.38930742,24657.16585225,28466.58837947,0.00048139,0.00045562,0.02141376,0.53808847,3.35496149,8.00000000,PASSIVE_BUY
1645,98.81408056,98.81152163,-0.08522196,0.02032897,442.70565320,-195.12043969,21217.37974544,24235.39701113,0.00047528,0.00045491,-0.02175755,0.53808847,3.20794556,7.00000000,PASSIVE_SELL
1646,98.87704512,98.87817203,0.15669255,0.02016287,761.65237203,318.13706615,36928.49191218,26311.06258566,0.00047188,0.00045698,0.05539277,0.55481325,3.65877888,8.00000000,PASSIVE_BUY
1647,98.86892813,98.86754619,-0.05204464,0.02105282,-745.58182302,-38.23787848,28008.74493888,26957.32269910,0.00046479,0.00045301,-0.07108155,0.54159330,3.25528173,7.00000000,PASSIVE_SELL
1648,98.86494000,98.85808323,0.21882528,0.02022737,-540.46826204,-857.46112895,24551.57392468,16088.78757171,0.00045803,0.00045281,0.00412886,0.54159330,3.26388365,6.00000000,PASSIVE_SELL
1649,98.88979463,98.89119601,-0.05059017,0.02015285,465.50980029,124.90437655,26296.56792011,27168.04349811,0.00045744,0.00044816,0.02884276,0.53600620,3.42308785,7.00000000,PASSIVE_BUY
1650,98.86857312,98.86693866,-0.09859727,0.02002817,-552.39563921,-180.46427584,25275.03740003,31458.68115448,0.00045736,0.00044824,-0.04607614,0.53600620,3.26734841,6.00000000,PASSIVE_SELL
1651,98.81834945,98.82483730,0.23042933,0.02004742,-307.96099833,76.90076607,32618.76708461,23142.84484334,0.00045726,0.00044900,-0.02900217,0.53634528,2.97603008,7.00000000,PASSIVE_BUY
1652,98.82761189,98.82201198,-0.22452729,0.02015103,192.72561096,1098.59733856,25382.76606641,34589.34206689,0.00045254,0.00044745,0.05948611,0.53634528,3.23611736,6.00000000,PASSIVE_SELL
1653,98.78118988,98.77348553,-0.34364125,0.02020020,-507.98345536,778.16483976,10778.52241656,22066.55492613,0.00044116,0.00044818,-0.05568444,0.53634528,3.19967254,5.00000000,PASSIVE_SELL
1654,98.85439658,98.84507312,0.11399594,0.02054093,417.25724377,1491.65992478,26740.26351483,18128.59943500,0.00045110,0.00045013,0.11962870,0.54001568,3.28246824,4.00000000,PASSIVE_SELL
1655,98.80525554,98.80202452,-0.26683395,0.02028532,-423.80891524,1849.43506983,15697.00216243,26205.91779399,0.00045069,0.00045112,-0.12234773,0.54001568,3.24385327,3.00000000,PASSIVE_SELL
1656,98.71799702,98.71417915,-0.08916564,0.02066192,-319.36280545,1951.81068035,21931.47119509,27493.07403282,0.00046678,0.00045351,-0.03811749,0.53656928,3.16654911,2.00000000,PASSIVE_SELL
1657,98.64792806,98.64509553,-0.21819998,0.02020304,-473.43559564,2199.46887775,24645.80780594,37956.98971211,0.00047256,0.00045581,0.01718956,0.53656928,3.10681111,1.00000000,PASSIVE_SELL
1658,98.60652408,98.60646224,0.08201781,0.02016598,-421.78666286,1163.16400389,19512.54827293,18969.76520129,0.00047555,0.00045625,0.02866498,0.53775042,3.06540713,1.00000000,HOLD
1659,98.63630836,98.64445204,-0.01478487,0.02059275,428.65433997,1041.05082443,25157.27234328,22418.83224148,0.00047429,0.00045574,0.07118827,0.53775042,3.10548779,2.00000000,PASSIVE_BUY
1660,98.61456145,98.60772074,-0.14125082,0.02008083,-628.25103466,-75.71399541,25875.27155481,28961.07713183,0.00046820,0.00045542,-0.05153120,0.53775042,3.08945330,1.00000000,PASSIVE_SELL
1661,98.66497830,98.66527768,-0.20936758,0.02021000,805.42106920,961.55564743,19640.94586984,38043.16286690,0.00047299,0.00045465,0.07216376,0.53958577,3.14997514,2.00000000,PASSIVE_BUY
1662,98.56712889,98.55872488,-0.01725780,0.02011232,-915.73902126,-364.48844399,33308.63612775,26051.00153528,0.00048797,0.00045824,-0.14826625,0.54482935,3.02688503,1.00000000,PASSIVE_SELL
1663,98.57515599,98.57200319,-0.02877788,0.02033123,701.26938352,-176.27649636,26363.20324411,25418.18433210,0.00047142,0.00045747,0.10587650,0.54482935,3.04507774,0.00000000,PASSIVE_SELL
1664,98.65183390,98.65266384,-0.11907053,0.02119176,893.07986003,177.36202383,22549.11737152,29399.29536616,0.00048571,0.00046052,0.06865081,0.56005479,3.05567362,1.00000000,PASSIVE_BUY
1665,98.71901689,98.71765562,-0.15641717,0.02012258,757.82452808,1258.27025073,18779.77155543,24234.70295989,0.00047838,0.00046219,-0.00949492,0.56839694,3.13291790,0.00000000,PASSIVE_SELL
1666,98.70737512,98.70513268,-0.06276920,0.02089875,-711.71158978,56.39854128,20438.90361913,23268.52686744,0.00047590,0.00045737,-0.07882475,0.56492077,3.14336727,-1.00000000,PASSIVE_SELL
1667,98.75182871,98.76009881,0.16090722,0.02046221,775.31980376,280.69051381,27830.57561552,21913.16002286,0.00047802,0.00045859,0.05609536,0.56492077,3.10914479,0.00000000,PASSIVE_BUY
1668,98.74898408,98.74632556,0.10323879,0.02101855,-600.94908130,-967.36548046,29682.92216385,19311.74681822,0.00047780,0.00045720,-0.04729821,0.56492077,3.11965407,-1.00000000,PASSIVE_SELL
1669,98.82673153,98.83109070,-0.05154564,0.02012492,699.14978772,283.73383329,22144.48341042,29587.08524756,0.00049177,0.00045818,0.08059207,0.55865259,3.05196908,0.00000000,PASSIVE_BUY
1670,98.81597233,98.81374416,-0.01458971,0.02015194,-889.58138553,-1324.39321651,21837.65326663,23066.64759420,0.00048109,0.00045682,-0.08850665,0.55526369,3.06204505,-1.00000000,PASSIVE_SELL
1671,98.82452962,98.82691214,0.09252239,0.02065857,534.99598663,-1232.32251185,31604.37871424,23670.89072909,0.00047456,0.00045633,0.01931649,0.55526369,3.06381704,0.00000000,PASSIVE_BUY
1672,98.84542140,98.84067046,-0.01390461,0.02029186,232.36663438,-452.08695353,31149.38259179,25874.24584059,0.00047599,0.00045559,0.01233450,0.55526369,3.07396297,-1.00000000,PASSIVE_SELL
1673,98.77702926,98.77194938,0.10142174,0.02007758,-398.67726252,-1648.73650873,29477.13321998,23303.35058853,0.00046560,0.00045781,-0.08928392,0.54955415,3.15239390,-2.00000000,PASSIVE_SELL
1674,98.73730654,98.73092651,-0.08307959,0.02037919,-282.43670511,-1155.88450105,26127.50582187,31526.48809271,0.00045203,0.00045688,0.02866941,0.54955415,3.24202894,-3.00000000,PASSIVE_SELL
1675,98.73416633,98.73510180,-0.09334936,0.02068515,-308.52910751,-2264.32315596,17139.86449599,21627.76682593,0.00045019,0.00045652,0.03658251,0.56041906,3.11601864,-2.00000000,PASSIVE_BUY
1676,98.73974564,98.73637886,0.08082793,0.02031571,288.09067034,-2471.79037166,31364.70674916,27074.51625311,0.00045007,0.00045515,0.00871952,0.56041906,3.11501788,-3.00000000,PASSIVE_SELL
1677,98.66367789,98.66669964,-0.07107666,0.02083579,-131.80620600,-2999.38940734,22018.11378279,27769.95343119,0.00045819,0.00045754,-0.08164706,0.56041906,3.19512501,-2.00000000,PASSIVE_BUY
1678,98.71067780,98.71144215,-0.13615411,0.02019654,455.61458754,-1907.41175401,20711.12484525,25875.26662627,0.00044505,0.00045885,0.12306766,0.55669196,3.15854299,-1.00000000,PASSIVE_BUY
1679,98.72657402,98.72366325,-0.13427312,0.02033102,507.83104741,-696.00219412,22531.18606218,28003.29579896,0.00044616,0.00045815,-0.03110371,0.55669196,3.15281229,-2.00000000,PASSIVE_SELL
1680,98.71703919,98.71985751,0.17196569,0.02053072,-477.71747677,-798.14662203,33871.17558305,25462.62872500,0.00044458,0.00045796,-0.02543103,0.55564009,3.17026159,-1.00000000,PASSIVE_BUY
1681,98.65249199,98.65614970,-0.11342757,0.02008403,-642.67569966,-904.01277092,20872.24604325,30216.82112259,0.00044699,0.00045311,-0.05501238,0.55564009,3.24485081,0.00000000,PASSIVE_BUY
1682,98.71136519,98.70966325,-0.12422998,0.02005674,390.06071939,-184.52017841,29953.42032730,34909.37423619,0.00045625,0.00045531,0.12342039,0.53640849,3.25487918,-1.00000000,PASSIVE_SELL
1683,98.75312135,98.74937297,-0.16773501,0.02008232,428.02275381,676.90537201,24862.10213253,29393.36553237,0.00044259,0.00045561,-0.01711703,0.53640849,3.22316418,-2.00000000,PASSIVE_SELL
1684,98.69587689,98.69290675,-0.14480082,0.02028721,-170.18228914,661.83202814,26887.69035492,34109.57298204,0.00044795,0.00045658,-0.09900062,0.53640849,3.34779670,-3.00000000,PASSIVE_SELL
1685,98.64987302,98.65097760,-0.04482019,0.02031109,-335.62246130,114.02218290,22402.05626361,23599.91798912,0.00045071,0.00045603,0.01124058,0.53129318,3.31501443,-2.00000000,PASSIVE_BUY
1686,98.68384494,98.68664548,0.07240790,0.02000410,605.54310201,251.16042314,24101.98923036,20739.06000621,0.00045365,0.00045556,0.07997579,0.53611312,3.29119806,-1.00000000,PASSIVE_BUY
1687,98.62193685,98.61909850,-0.15757312,0.02039352,-485.26422411,-1001.74356299,17762.04773143,26222.12868451,0.00045838,0.00045733,-0.09588000,0.53611312,3.36330291,-2.00000000,PASSIVE_SELL
1688,98.58486519,98.58205300,-0.19492517,0.02066971,-550.71872371,-650.30657103,25506.73014794,34726.41056624,0.00045731,0.00045727,0.02483643,0.54088106,3.44778108,-3.00000000,PASSIVE_SELL
1689,98.66983191,98.67059567,-0.03649513,0.02021947,838.15942113,765.86091381,29770.22150790,30022.61463061,0.00047462,0.00046048,0.12203837,0.54088106,3.25498398,-2.00000000,PASSIVE_BUY
1690,98.58445761,98.58198079,-0.21248476,0.02017925,-854.30865280,259.99839888,21051.01019880,28091.63904398,0.00048887,0.00046279,-0.17034101,0.53481217,3.43582220,-3.00000000,PASSIVE_SELL
1691,98.60234522,98.60118154,0.10737524,0.02020465,686.90449870,1864.27833759,27181.02238783,18975.35750495,0.00048722,0.00046257,0.10326190,0.54254929,3.39226170,-4.00000000,PASSIVE_SELL
1692,98.65790729,98.65473241,-0.16941782,0.02071253,474.91763232,1429.60824621,20152.04956775,28172.92891902,0.00049431,0.00046369,0.03767447,0.54254929,3.18036967,-5.00000000,PASSIVE_SELL
1693,98.66524262,98.67106122,-0.01466978,0.02014423,547.38510750,1292.44923538,16550.85737954,20661.13857308,0.00049428,0.00046345,-0.04822675,0.54254929,3.21868503,-4.00000000,PASSIVE_BUY
1694,98.64509926,98.64558950,-0.05714067,0.02038331,-426.78763073,226.71890464,25577.09228032,28977.16256057,0.00049278,0.00046345,-0.02747868,0.53597317,3.24866143,-3.00000000,PASSIVE_BUY
1695,98.71617663,98.71732505,0.07252936,0.02017312,691.56527878,475.57853023,34271.52104257,30502.61148046,0.00050375,0.00046524,0.09122072,0.53331717,3.18788081,-2.00000000,PASSIVE_BUY
1696,98.71319986,98.71231607,-0.04904425,0.02008549,-874.89833099,-1160.97217279,28380.45590178,30947.71352913,0.00049494,0.00046095,-0.07405413,0.53331717,3.20387708,-3.00000000,PASSIVE_SELL
1697,98.66196808,98.66732663,0.19899041,0.02009616,-478.85619282,-894.24654258,27189.91940820,21798.85853150,0.00049956,0.00046189,-0.04825502,0.52981425,3.24784535,-2.00000000,PASSIVE_BUY
1698,98.63940162,98.63592965,0.07069031,0.02009326,-727.73781612,-1081.51609667,25154.49642678,20332.28503100,0.00050025,0.00046187,0.02866533,0.52981425,3.30302489,-3.00000000,PASSIVE_SELL
1699,98.73580232,98.72861523,-0.04331701,0.02061557,373.07407094,-1173.95182601,22353.90801645,19273.93950148,0.00051883,0.00046686,0.11896716,0.51791394,3.02413057,-4.00000000,PASSIVE_SELL
1700,98.76239000,98.76256139,-0.07523284,0.02078022,755.42779199,133.87160518,20446.09930865,28072.40250913,0.00051983,0.00046737,-0.06981303,0.51051588,3.15962087,-3.00000000,PASSIVE_BUY
1701,98.69166959,98.68371776,-0.20336280,0.02043140,-748.64361261,-306.81100910,21930.22550891,30066.78426199,0.00052452,0.00046977,-0.09730809,0.51051588,3.38199781,-4.00000000,PASSIVE_SELL
1702,98.76352388,98.76060978,0.03850530,0.02049719,545.65987524,46.12325519,24708.49001855,24593.60805289,0.00053482,0.00047275,0.14257470,0.51762280,3.10482924,-5.00000000,PASSIVE_SELL
1703,98.76045582,98.75519147,0.12858920,0.02013377,-477.47251605,76.63419450,28203.60309994,19982.85355203,0.00053084,0.00047227,-0.07492235,0.51762280,3.13023644,-6.00000000,PASSIVE_SELL
1704,98.76788984,98.77048305,0.10496098,0.02029482,594.49807869,253.87502942,33396.27462575,27447.67000298,0.00052022,0.00047219,0.01050209,0.51392363,3.13267507,-5.00000000,PASSIVE_BUY
1705,98.71543892,98.71394184,-0.07457217,0.02002948,-723.15481260,-45.47086794,23793.66295845,27270.82558617,0.00052087,0.00047345,-0.05988494,0.51392363,3.40494441,-6.00000000,PASSIVE_SELL
1706,98.77294704,98.77916172,0.04645259,0.02003491,723.98660780,997.87854531,28172.25722960,25970.18862765,0.00051253,0.00047545,0.10995904,0.51088868,3.12275624,-5.00000000,PASSIVE_BUY
1707,98.78222717,98.78694993,0.26280335,0.02021815,168.82509945,1640.13924039,33868.58531240,20157.15384241,0.00050216,0.00047514,-0.04822799,0.51088868,3.12321870,-4.00000000,PASSIVE_BUY
1708,98.81507274,98.81494198,0.26482320,0.02093592,444.83043840,2506.75634165,35125.86998751,17818.17058651,0.00049980,0.00047415,0.02356544,0.51073161,3.00230439,-5.00000000,PASSIVE_SELL
1709,98.80338768,98.80757217,-0.14284532,0.02024437,-488.10437589,1589.99762579,21039.11100330,30363.42635012,0.00049890,0.00047174,-0.04453062,0.51073161,3.11270338,-4.00000000,PASSIVE_BUY
1710,98.80401770,98.80466325,0.01216128,0.02004253,449.46327898,2667.71193943,27567.18004274,26730.35940146,0.00049759,0.00047116,0.01231507,0.51510869,3.12239740,-3.00000000,PASSIVE_BUY
1711,98.79355028,98.80037963,0.17030595,0.02070857,-445.72307984,1416.56779040,29253.24642131,21096.02124206,0.00049335,0.00047019,-0.01109742,0.51510869,3.14255305,-2.00000000,PASSIVE_BUY
1712,98.83606085,98.83764631,-0.06519153,0.02047536,420.73738794,2753.04419960,22647.97571652,27324.73635648,0.00047446,0.00047085,0.05297798,0.50465713,3.11039677,-1.00000000,PASSIVE_BUY
1713,98.78217840,98.78928457,0.04152683,0.02088392,-443.14985329,1608.62496280,30293.40646515,31555.09023028,0.00048181,0.00047187,-0.09639301,0.50465713,3.17472118,0.00000000,PASSIVE_BUY
1714,98.79779696,98.79715607,0.04737389,0.02040068,285.52146903,1001.06657180,24114.31840413,20613.35765558,0.00047057,0.00047061,0.06950100,0.50367131,3.18492151,-1.00000000,PASSIVE_SELL
1715,98.82073034,98.81766884,0.09692334,0.02092919,407.26919407,650.51123779,35330.37168858,29246.01559986,0.00046227,0.00046984,0.00731483,0.50367131,3.17245272,-2.00000000,PASSIVE_SELL
1716,98.85471284,98.85022207,0.08702616,0.02110942,498.10721280,1860.33004037,23980.85298787,16112.28214204,0.00046402,0.00047022,0.01104911,0.50273088,3.11504245,-3.00000000,PASSIVE_SELL
1717,98.91838858,98.91632533,0.12916967,0.02043916,486.36742461,1571.37766122,29634.16851639,19723.02447548,0.00046830,0.00047249,0.02969325,0.50273088,2.93423480,-4.00000000,PASSIVE_SELL
1718,99.00849685,99.00533398,0.23315651,0.02123997,183.51550458,2355.84224710,30364.30989791,18113.12078558,0.00048399,0.00047530,0.02643253,0.50273088,2.58442169,-5.00000000,PASSIVE_SELL
1719,98.88962915,98.88521091,0.13911110,0.02040153,-521.32151501,1135.37094437,31376.56609181,16326.24018257,0.00050331,0.00048224,-0.20897598,0.50031413,3.18896098,-6.00000000,PASSIVE_SELL
1720,98.84307303,98.84213979,-0.17656178,0.02027956,-492.53102565,1532.42130425,20659.57272301,35735.21327960,0.00050759,0.00048215,0.07231159,0.50031413,3.47843747,-7.00000000,PASSIVE_SELL
1721,98.83021461,98.83433879,0.17684348,0.02044010,-402.68215129,594.74316633,30013.26071236,20592.03057159,0.00050780,0.00048063,0.03369769,0.50596312,3.17986740,-6.00000000,PASSIVE_BUY
1722,98.87593419,98.87186417,-0.17725963,0.02063368,338.06258677,700.43911872,15562.67006055,22037.94495657,0.00051109,0.00048043,0.05857801,0.50596312,2.91586673,-7.00000000,PASSIVE_SELL
1723,98.83432333,98.83293176,0.10454733,0.02064021,-550.57135055,548.54503069,30643.10395343,27852.04401696,0.00050505,0.00048104,-0.08733045,0.49110737,3.21746287,-8.00000000,PASSIVE_SELL
1724,98.82365977,98.81661914,-0.12743774,0.02021400,-758.93589142,72.04584439,18461.73640646,25853.51501026,0.00050190,0.00048084,0.03094730,0.50253595,3.31287835,-9.00000000,PASSIVE_SELL
1725,98.79623363,98.79623326,-0.06673698,0.02057862,-269.66468779,110.91026411,26138.15374618,33248.68146285,0.00050356,0.00048095,-0.01676258,0.50253595,3.55971362,-9.00000000,HOLD
1726,98.79735240,98.79549449,-0.03992697,0.02030229,508.62501031,331.44460408,26311.52524186,26265.16375400,0.00050352,0.00047891,0.02854491,0.50026999,3.55979582,-10.00000000,PASSIVE_SELL
1727,98.80166747,98.79508487,-0.00349862,0.02074203,573.45797384,1036.70878393,20158.22036577,15181.11673497,0.00049096,0.00047861,0.00319630,0.50026999,3.52701611,-11.00000000,PASSIVE_SELL
1728,98.71142670,98.71363475,-0.02238179,0.02022247,-207.16616905,373.92802733,34233.34937819,33125.30938367,0.00050397,0.00048102,-0.09455585,0.49122385,3.26641175,-10.00000000,PASSIVE_BUY
1729,98.69595133,98.70187167,0.01638346,0.02039987,-252.93043539,-386.83345547,23004.37203514,21903.64472037,0.00050391,0.00048110,0.07476541,0.49122385,3.29128877,-9.00000000,PASSIVE_BUY
1730,98.71372530,98.70811167,-0.12126310,0.02007230,214.89546483,305.77948612,31613.56299816,37812.89336428,0.00050441,0.00047943,0.03324933,0.47489489,3.14135920,-10.00000000,PASSIVE_SELL
1731,98.72550733,98.72493951,-0.18882322,0.02045185,617.47058636,1565.92577214,21616.10457858,36737.88000251,0.00049592,0.00047947,-0.00599194,0.47489489,3.03376487,-11.00000000,PASSIVE_SELL
1732,98.63236175,98.63240654,-0.14877199,0.02055865,-325.71198015,850.15307260,17546.21799896,22230.52778541,0.00050656,0.00048332,-0.10492760,0.47489489,4.05836619,-11.00000000,HOLD
1733,98.62058645,98.62155304,0.06122763,0.02023479,-516.52973667,-94.39941788,19041.82660113,17143.18719537,0.00050283,0.00048294,0.08137027,0.46728532,3.36519583,-10.00000000,PASSIVE_BUY
1734,98.59496303,98.58755820,-0.17707607,0.02011800,-897.90753834,-822.12466708,23839.78219494,32245.50039737,0.00049777,0.00048042,-0.01384812,0.47736512,3.63148902,-11.00000000,PASSIVE_SELL
1735,98.67208434,98.67315366,0.11626213,0.02037222,818.46314937,331.96094359,29057.88107320,21636.32284948,0.00050601,0.00048387,0.10274473,0.47736512,3.31258434,-10.00000000,PASSIVE_BUY
1736,98.73682231,98.72879529,0.07424810,0.02077091,350.26937433,76.68721592,35008.83419447,23468.67275519,0.00051204,0.00048616,-0.01238333,0.47561740,2.67559007,-11.00000000,PASSIVE_SELL
1737,98.73424908,98.73337667,0.09110964,0.02082074,-480.66074080,81.29069923,26576.76667768,25107.90284208,0.00050391,0.00048563,-0.06731120,0.46641681,2.71430599,-12.00000000,PASSIVE_SELL
1738,98.79292469,98.78398274,-0.07496840,0.02070391,452.37099861,1084.38042155,25075.03603452,24987.70194481,0.00050685,0.00048747,0.06124884,0.46641681,2.02055064,-13.00000000,PASSIVE_SELL
1739,98.76659353,98.76335460,0.05171067,0.02025636,-189.26795318,56.95304724,30779.64254495,24545.71493136,0.00049484,0.00048709,-0.08500676,0.46641681,2.37298384,-14.00000000,PASSIVE_SELL
1740,98.80063465,98.80117695,0.04929449,0.02011266,491.79297963,1403.05467967,28181.93929868,26190.98317985,0.00048033,0.00048344,0.06037227,0.46867387,3.18533820,-13.00000000,PASSIVE_BUY
1741,98.73881571,98.73740570,-0.04590923,0.02060781,-793.83841543,-77.68823446,21761.79571444,25025.07649435,0.00048893,0.00048533,-0.09586005,0.46008297,3.99928831,-14.00000000,PASSIVE_SELL
1742,98.71207252,98.71320628,0.07256835,0.02013223,-471.69019615,-1024.29606293,32103.58706258,29541.41122533,0.00048458,0.00048382,0.03507575,0.46008297,3.27082162,-13.00000000,PASSIVE_BUY
1743,98.71807569,98.72741205,-0.05185762,0.02043113,530.16525715,-1041.51591329,27631.38932874,37125.30977910,0.00048454,0.00048385,0.03274635,0.46008297,3.27324057,-12.00000000,PASSIVE_BUY
1744,98.73324255,98.73288694,0.09678922,0.02029610,405.34755146,-209.38073111,23616.60487225,16971.36866187,0.00048396,0.00048150,0.00916370,0.45072856,3.10138627,-13.00000000,PASSIVE_SELL
1745,98.71799052,98.72138949,0.01357795,0.02019650,-628.25616316,-1529.20217305,25166.89529953,28711.69287643,0.00047396,0.00048148,-0.03041890,0.45361595,3.27734935,-12.00000000,PASSIVE_BUY
1746,98.81385291,98.81962503,-0.01840714,0.02002688,287.15358997,-367.15025209,23311.98603520,21387.01125796,0.00049300,0.00048652,0.11111443,0.45361595,3.19243330,-11.00000000,PASSIVE_BUY
1747,98.77044599,98.76655437,0.03152399,0.02090529,-452.72296470,-341.01702398,26759.53596619,24158.12883768,0.00049137,0.00048741,-0.13926932,0.46330783,3.68036208,-12.00000000,PASSIVE_SELL
1748,98.75279373,98.75554181,-0.08779149,0.02063923,-357.91098073,28.80981142,25615.86824240,30070.24070070,0.00049091,0.00048541,0.02575466,0.46330783,3.24851901,-11.00000000,PASSIVE_BUY
1749,98.74010482,98.74070353,-0.05095700,0.02001971,-719.80870711,-1064.07296664,26945.61453085,33640.69971682,0.00047199,0.00048482,0.00496334,0.46334160,3.27431536,-10.00000000,PASSIVE_BUY
1750,98.71269163,98.71963316,0.17258567,0.02013046,-516.76643797,-2336.26719659,25883.15446694,22052.47548276,0.00047198,0.00048515,-0.01472427,0.46334160,3.31129541,-9.00000000,PASSIVE_BUY
1751,98.70644443,98.70759046,0.10981088,0.02051858,-599.73069761,-2187.35428159,25003.70568846,21298.16190418,0.00046116,0.00048457,0.02116599,0.47900907,3.32624942,-8.00000000,PASSIVE_BUY
1752,98.66017218,98.66388053,-0.16278893,0.02070997,-603.62405122,-3336.63820805,18218.53602522,31758.67479465,0.00045392,0.00048525,-0.04002504,0.47900907,3.38220677,-7.00000000,PASSIVE_BUY
1753,98.63216229,98.63297885,0.14303668,0.02107456,-611.67049544,-3470.83618744,30894.55039407,24922.17561826,0.00045541,0.00048407,0.01826235,0.48507017,3.41966020,-6.00000000,PASSIVE_BUY
1754,98.63431033,98.63145028,-0.02981267,0.02086125,574.97956562,-3490.35470051,25162.28361103,20574.78496370,0.00045524,0.00048183,0.03015794,0.46625325,3.41720256,-7.00000000,PASSIVE_SELL
1755,98.67783070,98.67692873,0.09021774,0.02039309,773.45768317,-1993.74220474,28297.76768120,21680.37459550,0.00045405,0.00048297,0.04137232,0.47378973,3.12275655,-8.00000000,PASSIVE_SELL
1756,98.70781788,98.71511213,0.02624556,0.02044770,863.42839991,-1854.30041264,26766.61409578,30231.74426359,0.00044845,0.00048336,-0.01353319,0.47378973,3.34653767,-7.00000000,PASSIVE_BUY
1757,98.69452464,98.70083410,0.24045778,0.02005655,-442.02494145,-2465.15045353,35504.76152134,21224.63605112,0.00044850,0.00048338,-0.04328041,0.47378973,3.37103263,-6.00000000,PASSIVE_BUY
1758,98.64941694,98.64115463,0.04162634,0.02007863,-608.28962121,-3518.27051314,25527.57063211,21906.16068779,0.00044979,0.00048353,-0.03181448,0.47009707,3.65171819,-7.00000000,PASSIVE_SELL
1759,98.63150112,98.63633989,0.00474458,0.02065093,-157.21948446,-3187.38562171,27761.21559612,28490.90317318,0.00045012,0.00047742,0.02719190,0.47009707,3.42899304,-6.00000000,PASSIVE_BUY
1760,98.53223365,98.53641136,0.12630862,0.02120768,-445.54077054,-4082.38967124,30856.09862272,27455.93226167,0.00047017,0.00047739,-0.08135166,0.46785419,3.53747248,-5.00000000,PASSIVE_BUY
1761,98.47602228,98.47478248,0.13493325,0.02021991,-686.50540244,-4323.17199384,25891.51047902,17229.30215456,0.00047565,0.00047740,0.04305610,0.46785419,3.82863930,-6.00000000,PASSIVE_SELL
1762,98.46628358,98.46454691,-0.03710031,0.02016091,-527.84943654,-5271.75881833,31552.93391411,33735.42971146,0.00047038,0.00047481,0.04647266,0.46837434,3.89715199,-7.00000000,PASSIVE_SELL
1763,98.46463495,98.46341301,-0.14925836,0.02001357,-590.57283245,-5419.18179749,20783.75041978,27583.20909120,0.00046561,0.00047465,0.00809008,0.46837434,3.91869915,-8.00000000,PASSIVE_SELL
1764,98.42409502,98.43324226,0.07847584,0.02043601,-360.20524488,-6064.90851140,32494.80397738,31864.24339374,0.00046700,0.00047485,-0.03889131,0.48452878,3.61074950,-7.00000000,PASSIVE_BUY
1765,98.43132567,98.43107689,-0.01991049,0.02044568,319.05495740,-6153.12274807,22370.30665131,22610.36649801,0.00046543,0.00047394,0.04777058,0.47684974,3.57035780,-8.00000000,PASSIVE_SELL
1766,98.44381269,98.44329146,0.17438097,0.02017486,370.67379491,-6280.55616596,30802.17719260,21143.45313539,0.00046247,0.00047394,0.00525638,0.47684974,3.48054903,-9.00000000,PASSIVE_SELL
1767,98.35046946,98.34913327,0.06969802,0.02004063,-218.00725856,-6984.93084913,26864.87834197,25374.24396820,0.00046612,0.00047821,-0.10583025,0.47684974,4.33065840,-10.00000000,PASSIVE_SELL
1768,98.38227360,98.38116540,-0.09996610,0.02008715,469.96999993,-6698.47635378,20850.49245694,25981.81843396,0.00044714,0.00047708,0.12514737,0.48008421,4.02266059,-11.00000000,PASSIVE_SELL
1769,98.38574396,98.38497497,0.05832347,0.02030065,725.55720366,-5451.59763511,28976.64311108,25169.50796461,0.00042043,0.00047710,-0.02833378,0.48008421,3.99463700,-12.00000000,PASSIVE_SELL
1770,98.34814378,98.35181041,0.19272208,0.02017361,-491.83485798,-5450.90146744,28566.26326866,21941.21613182,0.00041905,0.00047614,-0.04107054,0.47864817,3.64503778,-11.00000000,PASSIVE_BUY
1771,98.33262381,98.32579905,0.22176940,0.02061133,-679.79408228,-5728.01339842,34551.30888787,20245.15380951,0.00041911,0.00047617,0.02208022,0.47864817,3.82606306,-12.00000000,PASSIVE_SELL
1772,98.33020084,98.33236472,0.04228490,0.02049046,-267.82939183,-6333.90537702,18762.46394659,20021.94051109,0.00041149,0.00047383,0.01309699,0.47787857,3.66180251,-11.00000000,PASSIVE_BUY
1773,98.27619140,98.28354493,0.16825438,0.02093509,-347.04259130,-6130.37661777,29518.34873828,24033.17831969,0.00041382,0.00047513,-0.05158646,0.47787857,3.72405637,-10.00000000,PASSIVE_BUY
1774,98.35610868,98.35878260,0.10133985,0.02030081,242.58732846,-5128.85339789,24637.11412178,21039.05348166,0.00043366,0.00047651,0.13392671,0.47787857,3.65714374,-9.00000000,PASSIVE_BUY
1775,98.40006368,98.39985680,-0.07756714,0.02013718,333.64735987,-4525.54135023,20075.40345524,23215.87348689,0.00043937,0.00047574,-0.03596227,0.47575338,3.27161732,-10.00000000,PASSIVE_SELL
1776,98.39063831,98.38189245,0.01306514,0.02026025,-693.10816318,-5727.27452372,32210.24902860,29099.83920646,0.00043918,0.00047574,-0.05338037,0.47575338,3.37600118,-11.00000000,PASSIVE_SELL
1777,98.35465847,98.35520562,0.21757799,0.02020322,-344.40830097,-6645.14079854,27277.30472693,15629.92738967,0.00044057,0.00047579,-0.02655447,0.48844172,3.65969944,-10.00000000,PASSIVE_BUY
1778,98.38262329,98.38634741,0.04707084,0.02049270,763.05937386,-5674.91525563,28718.14802936,26479.40328164,0.00042754,0.00047559,0.06394466,0.49287851,3.64067831,-9.00000000,PASSIVE_BUY
1779,98.44758863,98.44034741,-0.07436059,0.02003030,270.53473404,-5151.45008619,29745.39322058,29735.42170847,0.00043923,0.00047791,0.03700052,0.49287851,3.06600539,-10.00000000,PASSIVE_SELL
1780,98.36546433,98.36530662,-0.04506920,0.02026103,-507.43639212,-5873.78194314,21803.23871547,24839.64319084,0.00045138,0.00048027,-0.14708964,0.49343569,3.89737887,-11.00000000,PASSIVE_SELL
1781,98.42425063,98.41854182,0.05136673,0.02015307,513.63273711,-5977.61979240,26237.12660562,19997.68575667,0.00046029,0.00047611,0.14091059,0.49343569,3.26080615,-12.00000000,PASSIVE_SELL
1782,98.41480757,98.41874139,-0.10753366,0.02048601,-137.26107211,-5789.16888436,19727.05279453,27376.36554694,0.00044273,0.00047600,-0.06822936,0.48946791,3.60056772,-11.00000000,PASSIVE_BUY
1783,98.40416604,98.40779762,0.11633976,0.02003799,-172.92032446,-5445.55947215,30414.56898317,24351.33043366,0.00044270,0.00047595,-0.00119846,0.48946791,3.62346832,-10.00000000,PASSIVE_BUY
1784,98.36874387,98.37644169,-0.07141691,0.02012800,-76.44346772,-4624.09540153,18604.47306331,27037.09462834,0.00044390,0.00047637,-0.02478065,0.48946791,3.66854948,-9.00000000,PASSIVE_BUY
1785,98.32370958,98.31952841,-0.13562578,0.02010950,-705.54831916,-6148.10687006,24223.02167674,32736.95888944,0.00043141,0.00047596,-0.00961211,0.48946791,4.08391283,-10.00000000,PASSIVE_SELL
1786,98.23258888,98.23520256,0.09770622,0.02051231,-416.61094748,-6914.98719187,26163.17387650,22603.20084140,0.00043500,0.00047913,-0.04608641,0.49211163,3.80067564,-9.00000000,PASSIVE_BUY
1787,98.23735274,98.23491123,-0.22465389,0.02004650,579.00689145,-5855.31955962,19219.79810791,29609.91689282,0.00043539,0.00047641,0.09588456,0.49111085,3.76782415,-10.00000000,PASSIVE_SELL
1788,98.20160584,98.20214263,0.22190009,0.02026162,-633.99687133,-6941.68742956,36201.52790976,21653.29690172,0.00042534,0.00047567,-0.04051076,0.49449751,3.83516580,-9.00000000,PASSIVE_BUY
1789,98.26884081,98.26202810,0.01263877,0.02013170,441.38171431,-6311.03776206,23004.81870480,22464.61989036,0.00043940,0.00047733,0.10298188,0.49449751,3.24011687,-10.00000000,PASSIVE_SELL
1790,98.27034281,98.27363554,-0.11586360,0.02033645,880.09148235,-5922.73925934,17545.91502501,27182.91425079,0.00043511,0.00047677,-0.06573298,0.50470874,3.77487265,-9.00000000,PASSIVE_BUY
1791,98.28235980,98.27809213,-0.09962720,0.02066663,354.53244293,-4774.36840098,23778.64943418,30240.89327739,0.00042987,0.00047691,0.01051499,0.50470874,3.67705306,-10.00000000,PASSIVE_SELL
1792,98.33976629,98.34257140,-0.04867291,0.02079468,692.55787917,-3610.12032566,24366.33949795,30083.77202957,0.00043933,0.00047898,0.04538950,0.50831962,3.70686812,-9.00000000,PASSIVE_BUY
1793,98.34524463,98.34286436,0.05297186,0.02064965,385.19288876,-3755.09269405,30822.61416758,30568.18917177,0.00043930,0.00047769,-0.05192816,0.50831962,3.66788792,-10.00000000,PASSIVE_SELL
1794,98.36146539,98.36112908,0.03332959,0.02012156,622.13736362,-3538.30288188,22852.70801606,18655.38005994,0.00043942,0.00047653,0.01074243,0.51270355,3.51574105,-11.00000000,PASSIVE_SELL
1795,98.30885865,98.31650088,0.04496989,0.02019220,-364.56220081,-3274.60891953,17657.56610667,23168.69228879,0.00044400,0.00047594,-0.06882750,0.50609425,3.73630391,-10.00000000,PASSIVE_BUY
1796,98.31523969,98.30942373,0.10202782,0.02032680,167.83908327,-3393.92342624,31612.74138030,21858.93583723,0.00041838,0.00047274,0.05898778,0.50609425,3.68265695,-11.00000000,PASSIVE_SELL
1797,98.30977415,98.31113215,-0.11328743,0.02031792,-488.94079544,-3430.14125697,20969.20620027,28626.12036824,0.00041561,0.00047085,-0.01184658,0.49867267,3.73724454,-10.00000000,PASSIVE_BUY
1798,98.25873187,98.26084956,0.11288632,0.02028835,-798.01635427,-3870.24663052,27701.22229316,26848.47672589,0.00041973,0.00047050,-0.04557674,0.50424115,3.79856404,-9.00000000,PASSIVE_BUY
1799,98.22962992,98.23226405,0.06885796,0.02085903,-719.29828209,-3869.73620550,26511.42983208,22160.81650472,0.00042061,0.00047009,0.02194033,0.50424115,3.83581278,-8.00000000,PASSIVE_BUY
1800,98.24819841,98.24766522,0.01342520,0.02010669,537.51889884,-2815.45086869,21598.87906942,22828.34611992,0.00042182,0.00047022,0.04767043,0.50022480,3.69731825,-9.00000000,PASSIVE_SELL
1801,98.26361506,98.26305370,-0.08379000,0.02007126,730.64214788,-1485.07802320,20070.64355593,23860.78119328,0.00042327,0.00046926,-0.00315184,0.51096927,3.56860406,-10.00000000,PASSIVE_SELL
1802,98.27016574,98.27175163,-0.06030885,0.02021004,599.53831194,-281.91566004,24562.93765887,25128.62769664,0.00042031,0.00046802,-0.00886596,0.51096927,3.79679359,-9.00000000,PASSIVE_BUY
1803,98.28714724,98.28751507,0.11325565,0.02008785,384.46277062,714.21760603,24023.95273483,18217.65525065,0.00042072,0.00046451,0.01043081,0.51259637,3.79034478,-8.00000000,PASSIVE_BUY
1804,98.31914973,98.32074718,0.06799224,0.02027732,623.58917090,762.82721131,26400.88354084,23061.28777417,0.00042418,0.00046447,0.01502099,0.51259637,3.76781780,-7.00000000,PASSIVE_BUY
1805,98.31024230,98.31279688,0.09092604,0.02022829,-594.23855139,-604.86902325,36925.14934101,31364.28561433,0.00041801,0.00046321,-0.04090992,0.50333255,3.78698646,-6.00000000,PASSIVE_BUY
1806,98.29325153,98.29798429,-0.08111958,0.02009846,-576.36741073,-2044.66483389,19067.78752357,23978.58504249,0.00041469,0.00046329,-0.00808335,0.50954255,3.81435104,-5.00000000,PASSIVE_BUY
1807,98.19507292,98.19504668,-0.04359991,0.02042996,-829.14966303,-2431.78955547,25820.09440759,27732.27515059,0.00043401,0.00046732,-0.08118784,0.50954255,4.30524412,-5.00000000,HOLD
1808,98.22251856,98.22125723,-0.10667518,0.02044594,595.57633643,-1227.92359784,17817.25440771,22796.62854368,0.00043419,0.00046781,0.12562426,0.51114874,4.17823889,-6.00000000,PASSIVE_SELL
1809,98.30559997,98.31065087,-0.04199320,0.02013467,644.35703171,-426.34708167,27910.57838742,32303.74107742,0.00045310,0.00047099,0.05563577,0.51114874,3.79352004,-5.00000000,PASSIVE_BUY
1810,98.28437429,98.28317074,-0.02981031,0.02096643,-671.11554683,-651.92185796,25784.53008171,28785.08617137,0.00043336,0.00046962,-0.10430709,0.49663578,3.91013165,-6.00000000,PASSIVE_SELL
1811,98.31719786,98.31056792,-0.24414865,0.02111509,434.90642394,469.48996842,19616.96725562,25699.12626651,0.00043013,0.00046979,0.05404925,0.49663578,3.72374777,-7.00000000,PASSIVE_SELL
1812,98.25857730,98.26263047,0.00060623,0.02014146,-275.93872709,721.40067788,20351.56321342,26092.22924648,0.00043725,0.00047074,-0.09144413,0.49500300,3.83496521,-6.00000000,PASSIVE_BUY
1813,98.31334025,98.30785465,-0.11024968,0.02084611,258.22095987,1570.19447019,20462.67029666,23917.60219401,0.00044523,0.00046863,0.11338350,0.49500300,3.51681061,-7.00000000,PASSIVE_SELL
1814,98.23141610,98.23200515,0.04421554,0.02016445,-531.20966259,1399.19005248,22380.09639790,19393.46148945,0.00045623,0.00047185,-0.13668709,0.48460744,3.87281988,-6.00000000,PASSIVE_BUY
1815,98.25669286,98.26015470,0.25902135,0.02052261,917.13278534,1997.26788042,34221.64639132,19562.06720009,0.00045786,0.00046739,0.10720090,0.48687954,3.85690905,-5.00000000,PASSIVE_BUY
1816,98.33932616,98.33462090,0.19082211,0.02000779,385.38314847,2011.97723399,31665.79341017,18091.89171264,0.00047356,0.00047081,0.05735655,0.48817894,3.45374640,-6.00000000,PASSIVE_SELL
1817,98.39279677,98.38996815,0.01413009,0.02023549,551.24995159,2781.23444413,32807.15177326,26043.95509192,0.00046103,0.00047185,-0.02916271,0.48817894,3.14304054,-7.00000000,PASSIVE_SELL
1818,98.37752411,98.38490543,0.05159085,0.02001418,-197.20706296,2114.05738124,21486.56771353,23393.28179644,0.00045936,0.00047189,-0.06874326,0.48817894,3.76414204,-6.00000000,PASSIVE_BUY
1819,98.36174362,98.35991449,-0.26206682,0.02050041,-882.86437572,505.63580186,15224.16936045,23915.16857297,0.00045987,0.00047198,-0.00050783,0.49226080,3.86907517,-7.00000000,PASSIVE_SELL
1820,98.41366558,98.42098239,-0.09998080,0.02075251,828.21254749,1825.68320733,15752.85326553,27728.60349323,0.00046257,0.00047089,0.06770244,0.48618248,3.72679431,-6.00000000,PASSIVE_BUY
1821,98.31777010,98.32222186,0.21602288,0.02066624,-363.42919795,2142.04809166,31984.37263090,19313.17570638,0.00048234,0.00047390,-0.14781742,0.48618248,3.83323857,-5.00000000,PASSIVE_BUY
1822,98.26395967,98.26591071,0.01267777,0.02006933,-269.76954948,2140.10793400,17155.43134004,20707.59750816,0.00048832,0.00047525,0.04208504,0.48618248,3.89827748,-4.00000000,PASSIVE_BUY
1823,98.22490226,98.22696843,0.12851227,0.02026073,-559.39911553,1927.75140977,32125.46048310,21704.36039998,0.00048544,0.00047141,0.01475301,0.50047000,3.94717817,-3.00000000,PASSIVE_BUY
1824,98.22092703,98.22617243,-0.06967026,0.02025138,-482.75625013,1202.40783118,22431.06006661,23543.03033349,0.00047098,0.00046726,0.03508218,0.50047000,3.96128844,-2.00000000,PASSIVE_BUY
1825,98.18768179,98.19703342,0.14378657,0.02109225,-306.69785969,562.06261161,29529.76407174,23636.77860823,0.00046799,0.00046735,-0.02927000,0.51081644,4.00465936,-1.00000000,PASSIVE_BUY
1826,98.13105118,98.12897143,0.13275926,0.02020327,-855.71611163,399.45466316,33999.42155114,26302.06437956,0.00047388,0.00046877,-0.02338538,0.51081644,4.07139161,-2.00000000,PASSIVE_SELL
1827,98.17821665,98.17876161,-0.09322579,0.02113096,725.07505465,1468.93801878,29244.71993877,37637.85388719,0.00047750,0.00046982,0.10379608,0.50062782,3.99613308,-1.00000000,PASSIVE_BUY
1828,98.20408286,98.20184438,0.06329345,0.02026328,608.34320716,1314.22185208,33493.40287886,25987.16952070,0.00047723,0.00046516,-0.02129926,0.49449599,3.98039851,-2.00000000,PASSIVE_SELL
1829,98.21225317,98.21027114,0.00830051,0.02057481,818.73448705,1862.42160509,26442.44767131,27362.52633605,0.00046712,0.00046524,-0.01769590,0.50127858,3.97434530,-3.00000000,PASSIVE_SELL
1830,98.32600987,98.32480140,0.23979142,0.02043702,863.73753475,3233.59553196,31136.08844087,17732.14366216,0.00048301,0.00047241,0.10558639,0.50970296,3.64329371,-4.00000000,PASSIVE_SELL
1831,98.37363274,98.38227537,0.03184554,0.02023511,903.91439135,3623.87718620,24789.36608932,26288.85225253,0.00048043,0.00047235,-0.06613383,0.50970296,3.84798938,-3.00000000,PASSIVE_BUY
1832,98.33517847,98.33884577,0.08571868,0.02091916,-558.49600842,3202.64224989,21907.46903665,21094.81752093,0.00048325,0.00047304,-0.08607713,0.50970296,3.89621917,-2.00000000,PASSIVE_BUY
1833,98.35377360,98.34491001,-0.35320120,0.02017963,153.41720274,3528.97977709,15306.80148767,30821.73514670,0.00048391,0.00046892,0.05704940,0.50741143,3.86911872,-3.00000000,PASSIVE_SELL
1834,98.38711029,98.39497858,-0.02310099,0.02045349,820.94381191,4426.36705671,31407.68196860,35515.32707609,0.00048369,0.00046922,0.01474155,0.50741143,3.85756836,-2.00000000,PASSIVE_BUY
1835,98.42525881,98.42295898,0.04127456,0.02023051,364.28017439,5496.19555027,32948.87534390,25680.22283132,0.00048204,0.00046977,0.00481184,0.51440922,3.79138657,-3.00000000,PASSIVE_SELL
1836,98.43341630,98.42422401,-0.02457081,0.02023864,519.47392526,6432.28042300,22259.46640971,22412.58230191,0.00046267,0.00046979,-0.02999104,0.52756327,3.77703343,-4.00000000,PASSIVE_SELL
1837,98.42451781,98.42327297,0.02749552,0.02013727,-363.16910232,5490.10442923,24906.79371464,21274.51216536,0.00046303,0.00046920,-0.01705597,0.52756327,3.82269600,-5.00000000,PASSIVE_SELL
1838,98.34992292,98.35003222,-0.03509617,0.02033713,-703.45294446,5420.64835609,30657.54177547,32889.52772252,0.00047306,0.00047113,-0.06569641,0.53383519,3.91104588,-4.00000000,PASSIVE_BUY
1839,98.36687147,98.36714686,0.13394070,0.02001624,925.45505361,5904.72169540,23202.85444986,17145.96257409,0.00046424,0.00047130,0.09154344,0.51995165,3.90458678,-3.00000000,PASSIVE_BUY
1840,98.32501829,98.33454642,0.06605735,0.02054397,-505.70020130,4518.93001174,27527.22736199,26236.20792157,0.00046842,0.00047215,-0.05880173,0.51995165,3.95618422,-2.00000000,PASSIVE_BUY
1841,98.34062494,98.33491790,-0.03240726,0.02067354,124.56704441,4288.96461323,26049.37020846,27124.62367772,0.00046862,0.00047158,0.05745983,0.50219341,3.93530769,-3.00000000,PASSIVE_SELL
1842,98.34028825,98.33681975,-0.11248965,0.02029435,-367.49878299,3228.90795107,30498.30394590,35615.64807089,0.00046144,0.00047158,-0.01594334,0.50219341,3.94646494,-4.00000000,PASSIVE_SELL
1843,98.27374823,98.27662769,0.12615937,0.02035647,-353.83656055,2489.87850176,31556.91641387,28330.30903443,0.00047097,0.00047378,-0.06620333,0.49542623,4.01534592,-3.00000000,PASSIVE_BUY
1844,98.24475630,98.23979736,-0.21135820,0.02022046,-894.80751827,972.93361987,19509.44316356,30143.01326648,0.00047187,0.00047360,0.03754809,0.51164632,4.11243193,-4.00000000,PASSIVE_SELL
1845,98.27109099,98.27209002,0.07599465,0.02026114,928.32644547,2265.82226615,27253.02873305,24734.20553744,0.00046784,0.00047401,0.05532662,0.51164632,4.01592263,-3.00000000,PASSIVE_BUY
1846,98.18844558,98.18471361,-0.05806118,0.02020331,-866.45463496,1231.52854792,21600.88963812,20030.69256089,0.00048202,0.00047511,-0.10898010,0.49787017,4.27396051,-4.00000000,PASSIVE_SELL
1847,98.15462757,98.15375139,0.15907466,0.02006865,-414.68210715,1305.78723621,27973.14314729,18661.96144758,0.00048407,0.00047560,0.04882740,0.49787017,4.41926688,-5.00000000,PASSIVE_SELL
1848,98.06634943,98.06012812,-0.03606616,0.02020356,-280.26827889,1823.53531159,20891.13615179,20940.18805130,0.00049455,0.00047949,-0.05446013,0.50534078,4.87075937,-6.00000000,PASSIVE_SELL
1849,98.05203085,98.05497971,0.09253490,0.02069541,-285.58674608,2257.24684760,23848.58806970,25891.87234895,0.00049343,0.00047910,0.07395957,0.50534078,4.15664960,-5.00000000,PASSIVE_BUY
1850,98.04520357,98.04453084,-0.03525804,0.02000650,-870.31259104,849.41535773,26209.49503888,29064.58039133,0.00049240,0.00047894,0.00749129,0.50944188,4.20078926,-6.00000000,PASSIVE_SELL
1851,98.05290297,98.05404505,0.16826381,0.02037534,866.00094324,984.77415309,32242.79390407,24542.10200164,0.00049189,0.00047787,0.01452668,0.49437389,4.15867156,-5.00000000,PASSIVE_BUY
1852,97.98021974,97.98378593,0.22799157,0.02050289,-660.56204386,-275.32620271,29924.78152577,21115.27015215,0.00050122,0.00048034,-0.08038263,0.49437389,4.24135114,-4.00000000,PASSIVE_BUY
1853,98.01989392,98.01451938,-0.10991114,0.02014646,330.73122027,-329.05775306,21802.26441225,27543.41089815,0.00050441,0.00048042,0.11235741,0.47549553,4.09272763,-5.00000000,PASSIVE_SELL
1854,98.03111157,98.03062397,-0.00133823,0.02035541,627.38024936,-325.26667460,23858.06297891,24238.20473042,0.00050209,0.00047736,-0.02845654,0.47549553,4.04681711,-6.00000000,PASSIVE_SELL
1855,98.00184582,97.99584305,-0.07878287,0.02047640,-351.19751339,-82.22563660,25163.71737443,29682.12712962,0.00050319,0.00047661,-0.04048340,0.47595483,4.23264980,-7.00000000,PASSIVE_SELL
1856,98.02679425,98.02892671,0.02926198,0.02016409,624.88949269,1119.03126682,27383.49874444,27918.19366030,0.00050488,0.00047330,0.05421418,0.47595483,4.19989726,-6.00000000,PASSIVE_BUY
1857,98.05283579,98.05381690,-0.00850812,0.02151290,504.53313453,2452.71406438,32160.43073442,33137.49435743,0.00048831,0.00047134,0.00109312,0.48416893,4.18124014,-5.00000000,PASSIVE_BUY
1858,97.95362194,97.96001748,0.07382793,0.02057477,-309.51656404,1547.62116390,23772.67580527,23158.77540931,0.00050519,0.00047563,-0.12525539,0.48416893,4.29261763,-4.00000000,PASSIVE_BUY
1859,97.99347844,98.00096877,0.22537898,0.02002380,356.46468334,1259.72881553,30449.04034418,22002.01064285,0.00049314,0.00047605,0.13907034,0.48047962,4.26359949,-3.00000000,PASSIVE_BUY
1860,97.96443017,97.96253074,-0.04394315,0.02015389,-574.64592254,1356.19843983,19627.72975596,19952.57464848,0.00049377,0.00047623,-0.06890477,0.48047962,4.36082125,-4.00000000,PASSIVE_SELL
1861,97.94082938,97.93565435,0.07689769,0.02002903,-560.52391154,360.76810435,27490.37347750,23646.18284241,0.00049103,0.00047489,0.00544748,0.48592213,4.46523892,-5.00000000,PASSIVE_SELL
1862,97.93420697,97.93503057,-0.14164588,0.02112709,-371.65849726,265.04833418,19325.00240757,25041.89677601,0.00048538,0.00047004,0.01697837,0.48592213,4.30288771,-4.00000000,PASSIVE_BUY
1863,98.04486926,98.04194085,-0.08782505,0.02092640,353.40750741,360.23488173,21103.04376524,21626.82545765,0.00050624,0.00047707,0.11728471,0.48592213,3.87070173,-5.00000000,PASSIVE_SELL
1864,97.99960874,98.00378045,0.05610115,0.02059947,-273.71575190,617.72879242,25863.42017254,25695.04433765,0.00049739,0.00047462,-0.15592281,0.49502152,4.26461517,-4.00000000,PASSIVE_BUY
1865,98.00071926,97.99394698,-0.08888738,0.02116529,289.12981486,-10.27417806,29378.70028159,30324.14442789,0.00049557,0.00047192,0.04637104,0.48510618,4.27075574,-5.00000000,PASSIVE_SELL
1866,98.03474210,98.04209573,0.07430481,0.02012494,814.72747282,419.07014629,21901.03045387,21042.58509717,0.00048243,0.00047266,0.03291232,0.48510618,4.23459220,-4.00000000,PASSIVE_BUY
1867,98.03220664,98.02597338,-0.08911722,0.02014633,-789.81353316,-921.99333846,26629.66991983,28276.72848824,0.00047466,0.00047141,-0.03655830,0.48335267,4.25480720,-5.00000000,PASSIVE_SELL
1868,97.98858281,97.97899361,-0.21572400,0.02033625,-587.02983022,-1311.81610572,23375.65095307,31355.19202028,0.00047738,0.00047229,-0.04108837,0.48335267,4.48309445,-6.00000000,PASSIVE_SELL
1869,98.01621467,98.02504486,0.02929720,0.02055769,931.82788690,502.87615691,32212.87109462,33568.07822543,0.00047989,0.00046921,0.07125568,0.47811617,4.24080357,-5.00000000,PASSIVE_BUY
1870,98.09379275,98.09314721,-0.02261067,0.02007432,334.27388786,8.93749728,23206.55428070,28498.74102169,0.00048781,0.00047284,0.04994622,0.47811617,3.86295032,-6.00000000,PASSIVE_SELL
1871,98.02645973,98.03090856,0.08240623,0.02052712,-486.28225231,-113.91555708,28784.37040736,24762.85174133,0.00047864,0.00047498,-0.14491110,0.47698365,4.24693533,-5.00000000,PASSIVE_BUY
1872,98.01267190,98.01370202,0.03934011,0.02053256,-791.43417808,-635.58018568,21930.18447490,18512.31480652,0.00047370,0.00047469,0.05354518,0.47081583,4.27097856,-4.00000000,PASSIVE_BUY
1873,98.02719457,98.02583015,-0.13715098,0.02065573,688.56019059,612.37912045,21834.66798892,33990.46895948,0.00047188,0.00047264,0.02831051,0.47081583,4.22321575,-5.00000000,PASSIVE_SELL
1874,98.01733345,98.01982391,0.08761798,0.02050589,-568.51743933,526.61793124,30984.03562688,25785.55007318,0.00047196,0.00047195,-0.02438379,0.47425426,4.27338038,-4.00000000,PASSIVE_BUY
1875,98.05884150,98.06406890,0.15884265,0.02007005,649.00145924,1482.31725017,29606.48863761,21428.46025390,0.00047442,0.00047307,0.05136917,0.47560441,4.24256111,-3.00000000,PASSIVE_BUY
1876,97.98030551,97.98092674,0.01781468,0.02012304,-709.00101011,1629.03235169,22710.78339757,26640.93233242,0.00048062,0.00047610,-0.12004405,0.47560441,4.33110564,-2.00000000,PASSIVE_BUY
1877,98.00585798,98.00311528,-0.17579902,0.02011386,504.92404491,1408.88134195,25545.87543781,35535.63271165,0.00047692,0.00047372,0.10408847,0.46292903,4.29005762,-3.00000000,PASSIVE_SELL
1878,98.08537245,98.09082526,-0.03300776,0.02049963,915.96056648,1716.49870127,26732.47581065,31764.45004027,0.00048976,0.00047611,0.05396200,0.46292903,4.24107403,-2.00000000,PASSIVE_BUY
1879,98.04862576,98.05170990,0.30127119,0.02014818,-707.59901857,190.16519565,25839.84601963,12633.36698155,0.00049194,0.00047652,-0.11626117,0.44472055,4.28807054,-1.00000000,PASSIVE_BUY
1880,98.04200998,98.04048541,-0.08660313,0.02091835,-857.27224459,-1530.84458369,21111.43409810,23076.49439311,0.00046159,0.00047651,0.03013092,0.43683154,4.30514549,-2.00000000,PASSIVE_SELL
1881,98.06661718,98.06584019,-0.13435050,0.02027463,571.97565845,-1862.78331659,26055.97205355,30477.28606050,0.00045724,0.00047489,0.03122297,0.43683154,4.26606842,-3.00000000,PASSIVE_SELL
1882,97.99182677,97.98986288,-0.11492810,0.02052550,-388.22367716,-1692.51098533,23726.29714348,29615.03250130,0.00046548,0.00047561,-0.09939760,0.44194595,4.50070238,-4.00000000,PASSIVE_SELL
1883,98.02606202,98.02246733,-0.02040738,0.02034663,486.99861380,-1358.92957427,25570.26138014,22296.04866692,0.00046780,0.00047528,0.10902565,0.44194595,4.37393472,-5.00000000,PASSIVE_SELL
1884,98.03424548,98.02507007,-0.05878930,0.02043343,491.58669984,-1688.28668633,28236.07958981,28606.68747746,0.00046472,0.00047379,-0.02605179,0.44194595,4.34323414,-6.00000000,PASSIVE_SELL
1885,98.05560953,98.06161924,0.35719821,0.02029304,608.60489135,-1443.96196938,32800.42464279,15787.15335401,0.00046197,0.00047313,0.01318060,0.45656666,4.24370941,-5.00000000,PASSIVE_BUY
1886,98.06643810,98.06819525,-0.07518649,0.02079080,568.02516089,-1395.41073374,25361.07717112,30318.87391403,0.00046217,0.00047249,-0.01053549,0.46208541,4.24228073,-4.00000000,PASSIVE_BUY
1887,97.98558441,97.98709732,-0.04266547,0.02085408,-609.71120709,-1641.95283851,24531.54515805,29241.52215830,0.00047396,0.00047394,-0.09168225,0.46208541,4.33346654,-3.00000000,PASSIVE_BUY
1888,97.93551658,97.93112803,0.10309419,0.02015594,-370.90052802,-1309.40042208,28362.49353187,20265.25605823,0.00046821,0.00047452,0.03078586,0.46208541,4.49374800,-4.00000000,PASSIVE_SELL
1889,97.92124477,97.91325800,-0.25738050,0.02021968,-346.52983532,-2581.38531101,21447.22087471,30482.34892089,0.00046684,0.00047033,0.03579602,0.46972294,4.56094509,-5.00000000,PASSIVE_SELL
1890,97.79469981,97.79010064,-0.16171674,0.02023273,-433.85305589,-2509.53816560,24594.92317930,32837.83353447,0.00049428,0.00047503,-0.11227314,0.46972294,5.20378625,-6.00000000,PASSIVE_SELL
1891,97.79293295,97.78832535,-0.14177725,0.02062053,-557.57598996,-3191.68119998,23101.63134864,29663.18057572,0.00049298,0.00047478,0.12477810,0.47720275,5.22469768,-7.00000000,PASSIVE_SELL
1892,97.81989640,97.82646269,0.10504884,0.02042661,727.94028916,-2096.24212784,23483.24696333,23379.53123609,0.00049575,0.00047338,0.02873031,0.47720275,4.40956768,-6.00000000,PASSIVE_BUY
1893,97.83130522,97.82306528,-0.14684957,0.02001025,104.87544277,-1637.53012452,25003.25015945,30143.21492574,0.00048989,0.00047344,-0.01555464,0.47064430,4.35111990,-7.00000000,PASSIVE_SELL
1894,97.84726952,97.85007939,0.01009642,0.02071576,509.79333165,-232.92927459,24159.00184472,25128.58846972,0.00049026,0.00047352,0.00455549,0.47064430,4.38598986,-6.00000000,PASSIVE_BUY
1895,97.83774532,97.83572507,0.04598964,0.02045844,-639.94732433,-1801.20304440,25558.84736565,16386.55626156,0.00048772,0.00047045,-0.02548851,0.47962846,4.45336431,-7.00000000,PASSIVE_SELL
1896,97.84165583,97.84726307,-0.01325920,0.02051973,646.33987832,-288.40853112,29218.43055006,32246.33895129,0.00047597,0.00047049,0.01343472,0.47962846,4.39367403,-6.00000000,PASSIVE_BUY
1897,97.86558808,97.86368943,0.06493892,0.02050390,132.85071114,259.12428718,22136.34074986,17407.14497700,0.00047634,0.00046972,0.02002174,0.47962846,4.26033247,-7.00000000,PASSIVE_SELL
1898,97.85667363,97.85472957,0.04029975,0.02029166,-390.25402666,149.13853940,30185.52266753,27443.37245677,0.00046100,0.00046954,-0.03284670,0.47117949,4.33287946,-8.00000000,PASSIVE_SELL
1899,97.84438631,97.85385798,0.19728677,0.02075695,-220.54634001,214.17894547,27110.79628744,20548.31350824,0.00046092,0.00046401,-0.00337287,0.47117949,4.38995548,-7.00000000,PASSIVE_BUY
1900,97.89875263,97.90616024,0.07441434,0.02090326,247.21237122,1331.70390773,32932.60585410,34489.79262100,0.00046843,0.00046542,0.06665364,0.47117949,4.34560187,-6.00000000,PASSIVE_BUY
1901,97.97008760,97.96801175,0.03701633,0.02102849,196.40595326,662.10891775,30157.42780255,27005.84849783,0.00048012,0.00046614,0.01696865,0.47366602,3.92810628,-7.00000000,PASSIVE_SELL
1902,97.89067868,97.88326349,-0.12952635,0.02007661,-444.94194707,877.72901453,25283.94177528,31157.15410710,0.00048231,0.00046616,-0.15074389,0.47366602,4.49400703,-8.00000000,PASSIVE_SELL
1903,97.90592422,97.91367688,0.10161528,0.02056544,694.71993208,1241.71772634,27295.16693330,25433.05575294,0.00047919,0.00046637,0.09465446,0.47366602,4.34208171,-7.00000000,PASSIVE_BUY
1904,97.92786856,97.92492490,-0.20243216,0.02001928,282.71584490,897.05332188,21752.96875285,28766.55148849,0.00048007,0.00046668,0.00669880,0.48169087,4.19848096,-8.00000000,PASSIVE_SELL
1905,97.86479110,97.87036024,-0.00921372,0.02006252,-317.43181039,930.81902488,28450.47818230,30464.44200342,0.00048646,0.00046734,-0.08502180,0.48169087,4.39000317,-7.00000000,PASSIVE_BUY
1906,97.77359451,97.77395888,0.01334373,0.02016012,-781.36698937,-475.43745719,25668.22168812,26692.73679528,0.00050084,0.00046940,-0.02811913,0.49367070,4.49098702,-6.00000000,PASSIVE_BUY
1907,97.69694842,97.69925986,-0.11164750,0.02017757,-807.38168647,-1787.35227818,22110.10991456,31550.21230635,0.00050903,0.00047213,0.01455051,0.50370156,4.57767827,-5.00000000,PASSIVE_BUY
1908,97.67412623,97.67863063,0.15894240,0.02105109,-647.72365588,-2125.55937002,33572.92362726,26090.12955168,0.00049166,0.00047149,0.05382390,0.51557171,4.60927897,-4.00000000,PASSIVE_BUY
1909,97.77168789,97.77296285,-0.13152943,0.02006351,637.54511740,-1844.47893596,22044.89131391,28862.18039726,0.00050948,0.00047732,0.12038385,0.51641718,4.52323043,-3.00000000,PASSIVE_BUY
1910,97.71726651,97.71651368,0.07869492,0.02059764,-983.99504890,-2253.82806232,28899.05249522,20771.07696130,0.00051333,0.00047862,-0.15198304,0.51641718,4.69679339,-4.00000000,PASSIVE_SELL
1911,97.67530111,97.67437097,0.05055174,0.02004271,-631.17035528,-2324.47450607,28213.01860271,26322.01762863,0.00051541,0.00047934,0.01245598,0.52629825,4.87467635,-5.00000000,PASSIVE_SELL
1912,97.61008102,97.61130318,-0.22055584,0.02001175,-485.67722921,-2438.49323802,22806.81176424,34920.31891166,0.00052252,0.00048002,-0.02325468,0.54551008,4.65279829,-4.00000000,PASSIVE_BUY
1913,97.66195371,97.65727245,-0.10883366,0.02001808,432.80929272,-2359.09145271,25263.87988176,34761.90456024,0.00050144,0.00048061,0.11709277,0.54551008,4.45531657,-5.00000000,PASSIVE_SELL
1914,97.70720618,97.70552502,-0.17631867,0.02005395,646.10012376,-1439.27557706,19820.84121563,29221.04668631,0.00050400,0.00048177,-0.00662022,0.54643870,4.23908122,-6.00000000,PASSIVE_SELL
1915,97.66739821,97.66876856,-0.19530231,0.02025430,-511.95350856,-2240.35890048,22926.04522841,34237.22179927,0.00050623,0.00048197,-0.08506043,0.54643870,4.61649773,-5.00000000,PASSIVE_BUY
1916,97.68444679,97.67628110,-0.08317939,0.02004561,232.65474973,-2822.43162357,21672.65351480,23225.52201965,0.00050397,0.00048142,0.05685655,0.53306107,4.54127762,-6.00000000,PASSIVE_SELL
1917,97.76316633,97.75796705,-0.06078091,0.02040340,561.52899497,-1471.08909544,18626.51194333,22920.02663692,0.00051870,0.00048273,0.06167095,0.53306107,4.07916211,-7.00000000,PASSIVE_SELL
1918,97.77215345,97.77304832,-0.08795640,0.02098054,692.84126211,-191.21800311,24473.34245757,26987.08988887,0.00051607,0.00047794,-0.06973241,0.54696149,4.52169909,-6.00000000,PASSIVE_BUY
1919,97.74466077,97.74433946,-0.10196788,0.02010858,-843.40075161,-1966.44664162,24224.90357866,30942.98115316,0.00051497,0.00047134,-0.03647981,0.54466825,4.69670949,-7.00000000,PASSIVE_SELL
1920,97.66576162,97.67221098,0.06189311,0.02005698,-473.04863340,-2773.76916288,26652.35128539,27492.86526317,0.00051102,0.00047341,-0.05140647,0.54466825,4.62940723,-6.00000000,PASSIVE_BUY
1921,97.63073885,97.62827903,0.21155605,0.02057529,-838.24540806,-3125.73231863,32296.14432638,17668.30196533,0.00050537,0.00047385,0.04387639,0.54627218,4.84983146,-7.00000000,PASSIVE_SELL
1922,97.64941504,97.64327932,0.01996353,0.02015380,455.58342860,-1878.71471195,17801.51358660,18515.88888481,0.00050671,0.00047274,0.05369896,0.54627218,4.72917504,-8.00000000,PASSIVE_SELL
1923,97.67104218,97.67347130,0.18632700,0.02027614,411.54202537,-2155.73287717,29570.99938386,16861.25504071,0.00050746,0.00047248,0.00295095,0.54627218,4.61207223,-7.00000000,PASSIVE_BUY
1924,97.65474220,97.65164910,0.04254270,0.02005125,-545.22858949,-2132.44402732,26972.01293131,26721.35679860,0.00050762,0.00047252,-0.03792713,0.53074777,4.73619776,-8.00000000,PASSIVE_SELL
1925,97.57446477,97.58011294,0.17818984,0.02089601,-283.38310920,-3064.82859577,23521.23252301,17693.36656311,0.00051313,0.00047534,-0.06397744,0.53074777,4.70727299,-7.00000000,PASSIVE_BUY
1926,97.62487833,97.62056054,0.03921787,0.02064875,236.40987401,-2119.41771164,29804.47439836,24103.93092533,0.00051022,0.00047706,0.13069100,0.52252221,4.36470241,-8.00000000,PASSIVE_SELL
1927,97.61586530,97.61029876,-0.04695262,0.02091754,-360.79408982,-2985.13584636,24237.34743727,28985.30361643,0.00050800,0.00047701,-0.05942660,0.52252221,4.44726545,-9.00000000,PASSIVE_SELL
1928,97.62969721,97.62564836,-0.00109642,0.02010449,270.73349123,-3630.36292162,25552.58633470,23973.95860942,0.00049294,0.00047336,0.02284494,0.52252221,4.33283052,-10.00000000,PASSIVE_SELL
1929,97.61746140,97.62630261,-0.01707528,0.02030084,-72.78394651,-2995.54784956,26793.26732650,34978.07797748,0.00049133,0.00047333,-0.02606771,0.51136660,4.66668361,-9.00000000,PASSIVE_BUY
1930,97.63051260,97.62261099,0.12155265,0.02102680,77.41288569,-2060.86271927,19868.94663064,11097.94610933,0.00049230,0.00047323,0.02528700,0.51136660,4.55973627,-10.00000000,PASSIVE_SELL
1931,97.62361507,97.62078408,-0.10147082,0.02059525,-355.78644349,-2988.62482121,21503.16889321,25999.42910052,0.00048998,0.00047307,-0.01994873,0.49282167,4.63900922,-11.00000000,PASSIVE_SELL
1932,97.62254718,97.62791920,-0.10318005,0.02080509,-198.70729705,-2799.10844111,22960.06198440,27862.54553106,0.00048056,0.00046887,0.00582964,0.49282167,4.65466163,-10.00000000,PASSIVE_BUY
1933,97.64715201,97.65449947,0.15374900,0.02044568,461.31279600,-2824.79425891,25302.82576028,25009.90171971,0.00047903,0.00046934,0.02567272,0.49282167,4.64189698,-9.00000000,PASSIVE_BUY
1934,97.71117604,97.71129742,0.05642160,0.02001093,452.71320090,-2863.66775785,28143.55229772,27318.57933430,0.00048945,0.00047172,0.03941921,0.49005135,4.58961744,-8.00000000,PASSIVE_BUY
1935,97.68115487,97.67477951,-0.00958968,0.02015399,-820.53276063,-4292.80540983,31842.07822975,31761.15356264,0.00048888,0.00046842,-0.09404520,0.49005135,4.83986378,-9.00000000,PASSIVE_SELL
1936,97.72164800,97.71961851,-0.10690220,0.02072025,693.23846911,-4167.59210161,16866.59052123,24344.34595606,0.00049304,0.00046690,0.07051429,0.48960046,4.48578579,-10.00000000,PASSIVE_SELL
1937,97.74388169,97.74822411,0.09342746,0.02014368,667.45761632,-2890.42327819,22249.46405870,19146.54147973,0.00048275,0.00046732,-0.01825943,0.49872342,4.54846521,-9.00000000,PASSIVE_BUY
1938,97.75495153,97.75320457,-0.10053587,0.02059632,376.16984985,-2143.35290032,25458.57773076,30346.14336193,0.00047870,0.00046523,-0.01116384,0.49872342,4.45913476,-10.00000000,PASSIVE_SELL
1939,97.80547391,97.80009453,0.02849900,0.02016953,455.46808928,-1341.35497571,31115.48822539,25653.03416577,0.00048463,0.00046670,0.03945254,0.50550763,3.96399570,-11.00000000,PASSIVE_SELL
1940,97.83215915,97.82426137,0.02531680,0.02005664,330.75092025,-576.75099957,29924.89962563,28266.33169464,0.00045102,0.00046643,-0.02383714,0.50550763,3.68048640,-12.00000000,PASSIVE_SELL
1941,97.87611623,97.87654164,-0.06528510,0.02051607,750.99435995,731.81935035,25521.45575047,31147.18824250,0.00045521,0.00046595,0.01727184,0.50832879,4.41268889,-11.00000000,PASSIVE_BUY
1942,97.88660640,97.88795686,0.17080163,0.02109225,784.55327715,788.43233835,30886.32387534,22009.34930153,0.00045390,0.00046579,-0.03346690,0.50832879,4.40986394,-10.00000000,PASSIVE_BUY
1943,97.93701928,97.93533462,-0.14325259,0.02063644,656.25618675,1339.81308233,26403.34559593,40869.58351545,0.00045910,0.00046739,0.03992271,0.52748045,3.91605332,-11.00000000,PASSIVE_SELL
1944,97.92109234,97.92862709,0.14110539,0.02053946,-340.32212827,489.69762241,30812.90931738,24990.95387335,0.00045936,0.00046727,-0.06633983,0.52748045,4.38434530,-10.00000000,PASSIVE_BUY
1945,97.83910473,97.83327654,0.12414393,0.02005943,-485.68019104,643.96475570,32457.86292726,21359.81896700,0.00047443,0.00047057,-0.06606067,0.51945808,5.21425114,-11.00000000,PASSIVE_SELL
1946,97.78135046,97.77867713,-0.05313072,0.02006399,-370.00411949,-372.37924211,27509.02161189,31327.65087321,0.00048153,0.00046659,0.02423335,0.51945808,5.85958006,-12.00000000,PASSIVE_SELL
1947,97.72661594,97.73525125,0.20705630,0.02024374,-192.34466373,-697.57461699,31136.85138359,23445.41029661,0.00048610,0.00046717,0.00301975,0.51462620,4.55493655,-11.00000000,PASSIVE_BUY
1948,97.76975035,97.76820166,-0.03098954,0.02015682,361.74466055,54.42407022,25133.22339211,26475.61105614,0.00049042,0.00046838,0.09786892,0.51462620,4.09053647,-12.00000000,PASSIVE_SELL
1949,97.74741340,97.74780297,-0.19938170,0.02008997,-421.81079613,-146.84038591,13882.62335399,26489.24535431,0.00049108,0.00046852,-0.06547136,0.52017837,4.54018583,-11.00000000,PASSIVE_BUY
1950,97.68189290,97.68917959,-0.02642597,0.02014824,-162.49837858,-556.55113571,24801.26571827,28975.94970528,0.00049235,0.00047029,-0.04318356,0.52017837,4.61548912,-10.00000000,PASSIVE_BUY
1951,97.68967757,97.68647284,-0.18195504,0.02068038,175.70959752,-577.24749144,19215.30154445,25058.91182624,0.00048021,0.00047038,0.07330517,0.52017837,4.54798265,-11.00000000,PASSIVE_SELL
1952,97.62900473,97.62732599,0.08689675,0.02030048,-549.16150439,-681.46704876,29779.56170270,24767.84576672,0.00047497,0.00047117,-0.06845750,0.53011710,5.22553411,-12.00000000,PASSIVE_SELL
1953,97.67049750,97.66721847,-0.28595647,0.02017814,609.46068311,-766.72629773,19270.57150522,34117.42205742,0.00047882,0.00047209,0.10216561,0.52975674,4.73770992,-13.00000000,PASSIVE_SELL
1954,97.64410294,97.64048631,-0.15280830,0.02034893,-577.82480052,-1627.26694315,28502.92241141,34934.37502891,0.00047820,0.00047232,-0.06788733,0.52975674,5.09101367,-14.00000000,PASSIVE_SELL
1955,97.52733232,97.52214993,-0.04095591,0.02026478,-475.39692475,-1785.23205751,23981.70761205,23902.67790777,0.00049760,0.00047789,-0.09037606,0.52920079,6.73593477,-15.00000000,PASSIVE_SELL
1956,97.58207353,97.58324302,-0.09605765,0.02034962,416.45361605,-587.41145209,16128.03634916,24164.16847105,0.00048965,0.00047921,0.17151183,0.52920079,4.66386351,-14.00000000,PASSIVE_BUY
1957,97.52327465,97.51940864,-0.18532872,0.02064937,-439.88091707,-219.91068269,14800.31678279,27889.75940949,0.00048476,0.00048072,-0.11354009,0.52920079,5.49737253,-15.00000000,PASSIVE_SELL
1958,97.49312626,97.48654652,-0.26284969,0.02059621,-634.18367858,-206.37070539,18275.21055853,29277.00006698,0.00048549,0.00048022,0.02865049,0.54124243,5.95989650,-16.00000000,PASSIVE_SELL
1959,97.38714999,97.39588836,0.09815046,0.02101607,-133.29150280,-977.20732558,26894.46593475,22065.29793201,0.00048434,0.00048560,-0.07582787,0.54124243,4.83727374,-15.00000000,PASSIVE_BUY
1960,97.32449435,97.32522783,0.06322472,0.02044782,-409.91331761,-403.12559429,31072.94738039,26155.71981575,0.00048621,0.00048274,0.04332062,0.54040219,4.91413100,-14.00000000,PASSIVE_BUY
1961,97.31830255,97.31424832,0.13658330,0.02006174,-582.00927329,-353.96451230,24818.10470034,17866.59214840,0.00048364,0.00048139,0.05646384,0.54040219,5.01084707,-15.00000000,PASSIVE_SELL
1962,97.21082767,97.21066225,-0.04124929,0.02035694,-653.13327272,-521.42055580,20629.41433985,24476.30074560,0.00049805,0.00048700,-0.10128309,0.54719152,6.63314883,-16.00000000,PASSIVE_SELL
1963,97.24777195,97.24912103,0.04170571,0.02085082,978.39274520,24.16289667,25255.74794764,25302.69124522,0.00049476,0.00048799,0.14441917,0.54777774,4.97285846,-15.00000000,PASSIVE_BUY
1964,97.30592443,97.30339797,-0.02786035,0.02065839,673.74574033,51.80851324,22049.48995043,25064.92192873,0.00049809,0.00048957,0.02120820,0.55937112,4.11090039,-16.00000000,PASSIVE_SELL
1965,97.14743506,97.15193426,0.11176376,0.02025066,-450.32919013,113.43283168,35464.65182797,29100.40825862,0.00054157,0.00050189,-0.21664186,0.55937112,5.08232811,-15.00000000,PASSIVE_BUY
1966,97.08860066,97.08037718,0.08723377,0.02013452,-867.38168835,-986.60360640,35054.31697351,24823.17032551,0.00054447,0.00050314,0.09965497,0.57411872,5.97491138,-16.00000000,PASSIVE_SELL
1967,97.11400197,97.11262898,-0.03590403,0.02087656,742.87361644,-805.25898493,19647.02894473,20458.79789900,0.00053109,0.00049980,0.08423571,0.57411872,5.57892868,-17.00000000,PASSIVE_SELL
1968,97.20228794,97.19950322,-0.21363123,0.02020205,563.81649694,-934.28375010,19277.33289916,30698.10162205,0.00054999,0.00050375,0.06288466,0.58763020,4.08816822,-18.00000000,PASSIVE_SELL
1969,97.24833742,97.24433824,-0.17931286,0.02035437,445.25296959,354.36997110,19820.81940062,26871.30117510,0.00055561,0.00050511,-0.04223649,0.58763020,3.26945477,-19.00000000,PASSIVE_SELL
1970,97.23462680,97.23880915,-0.19789227,0.02027752,-188.48823595,638.93036855,14435.47078693,24351.21991121,0.00054643,0.00050463,-0.05976010,0.58422815,4.97215169,-18.00000000,PASSIVE_BUY
1971,97.23686520,97.23805414,0.03155102,0.02062651,263.08049171,1740.25626831,26440.63507961,27914.45457871,0.00054527,0.00050461,0.01594903,0.58422815,4.97726015,-17.00000000,PASSIVE_BUY
1972,97.30979166,97.31234095,-0.07782332,0.02028995,646.31953590,1930.99237560,24761.75667947,32883.71183025,0.00055634,0.00050779,0.07068806,0.59986061,4.91717117,-16.00000000,PASSIVE_BUY
1973,97.37767828,97.37783387,-0.09913743,0.02080224,644.17906936,2163.62941958,24019.41656693,29113.08783638,0.00056524,0.00050930,-0.00503984,0.59986061,4.85584352,-15.00000000,PASSIVE_BUY
1974,97.45211138,97.45431356,0.18246924,0.02029749,609.14848298,3318.00649205,35496.64117255,21899.39339098,0.00057663,0.00050890,0.00654647,0.60664028,3.73934709,0.00000000,ABORT
1975,97.47766048,97.47421761,0.05960580,0.02015130,398.32992928,3999.71953053,27892.67227791,24150.00851242,0.00056717,0.00050817,-0.04888399,0.62440015,3.73934709,0.00000000,ABORT
1976,97.44698140,97.44286746,-0.16017500,0.02003969,-491.44233125,3271.86732527,19933.59899677,28427.15070039,0.00056338,0.00050851,-0.05622819,0.62440015,3.73934709,0.00000000,ABORT
1977,97.46834270,97.47002039,-0.12583787,0.02038624,761.40227996,4394.06369505,23867.86652897,33679.02034552,0.00056445,0.00050836,0.05204039,0.63211212,3.73934709,0.00000000,ABORT
1978,97.46289059,97.47270847,0.20978986,0.02077875,-511.80760426,3611.52259957,25687.92813197,21533.97865864,0.00056392,0.00050782,-0.02681342,0.63211212,3.73934709,0.00000000,ABORT
1979,97.51361306,97.51190226,-0.06108537,0.02162580,126.62588655,3810.93243262,25882.88286429,23687.77781953,0.00056906,0.00050695,0.05617458,0.62287354,3.73934709,0.00000000,ABORT
1980,97.52479442,97.52734017,0.20791221,0.02020137,520.59814977,4254.11769670,34799.23827147,20116.92691151,0.00056896,0.00050399,-0.03954111,0.62287354,3.73934709,0.00000000,ABORT
1981,97.52320943,97.52260070,-0.04916659,0.02044230,-530.83259232,4079.07154787,16180.20546703,20455.22859354,0.00056892,0.00050195,-0.01276635,0.62287354,3.73934709,0.00000000,ABORT
1982,97.42416595,97.42392709,0.05819468,0.02009982,-598.59908901,3679.17975591,30957.06080261,26090.68482923,0.00058573,0.00050658,-0.09745849,0.62326848,3.73934709,0.00000000,ABORT
1983,97.39564740,97.39514633,-0.09978549,0.02090250,-890.43957855,2327.42738136,30782.97108450,38221.47272838,0.00058525,0.00050685,0.07052493,0.61727917,3.73934709,0.00000000,ABORT
1984,97.42183738,97.42110252,-0.02948679,0.02014206,861.31884585,2736.03302631,26958.03336222,29614.58783712,0.00057837,0.00050688,0.05470853,0.60261994,3.73934709,0.00000000,ABORT
1985,97.36940962,97.36842401,0.07745389,0.02035519,-818.48158633,2738.08420061,29760.70586540,22141.37802100,0.00058125,0.00050724,-0.07861774,0.60083242,3.74952468,-1.00000000,PASSIVE_SELL
1986,97.32842498,97.32040598,-0.10469042,0.02037610,-667.63608568,1377.20964582,19313.92790894,22450.56376959,0.00057926,0.00050410,0.01144312,0.60083242,3.80069737,-2.00000000,PASSIVE_SELL
1987,97.28517900,97.28170893,-0.06000311,0.02015363,-536.08378545,173.66824404,26404.10227638,30179.38513157,0.00057975,0.00050483,-0.00226133,0.59953152,3.89726614,-3.00000000,PASSIVE_SELL
1988,97.23096596,97.22634220,-0.02841597,0.02002693,-500.19880986,-702.70041567,21914.30369972,23984.56648738,0.00058255,0.00050562,-0.01096707,0.59953152,4.06991873,-4.00000000,PASSIVE_SELL
1989,97.25456799,97.24927904,-0.05900852,0.02048902,401.30753526,-756.86096969,26781.74124256,25599.03257541,0.00057793,0.00050337,0.07781507,0.59063716,3.98575512,-5.00000000,PASSIVE_SELL
1990,97.20687782,97.21653656,0.07296461,0.02061037,-157.50209911,-1245.11398905,24362.06233242,21388.77064055,0.00057761,0.00050430,-0.07129220,0.59063716,3.80540331,-4.00000000,PASSIVE_BUY
1991,97.19194171,97.19944966,0.19674018,0.02038291,-455.36716827,-2451.47551728,30988.00019239,22823.46227096,0.00057170,0.00050419,0.03275406,0.59387066,3.83087207,-3.00000000,PASSIVE_BUY
1992,97.17654681,97.17835049,-0.05497224,0.02010153,-320.93231390,-3556.96110833,24919.15689286,29102.01590305,0.00057061,0.00050219,-0.00045879,0.59387066,3.85659911,-2.00000000,PASSIVE_BUY
1993,97.09204627,97.09966439,-0.05536707,0.02029668,-193.16189793,-4406.37919301,23911.80246755,31249.31631833,0.00057148,0.00050537,-0.06910564,0.59387066,3.95115042,-1.00000000,PASSIVE_BUY
1994,97.11265858,97.11316055,-0.01326362,0.02072091,285.60133394,-3780.45573080,23938.33038039,27572.56216055,0.00057403,0.00050549,0.10511285,0.59387066,3.94089857,0.00000000,PASSIVE_BUY
1995,97.06287062,97.06857757,-0.03398385,0.02107533,-353.85071836,-3648.62625813,25723.78902494,30825.28665919,0.00056820,0.00050538,-0.07040027,0.59483435,3.95143623,1.00000000,PASSIVE_BUY
1996,97.12805389,97.12593438,-0.09150480,0.02005365,154.28470060,-3124.33743803,24377.41736141,29381.09932662,0.00057645,0.00050796,0.11497123,0.59483435,4.02664634,0.00000000,PASSIVE_SELL
1997,97.16178591,97.16443454,0.08498075,0.02021694,587.65580595,-2344.33696835,33736.00409314,29560.49580624,0.00057703,0.00050877,-0.03145126,0.60325620,4.02664634,0.00000000,ABORT
1998,97.29061289,97.28778182,0.02327775,0.02070610,528.89595155,-2177.18567735,30442.33275261,28246.98205912,0.00060661,0.00051699,0.09509497,0.60325620,4.02664634,0.00000000,ABORT
1999,97.27847908,97.27696039,-0.15921270,0.02049453,-687.73866426,-2443.11354548,20426.27179498,29245.80499392,0.00060634,0.00051672,-0.14096079,0.59375591,4.03689360,-1.00000000,PASSIVE_SELL
2000,97.33171966,97.33931000,-0.15977233,0.02000047,931.59867595,-1349.01649095,17367.29410074,27980.61173059,0.00060723,0.00051816,0.06537439,0.59121196,3.99365325,0.00000000,PASSIVE_BUY
2001,97.30341375,97.30290163,0.18469251,0.02038185,-806.04714143,-2330.77322990,30215.55010207,19500.20866514,0.00060760,0.00051824,-0.08154649,0.59121196,4.00384418,-1.00000000,PASSIVE_SELL
2002,97.28347146,97.28907799,-0.18850181,0.02030725,-412.36269026,-2193.97441577,19040.75468320,35377.89851885,0.00060295,0.00051829,0.00836361,0.59004431,4.03394010,0.00000000,PASSIVE_BUY
2003,97.25829768,97.25336164,-0.06966229,0.02111531,-738.80399279,-3542.23909167,24417.20716195,30153.35349981,0.00059929,0.00051826,-0.00523149,0.59004431,4.04449775,-1.00000000,PASSIVE_SELL
2004,97.18629356,97.19339753,0.10737185,0.02001843,-174.57354283,-3138.98783399,29563.14737767,27376.65102271,0.00060579,0.00051982,-0.04683034,0.59055641,4.12651108,0.00000000,PASSIVE_BUY
2005,97.24753762,97.23998138,-0.03692376,0.02034412,144.04584675,-2519.54506248,23654.95507591,20589.95797936,0.00059314,0.00052208,0.13324818,0.59055641,4.13668314,-1.00000000,PASSIVE_SELL
2006,97.27668754,97.27632730,0.18088207,0.02032702,919.49307625,-2016.50560229,27642.39850691,17284.10696967,0.00058880,0.00052260,-0.03209414,0.59001456,4.11769673,-2.00000000,PASSIVE_SELL
2007,97.15760895,97.16159748,0.21391855,0.02031569,-476.26206254,-2052.88674775,25446.89147056,16187.83833629,0.00060639,0.00052489,-0.14822851,0.59001456,4.24118249,-1.00000000,PASSIVE_BUY
2008,97.18819904,97.19404161,0.02360955,0.02071021,539.25652420,-879.44654497,22637.52517208,26702.22388570,0.00060786,0.00052500,0.14966868,0.58364173,4.22094751,0.00000000,PASSIVE_BUY
2009,97.26201831,97.27048681,0.06164444,0.02046555,579.29497201,-166.86007016,26103.71979838,27814.34507667,0.00060053,0.00052430,0.04322918,0.58010369,4.23118029,1.00000000,PASSIVE_BUY
2010,97.30184148,97.29880217,-0.09085762,0.02053442,307.12167391,550.17492135,15065.09342856,16374.37988439,0.00059694,0.00052518,-0.03399611,0.58010369,4.28127066,0.00000000,PASSIVE_SELL
2011,97.29953840,97.30020260,0.05010457,0.02031083,-703.10131618,429.08287846,27423.68002650,26061.12051273,0.00059689,0.00052448,-0.04212624,0.56359831,4.29142607,1.00000000,PASSIVE_BUY
2012,97.29325185,97.29191740,0.01331570,0.02090818,-969.68283774,112.53331344,22253.94273918,21097.97232629,0.00057591,0.00052306,-0.00398347,0.56946900,4.29559361,0.00000000,PASSIVE_SELL
2013,97.25826212,97.26694315,0.08543062,0.02154354,-409.53511010,-1275.39454185,29260.52079422,26804.74293750,0.00057589,0.00052174,-0.02870318,0.56730505,4.30636538,1.00000000,PASSIVE_BUY
2014,97.28500787,97.29227364,0.14168960,0.02005729,342.94266776,-1606.19761442,25310.17787660,19385.44542437,0.00057097,0.00051931,0.06173548,0.56730505,4.34313978,2.00000000,PASSIVE_BUY
2015,97.33439242,97.33753265,0.02613864,0.02052296,212.28260055,-943.58582374,24208.35677380,19703.35048925,0.00052588,0.00052035,0.02263880,0.56730505,4.45217037,3.00000000,PASSIVE_BUY
2016,97.26503092,97.27285253,0.20377660,0.02094075,-217.68915435,-293.89328974,22336.89422760,15195.68047134,0.00052871,0.00051863,-0.11874606,0.56268816,4.25455623,4.00000000,PASSIVE_BUY
2017,97.33015602,97.33804769,-0.06743257,0.02077308,182.27663446,-854.49027172,26348.81639551,29809.91537961,0.00053522,0.00051943,0.13448661,0.56268816,4.52544318,5.00000000,PASSIVE_BUY
2018,97.35153888,97.35313226,-0.15982462,0.02006286,419.39138676,-998.91538190,23477.18780903,33552.98188851,0.00052149,0.00051974,-0.04374224,0.56268816,4.64238892,6.00000000,PASSIVE_BUY
2019,97.31317053,97.30917073,-0.09378968,0.02028883,-656.21595830,-2100.38430980,21420.97267773,21727.63186642,0.00052090,0.00052024,-0.05975121,0.55184781,4.27444681,5.00000000,PASSIVE_SELL
2020,97.30395004,97.31163531,-0.08226017,0.02006077,-123.25358742,-2035.14966127,27562.40329532,35077.27039549,0.00052067,0.00051862,0.02914786,0.55184781,4.23837475,6.00000000,PASSIVE_BUY
2021,97.43583601,97.43260949,0.01489296,0.02001204,219.27334613,-2078.95680684,29874.29821920,27739.03950061,0.00055345,0.00052399,0.14110646,0.55184781,4.40256509,5.00000000,PASSIVE_SELL
2022,97.40772209,97.40513590,-0.05198456,0.02042299,-703.63824445,-3428.91458719,21894.63805653,28839.99353561,0.00054589,0.00052307,-0.15999988,0.55019978,4.38384077,4.00000000,PASSIVE_SELL
2023,97.43708783,97.44026536,-0.14754531,0.02033585,644.85358940,-3428.24006715,24893.37039971,35742.05647035,0.00053884,0.00052303,0.05747965,0.55019978,4.51147164,5.00000000,PASSIVE_BUY
2024,97.47103671,97.47972814,0.13573214,0.02003575,511.94377289,-3525.44477723,24577.35129568,25828.46212986,0.00053031,0.00052375,0.00458314,0.55835040,4.69123391,6.00000000,PASSIVE_BUY
2025,97.46781331,97.45949843,-0.11999729,0.02042360,-903.94384415,-4827.71855066,24953.88115430,25402.07306624,0.00052904,0.00052331,-0.03717228,0.55835040,4.42504068,5.00000000,PASSIVE_SELL
2026,97.48640754,97.48166372,0.10515500,0.02008661,617.54103305,-3718.73518637,28590.58486725,20857.54342498,0.00052780,0.00052215,0.02181763,0.55499488,4.45435220,4.00000000,PASSIVE_SELL
2027,97.52721466,97.52622461,0.01693498,0.02003681,635.15425260,-3844.98321373,31661.62045049,25291.09646788,0.00053013,0.00052187,0.02221289,0.56621312,4.50525243,3.00000000,PASSIVE_SELL
2028,97.57889143,97.57402235,-0.46374834,0.02092672,414.44889961,-2918.72670985,12880.22283025,39278.03026944,0.00053494,0.00052296,0.01086964,0.56621312,4.56650264,2.00000000,PASSIVE_SELL
2029,97.61679463,97.61720559,-0.20560869,0.02066525,762.44320261,-2282.90939379,12235.18447932,26331.66599911,0.00053281,0.00052374,-0.01377356,0.57031238,4.65264167,3.00000000,PASSIVE_BUY
2030,97.64356458,97.63607949,0.16672947,0.02008077,406.09541889,-2397.41212467,24735.69315756,14491.15229764,0.00053383,0.00051739,-0.01113326,0.57031238,4.62589635,2.00000000,PASSIVE_SELL
2031,97.66845643,97.66942797,0.02848492,0.02044760,857.77044431,-1008.80908803,24670.19612800,25694.60217371,0.00053477,0.00051649,-0.00187810,0.58485749,4.68590385,3.00000000,PASSIVE_BUY
2032,97.61951775,97.62074345,-0.20463071,0.02033249,-576.21129972,-986.42129874,19465.24872834,28713.62425813,0.00051926,0.00051692,-0.07383053,0.58485749,4.54925406,4.00000000,PASSIVE_BUY
2033,97.65450037,97.65608414,-0.25364485,0.02039560,243.75418783,147.77246763,16998.10302232,29719.43945063,0.00051892,0.00051743,0.08392130,0.57821417,4.69938237,5.00000000,PASSIVE_BUY
2034,97.67162779,97.67602284,0.17638178,0.02097301,536.49128713,-177.05509108,33843.83466292,27451.39028925,0.00051830,0.00051697,-0.01785521,0.57821417,4.79550593,6.00000000,PASSIVE_BUY
2035,97.71687154,97.71424376,-0.12271770,0.02101001,286.80886818,928.23536343,20937.02353014,28539.71948000,0.00051447,0.00051730,0.02811634,0.57821417,4.67412234,5.00000000,PASSIVE_SELL
2036,97.70034195,97.70112734,0.07593976,0.02009697,-407.04842254,1188.82302656,28826.78683970,25603.01579605,0.00051085,0.00051732,-0.06177335,0.56107190,4.60152285,6.00000000,PASSIVE_BUY
2037,97.65565768,97.65539381,-0.01091549,0.02012999,-769.28567244,955.62113958,25213.20118217,26257.50535205,0.00051112,0.00051816,-0.02815468,0.55070354,4.62084902,5.00000000,PASSIVE_SELL
2038,97.70076900,97.70073473,0.18919834,0.02004141,495.61820230,1951.43815174,33579.62127687,18749.84345008,0.00050574,0.00051684,0.08979559,0.55070354,4.84640563,5.00000000,HOLD
2039,97.70824663,97.70956249,-0.05626173,0.02029921,191.80135594,1741.93197242,23658.61690805,28180.00912437,0.00050532,0.00051669,-0.03763369,0.55070354,4.89394338,6.00000000,PASSIVE_BUY
2040,97.70573983,97.70490460,0.02098208,0.02044797,-498.03841130,1401.39566023,25366.47773720,22161.32260430,0.00049873,0.00051594,-0.00998443,0.53841273,4.66489948,5.00000000,PASSIVE_SELL
2041,97.70863538,97.70932279,0.12058430,0.02021818,729.33536398,2586.09819248,23142.88279111,19176.38912577,0.00049751,0.00051578,0.00540235,0.54423080,4.68948634,6.00000000,PASSIVE_BUY
2042,97.64935918,97.65117575,0.07509608,0.02006640,-663.77262662,2243.25787976,23284.68120658,21319.49053792,0.00050616,0.00051737,-0.06217176,0.54423080,4.34386233,7.00000000,PASSIVE_BUY
2043,97.61390645,97.61389563,-0.16618311,0.02041884,-973.35378248,1463.06599521,24944.86853142,36494.43666634,0.00049156,0.00051589,0.02382347,0.54768695,4.09569319,7.00000000,HOLD
2044,97.61788189,97.61401519,0.17843941,0.02010437,615.17977356,1792.64443483,35169.08822257,21558.09615990,0.00049141,0.00051559,0.03942818,0.54378982,4.58111590,6.00000000,PASSIVE_SELL
2045,97.62150532,97.62242270,0.09670849,0.02068881,727.99364494,2874.48879813,32974.93707803,26240.97223754,0.00048358,0.00051517,-0.00035203,0.54466690,4.61320084,7.00000000,PASSIVE_BUY
2046,97.61751893,97.61206733,-0.08998509,0.02047823,-774.72555364,1945.47854389,19100.33444255,20562.85416308,0.00047742,0.00051198,-0.00760981,0.54466690,4.58221445,6.00000000,PASSIVE_SELL
2047,97.61700483,97.62290575,0.12744091,0.02001934,-174.39311092,1183.42962703,30828.53415890,23474.80376394,0.00047633,0.00051149,0.00347228,0.54466690,4.58913950,7.00000000,PASSIVE_BUY
2048,97.58350619,97.57836070,-0.02635639,0.02015894,-640.60668341,13.92699207,25786.93213955,24556.57961314,0.00044638,0.00050824,-0.03298454,0.55870888,4.55196606,6.00000000,PASSIVE_SELL
2049,97.51255045,97.51604648,-0.02026463,0.02052011,-307.42185244,394.24380388,19724.14970703,22465.84979911,0.00045917,0.00051059,-0.03745710,0.55870888,4.13649169,7.00000000,PASSIVE_BUY
2050,97.53212371,97.53206730,0.02291648,0.02006711,679.80285556,142.44798349,23294.24820745,20652.45900919,0.00045417,0.00051083,0.09052900,0.54210116,4.27350450,7.00000000,HOLD
2051,97.55819180,97.55910769,0.00796189,0.02054332,974.99171750,1923.48684242,28840.82377053,29449.25048547,0.00045273,0.00051120,0.00649484,0.53903525,4.46625282,8.00000000,PASSIVE_BUY
2052,97.55637131,97.54766625,0.04240524,0.02109514,-876.40969179,1459.43984088,29478.93952806,19685.77378267,0.00045136,0.00050867,-0.02788859,0.52217599,4.52906321,7.00000000,PASSIVE_SELL
2053,97.65784449,97.65986379,0.20340989,0.02044540,573.94458727,2772.18842095,23182.80848993,16400.12946327,0.00046949,0.00051328,0.10329367,0.52217599,5.24959814,8.00000000,PASSIVE_BUY
2054,97.74983541,97.74528969,-0.15285553,0.02065189,274.51135093,3221.27331471,17338.30744117,23210.60628527,0.00046961,0.00051765,-0.00948226,0.51692064,4.71376921,7.00000000,PASSIVE_SELL
2055,97.82997433,97.83310662,0.04384828,0.02138738,717.95518587,3795.18265384,30203.45379515,26559.50528955,0.00047448,0.00052058,-0.01185200,0.51692064,5.28543532,8.00000000,PASSIVE_BUY
2056,97.83533428,97.83800948,-0.16177175,0.02041245,404.23487326,3279.92445084,22615.33415665,32911.50281204,0.00047386,0.00052026,-0.07477897,0.53110448,5.33852115,9.00000000,PASSIVE_BUY
2057,97.86993748,97.86468128,-0.12736593,0.02037662,289.45064177,4045.63715515,17434.88439323,22950.73541588,0.00043452,0.00052053,0.02924325,0.53110448,4.81072142,8.00000000,PASSIVE_SELL
2058,97.76602565,97.76481119,0.12174294,0.02069271,-541.73160958,2964.64902137,29614.78007481,19813.04535903,0.00046549,0.00052103,-0.13851503,0.51730518,4.71604963,7.00000000,PASSIVE_SELL
2059,97.82330954,97.81900024,-0.25653995,0.02028126,481.76297701,2867.11702637,20452.01370418,34492.11883351,0.00046133,0.00052189,0.16119573,0.51730518,4.78470852,6.00000000,PASSIVE_SELL
2060,97.79703094,97.79837936,-0.07324042,0.02015112,-291.85152376,2268.14382871,24604.91934826,30114.24610933,0.00046245,0.00052182,-0.08356250,0.50504764,4.63711247,7.00000000,PASSIVE_BUY
2061,97.79176575,97.79961911,-0.09421353,0.02000888,-317.34328504,2653.90185985,23132.83005007,35134.39339017,0.00046263,0.00052157,0.02101341,0.50504764,4.61026056,8.00000000,PASSIVE_BUY
2062,97.76131735,97.75756689,-0.12802974,0.02082388,-951.08291099,2672.50178660,23886.62553458,26994.61986527,0.00046568,0.00052199,-0.02518320,0.50980862,4.72322079,7.00000000,PASSIVE_SELL
2063,97.88913133,97.89443014,0.11253307,0.02042671,865.80891048,3947.84580718,22921.35953121,20302.60057421,0.00049082,0.00052407,0.15826237,0.50980862,5.62813199,8.00000000,PASSIVE_BUY
2064,98.00145685,98.01064512,0.47742654,0.02043135,352.67792781,3957.58106723,33088.90337808,13968.30519635,0.00051076,0.00052936,-0.01548846,0.50742259,6.53695183,9.00000000,PASSIVE_BUY
2065,98.10452844,98.10520618,0.04126895,0.02027460,430.66134310,4175.95980978,21833.30630986,21905.65596891,0.00052394,0.00053453,-0.00925393,0.50742259,7.47473342,10.00000000,PASSIVE_BUY
2066,98.19728293,98.19676517,0.01724787,0.02006655,655.68632486,5049.33528899,26779.84027865,22868.48519625,0.00052025,0.00053809,-0.01031710,0.50708077,5.07645556,9.00000000,PASSIVE_SELL
2067,98.18433502,98.17918622,-0.02756696,0.02090730,-706.66900311,4160.38965142,28380.72835595,28116.53032684,0.00051760,0.00053818,-0.10570240,0.48879462,5.07059832,8.00000000,PASSIVE_SELL
2068,98.08398629,98.09308250,0.13352896,0.02005379,-161.20465327,3579.79361139,22297.22540358,17202.10622020,0.00054399,0.00054213,-0.08740082,0.48879462,4.27783537,9.00000000,PASSIVE_BUY
2069,98.10933683,98.11272829,0.09996445,0.02056412,457.58571695,4693.59528663,29061.14824121,26527.23902547,0.00053858,0.00054208,0.12569927,0.47299525,4.51627230,10.00000000,PASSIVE_BUY
2070,98.03048081,98.03261766,0.06108690,0.02012340,-593.57801399,4223.27086007,27362.32651440,23137.33055656,0.00055429,0.00054218,-0.10420656,0.47299525,3.73777383,11.00000000,PASSIVE_BUY
2071,97.99136460,97.99203601,0.15291497,0.02019079,-642.37354712,3361.62396681,26993.89086255,21131.39959570,0.00053192,0.00054075,0.03973980,0.48268012,3.31759086,12.00000000,PASSIVE_BUY
2072,98.00188330,97.99858298,0.08310954,0.02069014,498.68807705,4563.95028831,31011.30339543,26007.70244283,0.00052881,0.00054071,0.04963492,0.48268012,4.90824244,11.00000000,PASSIVE_SELL
2073,98.04936692,98.04742754,-0.07459175,0.02001051,399.88196598,4318.97866490,27969.08968808,35338.86186602,0.00053067,0.00054169,0.03696493,0.48803104,4.96912951,10.00000000,PASSIVE_SELL
2074,98.07755868,98.07257280,-0.07112146,0.02088886,439.04008050,4246.07497251,26083.80502639,29691.12496372,0.00053023,0.00054202,-0.01929187,0.48803104,5.00381309,9.00000000,PASSIVE_SELL
2075,97.97415935,97.97246424,0.05828058,0.02023798,-602.74132590,4547.27749076,33826.27384908,28476.39520593,0.00055500,0.00054630,-0.13159109,0.48500683,4.91313627,8.00000000,PASSIVE_SELL
2076,97.89798709,97.89748361,-0.09515524,0.02055514,-594.53500212,3335.20145559,25797.85837589,31303.51882518,0.00056836,0.00054613,0.02722708,0.48500683,4.84613154,7.00000000,PASSIVE_SELL
2077,97.79266391,97.79233366,-0.03342273,0.02062528,-454.76074856,2245.28645442,16545.55494285,16546.24371372,0.00058894,0.00055101,-0.02915092,0.48564636,4.75091058,6.00000000,PASSIVE_SELL
2078,97.75712051,97.75672768,0.06459713,0.02009460,-584.99989899,1245.83765581,28943.38201825,24153.00633853,0.00058780,0.00054847,0.06977977,0.49836279,4.72674117,5.00000000,PASSIVE_SELL
2079,97.73172051,97.73151181,-0.03351216,0.02067677,-788.34351556,-304.94906235,24452.06035292,30012.61660717,0.00058704,0.00054816,0.01014341,0.49836279,4.71051521,4.00000000,PASSIVE_SELL
2080,97.74130181,97.74280212,-0.01736455,0.02021998,746.34015676,35.29567551,27759.76939170,32155.75205728,0.00058605,0.00054820,0.03498129,0.49483632,4.75895038,5.00000000,PASSIVE_BUY
2081,97.72583074,97.72500707,-0.00162051,0.02069229,-768.92712258,-1591.40189139,32184.40980638,32390.99025910,0.00058560,0.00054797,-0.02505237,0.49181533,4.70677557,4.00000000,PASSIVE_SELL
2082,97.84206645,97.84447864,0.07259172,0.02041389,774.22285796,-240.96773371,28170.99500164,24916.85181924,0.00060351,0.00055197,0.13170679,0.49181533,5.18192536,5.00000000,PASSIVE_BUY
2083,97.84384722,97.83996504,-0.03599349,0.02098397,332.37347275,-152.34844878,26830.90626606,23340.99789460,0.00060186,0.00055139,-0.11445494,0.50007068,4.80521801,4.00000000,PASSIVE_SELL
2084,97.84312520,97.84530727,-0.03423061,0.02034080,-435.05996559,-1123.89970150,16658.59817526,22173.76471672,0.00060158,0.00055135,-0.00250279,0.49706936,4.81250033,5.00000000,PASSIVE_BUY
2085,97.90909062,97.90408332,-0.11117821,0.02005747,407.35864541,-1003.34992427,22123.36007323,25089.16876344,0.00060529,0.00055323,0.06668744,0.49706936,4.87612804,4.00000000,PASSIVE_SELL
2086,97.97268409,97.97313858,0.07159836,0.02121395,761.74533107,165.44382935,26354.70082970,20798.87489875,0.00061047,0.00055511,-0.00237195,0.51147541,5.14110889,5.00000000,PASSIVE_BUY
2087,97.96810676,97.97365552,0.14568359,0.02127661,-571.25277210,363.47672969,32247.12227809,25422.91198654,0.00060626,0.00055206,-0.06817080,0.51147541,5.12886053,6.00000000,PASSIVE_BUY
2088,97.94235520,97.94556867,-0.00336183,0.02027341,-698.72445577,-830.86592839,20981.42887721,24925.89871046,0.00060524,0.00055119,-0.02117423,0.50896914,4.98448785,7.00000000,PASSIVE_BUY
2089,97.92870984,97.92794821,-0.09194522,0.02072414,-679.36385654,-1702.03114087,24980.40984554,31164.11307745,0.00060580,0.00055119,0.01210621,0.52342452,4.86053655,6.00000000,PASSIVE_SELL
2090,97.86030750,97.86950583,0.22524647,0.02064950,-247.95246840,-1451.94519797,34595.52229961,23480.48423675,0.00061463,0.00054578,-0.05475698,0.52342452,4.46044727,7.00000000,PASSIVE_BUY
2091,97.89842468,97.89672687,0.04708215,0.02035694,281.20559640,-1900.07496555,26303.88130131,21940.74038369,0.00061667,0.00054646,0.10651952,0.52342452,4.84389642,6.00000000,PASSIVE_SELL
2092,97.94283749,97.94174749,-0.01267965,0.02122917,621.18084820,-615.12149073,23568.43013249,25695.33536408,0.00061232,0.00054704,0.00629562,0.52549819,4.89674323,5.00000000,PASSIVE_SELL
2093,97.92108374,97.91387005,-0.22513228,0.02095119,-689.72491089,-331.49261914,19321.30303846,25640.56411250,0.00061069,0.00054722,-0.06616654,0.51493735,4.88602105,4.00000000,PASSIVE_SELL
2094,97.87450167,97.87261938,0.00634121,0.02003749,-311.33830190,-1258.01069460,27712.00474533,28022.31419271,0.00061533,0.00054815,-0.02482834,0.51493735,4.85082826,3.00000000,PASSIVE_SELL
2095,97.88623317,97.88629903,0.20206012,0.02012235,417.88175842,-1568.12258111,33317.27948899,19117.21742957,0.00061539,0.00054817,0.05831358,0.51493735,4.88602278,3.00000000,HOLD
2096,97.85066962,97.84327300,-0.19097978,0.02033251,-627.16751380,-1420.56454127,23446.70453707,30427.22099073,0.00061804,0.00054877,-0.04729506,0.50464329,4.83686745,2.00000000,PASSIVE_SELL
2097,97.74692849,97.74856178,-0.04045020,0.02002495,-288.31339700,-1534.48482735,26191.42681007,27177.34716521,0.00063722,0.00055357,-0.06817758,0.50464329,4.63939766,3.00000000,PASSIVE_BUY
2098,97.78043649,97.78810639,-0.02249977,0.02039090,423.41713825,-470.46100569,27575.92172241,27628.97358107,0.00063649,0.00055408,0.13724913,0.49907164,4.75011712,4.00000000,PASSIVE_BUY
2099,97.80775038,97.80393023,-0.21284410,0.02091074,191.46343841,28.42428516,18228.44412114,28945.64233487,0.00062775,0.00055437,-0.00619412,0.49907164,4.83683239,3.00000000,PASSIVE_SELL
2100,97.87159508,97.87528973,-0.02217958,0.02016988,835.50036415,184.12179376,20926.81911379,27616.89864158,0.00063294,0.00055490,0.03653082,0.50481033,5.03845146,4.00000000,PASSIVE_BUY
2101,97.82643401,97.83425589,0.23206172,0.02069902,-522.77218207,-1313.64210581,23259.86291004,16570.18060228,0.00063660,0.00055342,-0.10900578,0.50481033,4.86815667,5.00000000,PASSIVE_BUY
2102,97.74481002,97.74989334,0.06160199,0.02012239,-352.03300858,-789.26542259,22045.61732557,24272.07641830,0.00064862,0.00055360,-0.03646291,0.50481033,4.47009793,6.00000000,PASSIVE_BUY
2103,97.73673263,97.72896649,-0.13197042,0.02107075,-483.32877169,-1846.53878155,19605.63849346,28023.73333314,0.00063282,0.00055350,0.07354660,0.49924193,4.75162951,5.00000000,PASSIVE_SELL
2104,97.76054455,97.75811833,0.02654698,0.02010581,475.96149229,-1645.08864020,19267.94454481,16538.42255575,0.00061982,0.00055354,0.03188931,0.49924193,4.78742423,4.00000000,PASSIVE_SELL
2105,97.79151206,97.79343257,0.10995795,0.02053692,618.41784962,-1744.62597645,32919.96735039,25310.72214704,0.00061048,0.00055217,0.00715559,0.51234455,4.92156273,5.00000000,PASSIVE_BUY
2106,97.83615541,97.83226736,-0.07790588,0.02040531,325.65264170,-1823.20820801,24503.85742243,30984.19420059,0.00061389,0.00054918,0.01367583,0.51234455,4.86045660,4.00000000,PASSIVE_SELL
2107,97.75859761,97.76239624,0.11556115,0.02018885,-306.44464277,-2419.10349255,24343.46754997,18721.34883498,0.00062162,0.00054924,-0.12220114,0.50680710,4.56031985,5.00000000,PASSIVE_BUY
2108,97.80542352,97.79937460,-0.03555458,0.02059344,231.13937996,-1646.23250302,22907.11944021,23311.04981320,0.00060736,0.00055000,0.12438370,0.50680710,4.84901348,4.00000000,PASSIVE_SELL
2109,97.92267458,97.92530298,0.15729869,0.02011766,834.06335120,-1293.93212883,27387.10143350,23059.52109160,0.00062481,0.00055198,0.07042516,0.50934741,5.32807656,5.00000000,PASSIVE_BUY
2110,97.97576587,97.97574967,0.00401732,0.02040210,594.20393724,-407.87666783,23275.93394046,19016.12128853,0.00062761,0.00055180,-0.06415978,0.52544286,5.59353299,5.00000000,HOLD
2111,98.04402364,98.04419243,-0.00950589,0.02053320,530.30986971,439.77648692,30912.27026336,34136.37813956,0.00063421,0.00055300,0.01516649,0.52544286,5.94508846,6.00000000,PASSIVE_BUY
2112,98.10886406,98.11516216,0.01005662,0.02003097,513.93910161,1904.79849953,20341.00617481,24339.16077348,0.00063768,0.00055269,-0.00341736,0.52544286,6.34414646,7.00000000,PASSIVE_BUY
2113,98.01582274,98.01354784,0.04987773,0.02022764,-817.67808215,221.31150690,29629.48715031,26020.64471592,0.00062839,0.00055577,-0.15788174,0.51865484,4.95429654,6.00000000,PASSIVE_SELL
2114,97.98176634,97.98709177,-0.04985438,0.02029754,-355.78355422,-487.14997513,28002.24673394,30129.37733339,0.00060962,0.00055546,0.05898492,0.51865484,4.76010693,7.00000000,PASSIVE_BUY
2115,98.00139878,98.00712230,-0.06470867,0.02052459,445.63330555,-472.17801268,28605.66707421,37062.24431138,0.00059153,0.00055481,0.05368883,0.52070036,4.90779629,8.00000000,PASSIVE_BUY
2116,98.00245437,98.00793016,0.13214073,0.02011875,545.59175422,-582.27258333,22977.66153459,23768.60630941,0.00057525,0.00055470,-0.01857685,0.52070036,4.92630039,9.00000000,PASSIVE_BUY
2117,97.98929639,97.99383457,-0.11485993,0.02113463,-627.53494246,-503.13852267,19974.38013705,28957.31335805,0.00057526,0.00055197,-0.01421357,0.51270532,4.81844586,10.00000000,PASSIVE_BUY
2118,98.08303231,98.07486072,-0.25224866,0.02053317,234.42807090,-107.50579850,17806.72030854,21489.01986864,0.00057435,0.00055595,0.10689391,0.51753676,5.00692934,9.00000000,PASSIVE_SELL
2119,98.02386926,98.01959303,-0.06616189,0.02011592,-202.90152352,-767.99303896,23327.14598116,27154.74274921,0.00057924,0.00055727,-0.15289898,0.51753676,4.95949325,8.00000000,PASSIVE_SELL
2120,98.03885756,98.04167465,0.07621411,0.02011286,539.71790573,365.30288077,27108.47634390,24029.66877531,0.00056864,0.00055430,0.07415135,0.51753676,5.08945605,9.00000000,PASSIVE_BUY
2121,98.00222892,98.00545378,0.02594909,0.02026436,-528.83408144,478.84234645,26462.15487331,23289.73332852,0.00056830,0.00055435,-0.05161693,0.50734519,4.76993048,10.00000000,PASSIVE_BUY
2122,98.04388102,98.04380948,-0.07092367,0.02019921,521.06602462,501.22029402,27155.31994043,32328.22960124,0.00057120,0.00055496,0.07828074,0.50178722,5.18645153,10.00000000,HOLD
2123,98.07292430,98.08206326,0.18738900,0.02083322,874.22990276,975.56823080,30135.78183962,25034.47395545,0.00056867,0.00055512,-0.01260882,0.50178722,5.48730096,11.00000000,PASSIVE_BUY
2124,98.08601539,98.08462480,0.14707686,0.02040564,400.21177925,936.73992954,27317.84918337,16867.59274335,0.00056755,0.00055502,-0.01595219,0.50172206,5.00189026,10.00000000,PASSIVE_SELL
2125,98.01995985,98.01360178,0.05210972,0.02003430,-671.50325242,867.97800303,32979.41876413,27901.23180331,0.00055574,0.00055399,-0.07914664,0.50172206,4.94752290,9.00000000,PASSIVE_SELL
2126,98.03547850,98.03070113,0.10283884,0.02085541,456.16836052,1918.68136567,32085.56230896,23749.43694542,0.00054457,0.00055296,0.08157420,0.50590321,4.97018484,8.00000000,PASSIVE_SELL
2127,98.06354922,98.06612282,-0.00941747,0.02070931,736.86338050,3110.30549473,19705.22203715,22222.90167049,0.00052225,0.00055322,0.01255207,0.50590321,5.20510526,9.00000000,PASSIVE_BUY
2128,98.05264538,98.06013431,0.07773100,0.02030319,-386.84447108,3308.46092264,22616.96964883,20578.64428996,0.00051939,0.00055324,-0.03897456,0.50631616,5.11712229,10.00000000,PASSIVE_BUY
2129,98.06941366,98.07192802,0.03817212,0.02033059,332.91352946,4429.71796767,26056.04015844,29915.83248545,0.00051757,0.00055324,0.02767212,0.50631616,5.29497034,11.00000000,PASSIVE_BUY
2130,98.06893413,98.06814557,0.03046110,0.02006710,-772.89838588,2910.47942504,32857.63660402,28329.84201341,0.00051766,0.00055319,-0.01724780,0.50189162,4.98476714,10.00000000,PASSIVE_SELL
2131,98.00954416,98.00849710,0.15428089,0.02030963,-511.66091858,3167.74562904,40598.93141324,28043.25695186,0.00052529,0.00055492,-0.05891045,0.50189162,4.93444063,9.00000000,PASSIVE_SELL
2132,98.05972077,98.05960380,-0.09447439,0.02080018,571.86572334,2965.38849443,23904.33185157,30604.85863586,0.00050428,0.00055600,0.10956658,0.50138096,4.99305512,8.00000000,PASSIVE_SELL
2133,98.03667803,98.03996362,0.07903306,0.02049200,-675.34435694,1957.67066474,29226.92871860,21872.68849108,0.00050578,0.00055606,-0.07321934,0.49804196,4.81895923,9.00000000,PASSIVE_BUY
2134,98.03645471,98.04443884,0.09835327,0.02099751,-177.56815707,2215.16247326,26704.05665791,21597.14113235,0.00050577,0.00055423,0.02281942,0.49804196,4.82744811,10.00000000,PASSIVE_BUY
2135,98.08620145,98.08623843,0.18750007,0.02066956,385.83323228,2193.63706012,26202.42734911,17466.10576857,0.00050212,0.00055483,0.04997006,0.48575384,5.32491549,10.00000000,HOLD
2136,98.19221361,98.18770520,-0.23262491,0.02022412,521.33907333,1953.23080238,21346.25802755,34806.74331205,0.00051607,0.00055916,0.05626543,0.48575384,5.12623748,9.00000000,PASSIVE_SELL
2137,98.20353824,98.20706341,-0.04598670,0.02027654,883.85119440,3408.33476888,26549.12890575,34599.10716554,0.00051600,0.00055901,-0.09468754,0.49680952,5.23829735,10.00000000,PASSIVE_BUY
2138,98.22927660,98.22886679,0.01122613,0.02034139,623.18584607,4730.24507073,20020.61325245,15883.81561308,0.00051490,0.00055923,0.01441374,0.50374647,5.16372397,9.00000000,PASSIVE_SELL
2139,98.29864673,98.30342199,0.21168906,0.02003542,520.93730272,5930.54622999,26028.06038109,19425.05310505,0.00052196,0.00056022,0.04363177,0.50374647,5.79807285,10.00000000,PASSIVE_BUY
2140,98.37430240,98.37309578,0.08787453,0.02049778,211.65840709,6390.15710548,31262.62537195,21984.71458092,0.00051887,0.00056241,0.00628554,0.50374647,5.30320602,9.00000000,PASSIVE_SELL
2141,98.24337393,98.24804414,-0.07688554,0.02033319,-249.19615257,5859.75535652,20666.70219408,28175.53062186,0.00055470,0.00056972,-0.20658414,0.49856954,4.13501643,10.00000000,PASSIVE_BUY
2142,98.22281665,98.22388374,0.05911361,0.02011886,-526.38364574,4712.19086258,36181.83639164,29042.20056237,0.00055330,0.00056991,0.11037118,0.49856954,3.93950304,11.00000000,PASSIVE_BUY
2143,98.25721995,98.25532504,-0.00264105,0.02022866,552.70027116,5954.61604463,23786.26146516,25643.33567058,0.00055333,0.00056931,0.05496058,0.49995704,5.20646190,10.00000000,PASSIVE_SELL
2144,98.27893086,98.27345913,0.08984563,0.02054145,347.52332657,6613.47767310,27717.48387497,25157.50156240,0.00054819,0.00056935,-0.01269239,0.49995704,5.23703601,9.00000000,PASSIVE_SELL
2145,98.25452471,98.26377785,0.30450147,0.02006690,-60.48024735,6135.11566733,35633.66965420,20194.02401349,0.00055011,0.00056643,-0.04611707,0.49995704,5.02741406,10.00000000,PASSIVE_BUY
2146,98.29674373,98.28861735,-0.18756019,0.02021424,47.28137830,6809.56455943,19893.76397868,31990.20350366,0.00054867,0.00056549,0.06662518,0.49422906,5.26062872,9.00000000,PASSIVE_SELL
2147,98.27587875,98.27830454,0.00938346,0.02040879,-287.17644680,6810.70150962,15158.99840240,14863.62484289,0.00052541,0.00056422,-0.06308399,0.50550448,5.08304836,10.00000000,PASSIVE_BUY
2148,98.25760433,98.25226111,0.01709386,0.02002087,-764.69811047,5622.58626090,24490.36801668,22560.07660892,0.00052590,0.00056365,0.00259055,0.50550448,5.22638049,9.00000000,PASSIVE_SELL
2149,98.24412605,98.24050380,0.13129376,0.02050982,-298.25881661,5132.86400588,32274.89019434,21777.53835653,0.00052625,0.00056349,0.00479614,0.50550448,5.22120128,8.00000000,PASSIVE_SELL
2150,98.19664203,98.19932542,-0.09286176,0.02043620,-366.50009475,3930.86354698,14967.88728708,19608.76916767,0.00052596,0.00056248,-0.03400574,0.51070216,4.85154721,9.00000000,PASSIVE_BUY
2151,98.23894871,98.23602283,-0.11484368,0.02025098,380.71027538,4834.34600443,26442.40226138,31207.30636123,0.00052287,0.00056320,0.08979071,0.51070216,5.22448067,8.00000000,PASSIVE_SELL
2152,98.18948298,98.19391790,-0.02561061,0.02024093,-294.11619404,4892.26281897,23814.81318912,31442.35509242,0.00051320,0.00056258,-0.09177242,0.50350738,4.83887526,9.00000000,PASSIVE_BUY
2153,98.22914910,98.22276909,-0.05429854,0.02025287,235.28452811,5610.87611877,29208.39372386,31193.96926285,0.00051443,0.00056251,0.08913185,0.50350738,5.22242021,8.00000000,PASSIVE_SELL
2154,98.29951214,98.29946270,-0.07572597,0.02017117,416.57341466,5551.48804114,25832.85177341,29097.04753935,0.00052127,0.00056419,0.03069692,0.50940275,5.78532454,8.00000000,HOLD
2155,98.27586248,98.28331756,0.11599989,0.02080199,-246.82735707,4686.24283445,27650.12247069,22002.31925522,0.00052268,0.00055776,-0.09401270,0.50940275,5.60652830,9.00000000,PASSIVE_BUY
2156,98.21967073,98.22606086,-0.05672297,0.02108056,-305.17012951,4055.42006324,18723.73401296,25263.48699893,0.00052841,0.00055817,-0.03254210,0.50940275,5.11134279,10.00000000,PASSIVE_BUY
2157,98.30018281,98.29812246,0.17489044,0.02002643,415.65237854,4777.51708456,28716.96947513,18147.06869189,0.00052343,0.00055909,0.13670384,0.50711893,5.28462914,9.00000000,PASSIVE_SELL
2158,98.23895153,98.23886688,-0.03560309,0.02004164,-502.35175938,4044.02594522,23183.08042192,27559.95004517,0.00053060,0.00056051,-0.14174337,0.49534226,4.73354757,9.00000000,HOLD
2159,98.24713089,98.25187799,0.05034810,0.02009764,657.37298881,3867.33558283,26417.31536361,26202.79670866,0.00050638,0.00055480,0.06941065,0.49534226,4.81721067,10.00000000,PASSIVE_BUY
2160,98.26394213,98.26371690,0.06209253,0.02046794,517.63172115,3790.76336674,27822.57445035,23080.35348137,0.00050205,0.00055273,0.00863187,0.50582052,5.25393384,9.00000000,PASSIVE_SELL
2161,98.39187934,98.38513801,-0.31674672,0.02002487,410.12273863,3670.57623566,13412.88219718,25878.23172170,0.00052407,0.00055969,0.11112597,0.50582052,5.39365573,8.00000000,PASSIVE_SELL
2162,98.35070540,98.34114417,-0.06152716,0.02091418,-300.49320667,2856.14392737,28237.75718214,29083.51417861,0.00052154,0.00055465,-0.16911115,0.50582052,5.35982631,7.00000000,PASSIVE_SELL
2163,98.44370999,98.44611981,-0.06255560,0.02053326,737.06018359,4410.88219311,22904.27535948,26553.13508281,0.00051643,0.00055771,0.13417853,0.49997149,6.02112507,8.00000000,PASSIVE_BUY
2164,98.42333981,98.42321943,0.21159171,0.02041149,-865.73052634,3900.93522099,32911.75308910,18450.42419868,0.00051443,0.00055673,-0.11337477,0.50184021,5.42493368,7.00000000,PASSIVE_SELL
2165,98.37748927,98.37552972,-0.17169976,0.02051746,-781.76243186,2673.53948358,25376.49421362,35971.80499303,0.00052000,0.00054502,-0.02548037,0.51056030,5.38902397,6.00000000,PASSIVE_SELL
2166,98.36479660,98.36259784,0.01001369,0.02033958,-771.58087019,1356.36685918,20247.71532993,21005.75306821,0.00052072,0.00054313,0.03315788,0.51145545,5.38694579,5.00000000,PASSIVE_SELL
2167,98.36738093,98.35982156,0.09729245,0.02083208,538.61548636,2522.51728800,32700.03042896,24654.76444160,0.00051992,0.00054296,0.01527699,0.51145545,5.39896115,4.00000000,PASSIVE_SELL
2168,98.40683409,98.41094074,-0.01207002,0.02024628,718.96057283,3007.04978993,20276.15777498,26742.05983950,0.00050679,0.00054018,0.03686883,0.51145545,5.56689691,5.00000000,PASSIVE_BUY
2169,98.39373181,98.39115497,-0.03380951,0.02059804,-889.73753179,2320.21378165,25960.50648442,24229.38128678,0.00049858,0.00053956,-0.05255543,0.50675331,5.42188029,4.00000000,PASSIVE_SELL
2170,98.37883855,98.38115545,0.16900046,0.02044258,-512.28149376,1268.21438216,25039.37387651,21409.21628360,0.00049945,0.00053958,-0.00179098,0.51143518,5.37252854,5.00000000,PASSIVE_BUY
2171,98.31915812,98.31708900,-0.11582894,0.02072756,-756.54270403,1040.50575957,25122.66566711,31181.54909085,0.00050463,0.00054161,-0.04478717,0.51143518,5.35419505,4.00000000,PASSIVE_SELL
2172,98.39620832,98.39800897,-0.00034608,0.02016667,611.73218869,1131.17192364,27838.63770335,30092.13543006,0.00051219,0.00054183,0.13673063,0.50125637,5.67247919,5.00000000,PASSIVE_BUY
2173,98.46615989,98.46188427,-0.09140988,0.02012634,219.04354711,475.98556799,26620.86778205,36467.79425648,0.00051906,0.00054191,-0.00709864,0.50125637,5.49077801,4.00000000,PASSIVE_SELL
2174,98.47581911,98.47522186,0.06774615,0.02050558,302.26509974,378.03888848,25934.95140685,22565.41744050,0.00051901,0.00053959,-0.06029233,0.50125637,5.51012118,3.00000000,PASSIVE_SELL
2175,98.49140648,98.48443354,-0.27349989,0.02029306,297.61542040,1347.15756131,18697.14976034,26130.61441608,0.00050782,0.00053944,0.00592814,0.49717048,5.53606760,2.00000000,PASSIVE_SELL
2176,98.52920009,98.52350888,-0.10937069,0.02119597,474.75356994,1365.74277073,14908.48087675,20858.47588965,0.00050935,0.00053932,0.02220624,0.49717048,5.58400773,1.00000000,PASSIVE_SELL
2177,98.49384312,98.49757785,0.09114194,0.02006373,-322.83417924,306.04521099,27367.34598358,26618.06080029,0.00051264,0.00053998,-0.07315058,0.49249095,5.55868263,2.00000000,PASSIVE_BUY
2178,98.46091608,98.46986517,-0.14077965,0.02000648,-468.08114141,224.80854065,17154.01761211,31146.95070512,0.00051532,0.00054061,0.00242993,0.49249095,5.50283178,3.00000000,PASSIVE_BUY
2179,98.35667014,98.35771303,-0.14842896,0.02054754,-733.32527213,-841.43026094,19992.62671399,29968.13296748,0.00053935,0.00054522,-0.07131889,0.49125846,5.20036774,4.00000000,PASSIVE_BUY
2180,98.39182944,98.40038689,0.10454289,0.02006654,493.98766935,425.45579429,29787.04030357,24439.95355097,0.00054088,0.00054565,0.13940524,0.49125846,5.35103822,5.00000000,PASSIVE_BUY
2181,98.46366195,98.46735500,-0.05585600,0.02003370,192.10580075,1129.22251362,31796.28944871,30393.78885180,0.00054003,0.00054777,0.03667321,0.48205638,5.72021762,6.00000000,PASSIVE_BUY
2182,98.40677308,98.41022940,0.03128566,0.02039470,-280.72983427,276.62695601,25539.53107261,24195.66397619,0.00054464,0.00054437,-0.12872138,0.48205638,5.38908177,7.00000000,PASSIVE_BUY
2183,98.42987419,98.42519873,-0.09239367,0.02067368,272.90582589,1224.87713884,26119.85680295,26443.68105238,0.00054333,0.00054398,0.07998997,0.47738861,5.53666206,6.00000000,PASSIVE_SELL
2184,98.41546254,98.42093583,0.23290063,0.02019594,-238.96259354,1163.48270237,25309.73057295,17580.49340178,0.00054415,0.00054395,-0.03751275,0.47738861,5.46029014,7.00000000,PASSIVE_BUY
2185,98.34852805,98.34564256,0.13214521,0.02050695,-494.92995082,282.71951927,25123.34179871,18753.92758675,0.00055073,0.00054481,-0.05252284,0.47738861,5.46071082,6.00000000,PASSIVE_SELL
2186,98.26361953,98.26554046,0.12282966,0.02015735,-246.62784682,-485.24740088,36140.13895628,27436.19045502,0.00054546,0.00054761,-0.01797404,0.47738861,4.96133835,7.00000000,PASSIVE_BUY
2187,98.20360942,98.20619792,-0.19318079,0.02034568,-245.50520256,-1614.60379784,17005.23667056,29313.25165649,0.00055221,0.00054848,0.02489841,0.47880093,4.55144042,8.00000000,PASSIVE_BUY
2188,98.27916110,98.27750355,-0.05580417,0.02021818,427.10740374,-1810.68224017,27940.08107704,30565.16982691,0.00056151,0.00054915,0.13556179,0.47768014,5.41577990,7.00000000,PASSIVE_SELL
2189,98.28390940,98.28169799,-0.05434913,0.02004245,700.73450394,-1630.88503896,26176.19481886,27218.33883786,0.00055269,0.00054899,-0.07080337,0.47768014,5.43107661,6.00000000,PASSIVE_SELL
2190,98.29010498,98.29136885,-0.11549156,0.02091692,825.12098016,-1017.42246590,17109.86867162,24482.55685442,0.00054169,0.00054764,0.00144726,0.48187424,5.47870849,7.00000000,PASSIVE_BUY
2191,98.32507899,98.32835515,0.07890678,0.02071721,781.09832820,12.87201487,22291.17348132,22496.63633038,0.00051039,0.00054784,0.02877844,0.49003610,5.73388517,8.00000000,PASSIVE_BUY
2192,98.30888790,98.31777047,-0.05024271,0.02020352,-457.45112810,81.80453250,24378.08437083,30019.22065454,0.00051003,0.00054786,-0.05116509,0.49003610,5.61445826,9.00000000,PASSIVE_BUY
2193,98.21076000,98.21556462,0.00201409,0.02049406,-597.15253563,-1068.04827429,19263.38313000,23543.75124998,0.00052711,0.00054902,-0.08193682,0.50239992,4.74155418,10.00000000,PASSIVE_BUY
2194,98.21148844,98.21748527,-0.00748115,0.02102971,336.10389717,-1079.46770368,26913.81808526,27919.16135665,0.00052609,0.00054892,0.09885634,0.50239992,4.75935338,11.00000000,PASSIVE_BUY
2195,98.15020464,98.15591117,0.03348363,0.02039900,-290.03697744,-1309.02443377,25781.08405265,25490.33987028,0.00053204,0.00054955,-0.06201223,0.50578472,4.09543117,12.00000000,PASSIVE_BUY
2196,98.13120157,98.13118378,-0.33649492,0.02044069,-769.72538824,-2126.03120031,16276.88087997,32683.62647346,0.00052862,0.00054809,0.04228072,0.50578472,3.86739428,12.00000000,HOLD
2197,98.15450305,98.15882916,-0.08246270,0.02015665,691.91179880,-1146.94295470,22928.67901304,30657.59861323,0.00052933,0.00054785,0.04230455,0.49909938,4.15709033,13.00000000,PASSIVE_BUY
2198,98.18375336,98.19140179,0.15549111,0.02120309,583.68571412,201.44086988,33298.05457672,23983.58392383,0.00053072,0.00054065,0.00594884,0.49909938,4.54794599,14.00000000,PASSIVE_BUY
2199,98.23236869,98.23125215,0.02167707,0.02046653,193.20116916,692.90085565,27469.60265316,24422.49245476,0.00053517,0.00054144,0.01936501,0.49909938,5.34964453,13.00000000,PASSIVE_SELL
2200,98.19045778,98.19665263,0.10357328,0.02037165,-179.53023380,879.87071661,28961.24493336,24705.50789317,0.00053421,0.00054132,-0.09052624,0.48841151,4.81498851,14.00000000,PASSIVE_BUY
2201,98.17882158,98.18215951,-0.11158890,0.02029310,-397.35089920,101.80954203,20098.29743042,27478.90506330,0.00053085,0.00054092,0.03027471,0.48841151,4.66222820,15.00000000,PASSIVE_BUY
2202,98.11699725,98.11997125,0.13690813,0.02073068,-565.56846055,-169.64272448,24622.38616144,20157.29811104,0.00053347,0.00054273,-0.05018812,0.49317676,3.74522862,16.00000000,PASSIVE_BUY
2203,98.11920468,98.11844500,0.02914305,0.02076945,640.36624745,235.43899486,26773.55824027,21927.84913000,0.00053015,0.00054231,0.06403176,0.48760735,5.23090775,15.00000000,PASSIVE_SELL
2204,98.11488899,98.11108144,-0.16627176,0.02068931,-782.52551037,-963.65993017,25122.16256082,33060.77809131,0.00051955,0.00053949,-0.00652312,0.48760735,5.23749768,14.00000000,PASSIVE_SELL
2205,98.11315957,98.11410980,0.24199058,0.02121680,-260.44008033,-977.27265343,23820.16862118,13533.61301607,0.00051874,0.00053792,0.00258627,0.49375682,5.22389416,15.00000000,PASSIVE_BUY
2206,98.19654089,98.19244350,-0.13361186,0.02011520,264.22835011,-407.87417380,26227.99732250,33369.49219606,0.00052731,0.00054062,0.08511075,0.49375682,5.32439350,14.00000000,PASSIVE_SELL
2207,98.29255323,98.29225449,0.13582345,0.02000983,753.27587762,-70.25067473,29722.74478872,21911.99238547,0.00053268,0.00053702,0.01263100,0.49569056,5.43109565,13.00000000,PASSIVE_SELL
2208,98.23162257,98.23182085,0.03040434,0.02085607,-804.93971298,-372.83862833,25448.63707028,22864.25367361,0.00053261,0.00053883,-0.15694299,0.48713942,4.64942513,14.00000000,PASSIVE_BUY
2209,98.24738055,98.24760723,0.21774758,0.02009170,703.45848802,-326.75312912,35027.43299706,17888.40618780,0.00053297,0.00053655,0.07668863,0.48713942,4.88008266,15.00000000,PASSIVE_BUY
2210,98.16845746,98.16732302,-0.00093030,0.02049628,-721.60906804,-1565.99391832,23867.12170126,21815.21674589,0.00054407,0.00053931,-0.09468106,0.49310070,5.30360552,14.00000000,PASSIVE_SELL
2211,98.16936663,98.17713099,-0.11051890,0.02038947,886.59901337,-1089.51764358,18887.93864951,27758.15273501,0.00051037,0.00053930,0.07983225,0.49368022,5.32652858,15.00000000,PASSIVE_BUY
2212,98.26489840,98.26766797,-0.13660700,0.02025990,496.52614555,-292.49829136,20785.72677858,28412.89207656,0.00052692,0.00054319,0.09462261,0.49368022,6.76963519,16.00000000,PASSIVE_BUY
2213,98.34391944,98.33926923,-0.09725662,0.02151472,411.37623764,-618.18223731,23037.30773364,24963.87719161,0.00052210,0.00054501,-0.01651075,0.51289435,5.45815719,15.00000000,PASSIVE_SELL
2214,98.38423795,98.38876601,0.07322644,0.02039620,745.76302946,993.31131849,30114.39280695,26140.64184336,0.00052483,0.00054536,-0.03870252,0.51289435,6.07313294,16.00000000,PASSIVE_BUY
2215,98.45516453,98.45687683,-0.13065416,0.02037115,192.99052616,1968.06427652,25864.46816196,33309.65307769,0.00053038,0.00054645,0.03060808,0.51289435,7.21814394,17.00000000,PASSIVE_BUY
2216,98.49691112,98.49976527,0.23020292,0.02013738,313.73178441,3053.37693112,33157.93007964,22147.56128884,0.00053300,0.00054432,-0.02918000,0.52496557,7.93790465,18.00000000,PASSIVE_BUY
2217,98.38641226,98.38548490,0.01536382,0.02023046,-748.95800805,1765.80343671,21424.19609806,24442.57765658,0.00055676,0.00054899,-0.15224546,0.53395152,5.47597428,17.00000000,PASSIVE_SELL
2218,98.39372718,98.39008288,-0.04132516,0.02009833,583.58730198,1630.43016585,20874.60011317,18343.63055314,0.00055397,0.00054886,0.11781379,0.53395152,5.49439543,16.00000000,PASSIVE_SELL
2219,98.37496781,98.38176502,-0.04052030,0.02017144,-191.58803605,2328.57966159,21185.12076857,27420.70300978,0.00055430,0.00054822,-0.02607429,0.52506811,5.20433126,17.00000000,PASSIVE_BUY
2220,98.34697783,98.33983508,0.07891280,0.02020171,-885.69193742,1955.16921793,26824.38828068,20142.11803689,0.00055532,0.00054864,-0.00923061,0.52506811,5.44915864,16.00000000,PASSIVE_SELL
2221,98.34433905,98.33791689,0.00893609,0.02044948,-357.46759107,2354.24433089,31197.00225897,31700.90240938,0.00054868,0.00054086,0.02535120,0.52506811,5.45488634,15.00000000,PASSIVE_SELL
2222,98.34946292,98.35006042,0.04695569,0.02048979,755.66492471,2498.17706691,23213.65938156,24943.53129712,0.00053737,0.00054034,0.00776266,0.50541725,5.54198935,16.00000000,PASSIVE_BUY
2223,98.37792996,98.38052600,-0.29546632,0.02106107,555.08149658,2834.21501638,18254.02895612,38449.99529240,0.00052925,0.00054031,0.02334316,0.50105766,6.00799249,17.00000000,PASSIVE_BUY
2224,98.36108933,98.35131510,0.11230161,0.02065478,-509.19528600,2022.75463064,31042.75843323,23171.07960619,0.00052942,0.00054011,-0.04530767,0.50105766,5.46001976,16.00000000,PASSIVE_SELL
2225,98.43477184,98.43507066,0.05240686,0.02026449,689.26067391,2414.39988415,28975.63674966,26321.95773565,0.00053982,0.00054235,0.09052314,0.50105766,6.64907217,17.00000000,PASSIVE_BUY
2226,98.38209044,98.38197122,-0.00289320,0.02007599,-600.13307661,1339.51323759,28914.62078367,27514.85712450,0.00054169,0.00054382,-0.12636391,0.50221096,5.48223105,16.00000000,PASSIVE_SELL
2227,98.44492546,98.45209360,0.19675125,0.02042442,545.55525764,2207.90267447,24703.89076255,16309.07525365,0.00054754,0.00054480,0.11551641,0.50221096,6.49780351,17.00000000,PASSIVE_BUY
2228,98.49356945,98.49091674,0.19163422,0.02046896,300.74805965,2976.73187554,21016.07655847,12771.98926311,0.00055000,0.00054464,-0.01419102,0.50817942,5.58825782,16.00000000,PASSIVE_SELL
2229,98.48212345,98.48156010,0.02022887,0.02026080,-523.63272494,3186.42442273,26038.77806900,25821.76755082,0.00052889,0.00054422,-0.06008999,0.50469636,5.58850341,15.00000000,PASSIVE_SELL
2230,98.46665843,98.46173196,-0.17231280,0.02035315,-547.04794032,2145.38881306,22496.70425265,29743.28385288,0.00052733,0.00054416,-0.00401902,0.50469636,5.58256851,14.00000000,PASSIVE_SELL
2231,98.49131021,98.49613867,0.07472800,0.02033299,395.31511596,2348.59812827,33503.68290670,33289.72415833,0.00051854,0.00054415,0.04011680,0.50469636,5.93785994,15.00000000,PASSIVE_BUY
2232,98.46385012,98.46457619,-0.06431669,0.02021625,-450.86721692,2178.46074562,18086.88310127,22595.31124224,0.00051347,0.00054327,-0.05211187,0.51670757,5.53606677,16.00000000,PASSIVE_BUY
2233,98.53902178,98.53759137,0.06451908,0.02032786,427.95216943,2333.50708916,21957.10148245,16127.29860655,0.00052330,0.00054519,0.10263174,0.51670757,5.64610632,15.00000000,PASSIVE_SELL
2234,98.58498860,98.58056432,-0.01003047,0.02025167,131.66117125,2704.13085394,23517.35590793,27414.65864880,0.00052638,0.00054592,-0.02920483,0.51670757,5.70273229,14.00000000,PASSIVE_SELL
2235,98.63569011,98.63784320,0.04971267,0.02007377,614.05022617,3813.11103093,26435.46626224,24660.06347937,0.00052047,0.00054613,0.00473468,0.52189187,6.42259025,15.00000000,PASSIVE_BUY
2236,98.57494958,98.57511534,0.19841515,0.02011805,-588.01877142,3471.72010633,21286.43433520,12511.58382166,0.00051279,0.00054792,-0.11144204,0.52189187,5.52154131,16.00000000,PASSIVE_BUY
2237,98.51245752,98.50868590,-0.16176441,0.02080800,-330.07377120,3387.15153769,20278.48427855,32695.48385742,0.00051341,0.00054887,-0.00175152,0.50957216,5.61616141,15.00000000,PASSIVE_SELL
2238,98.54005517,98.53379051,0.09731075,0.02087851,319.99319186,3280.03732581,35024.77027021,23006.06442193,0.00050444,0.00054833,0.09008971,0.50957216,5.65370473,14.00000000,PASSIVE_SELL
2239,98.50766098,98.50822210,-0.18422922,0.02003593,-466.67632232,2112.62649955,20442.01954796,32301.03353931,0.00050727,0.00054895,-0.05999184,0.49736691,5.21020400,15.00000000,PASSIVE_BUY
2240,98.49521175,98.49855468,0.09726386,0.02021469,-573.03188229,714.47363710,29559.61401558,26293.09081674,0.00050783,0.00054906,0.01994496,0.49736691,5.03357286,16.00000000,PASSIVE_BUY
2241,98.56469892,98.55918713,0.14321514,0.02040689,261.94807493,195.32338383,34078.45020683,20596.41265378,0.00051447,0.00055105,0.08193640,0.48591796,5.67860069,15.00000000,PASSIVE_SELL
2242,98.58985611,98.58572541,-0.08006641,0.02074414,551.55146511,1204.32597704,23958.78439876,28077.92008144,0.00051434,0.00054932,-0.04432998,0.48591796,5.71176918,14.00000000,PASSIVE_SELL
2243,98.62061771,98.62822428,0.34601439,0.02029834,727.04210784,2528.52062051,33002.83369446,19630.57857938,0.00049282,0.00054886,0.00560441,0.50013512,6.15258077,15.00000000,PASSIVE_BUY
2244,98.62821944,98.63200757,0.09512450,0.02002150,508.28834358,2700.70506691,25615.97274247,22193.70975621,0.00049270,0.00054886,-0.02315988,0.50013512,6.27661740,16.00000000,PASSIVE_BUY
2245,98.64673714,98.64571126,-0.04797989,0.02004014,342.46151886,3333.20356321,27126.25442352,27454.30979465,0.00048234,0.00054894,0.01091598,0.51561934,5.76144232,15.00000000,PASSIVE_SELL
2246,98.69813404,98.70183185,0.06004184,0.02002181,663.39815951,4766.32711096,21194.28852322,23037.58223080,0.00048398,0.00054989,0.03287919,0.51561934,6.54240672,16.00000000,PASSIVE_BUY
2247,98.65932452,98.66349725,0.19473322,0.02070585,-561.15328821,3513.26202395,38553.58657977,25842.52955569,0.00048883,0.00055079,-0.09020642,0.51554267,5.93180724,17.00000000,PASSIVE_BUY
2248,98.68697590,98.68336201,0.15386937,0.02016967,203.21945194,3132.79576176,37424.47026487,22222.67016950,0.00048869,0.00055030,0.06646091,0.51554267,5.78930244,16.00000000,PASSIVE_SELL
2249,98.55369525,98.55067506,0.04993362,0.02033377,-541.61498974,2397.97960286,24178.41056230,20897.41741324,0.00052596,0.00055647,-0.16093203,0.49861717,5.66495797,15.00000000,PASSIVE_SELL
2250,98.62099656,98.62447131,-0.23589314,0.02005027,600.03127311,3177.54110976,18993.92953221,37173.48665656,0.00052813,0.00055814,0.20058195,0.49861717,6.68450266,16.00000000,PASSIVE_BUY
2251,98.66331969,98.66049890,0.07452987,0.02087447,303.94104849,3878.83305745,26945.04059483,23204.25911340,0.00052942,0.00055857,-0.02497817,0.49861717,5.76785312,15.00000000,PASSIVE_SELL
2252,98.67368463,98.67228116,-0.06597093,0.02029093,538.45473778,4982.85625578,28079.07414502,30967.82779020,0.00051910,0.00055855,-0.03195820,0.50483839,5.79244834,14.00000000,PASSIVE_SELL
2253,98.73586933,98.72917574,-0.00290937,0.02000045,274.19396272,4616.68397105,29815.81233208,30144.50320969,0.00052392,0.00055569,0.05181977,0.50483839,5.86652140,13.00000000,PASSIVE_SELL
2254,98.76399638,98.75877404,-0.14418512,0.02001811,341.87209018,5741.08157159,24957.96525074,28788.14850025,0.00052382,0.00055237,-0.03405766,0.51743682,5.90455155,12.00000000,PASSIVE_SELL
2255,98.80866724,98.81628057,0.30541480,0.02073179,874.17487789,6875.69652981,34662.85918415,19566.38860445,0.00052526,0.00055042,0.01654382,0.51743682,6.45096782,13.00000000,PASSIVE_BUY
2256,98.73139366,98.73138791,0.02239202,0.02035564,-880.51423536,5730.95394434,23207.67287881,22242.31464902,0.00053091,0.00055354,-0.12194444,0.51777496,5.44641127,13.00000000,HOLD
2257,98.66206269,98.66982992,0.06424917,0.02062840,-446.89025280,4530.78781393,28897.46512369,29494.87645978,0.00052802,0.00055561,0.00794261,0.51777496,4.55542290,14.00000000,PASSIVE_BUY
2258,98.75193826,98.75664468,0.21118551,0.02030776,370.81072185,5706.53824876,37017.36481006,22846.58005666,0.00053119,0.00055346,0.15920653,0.51263748,5.82383471,15.00000000,PASSIVE_BUY
2259,98.66457821,98.66979509,-0.01198032,0.02007335,-396.67808680,4606.40167395,24458.33671157,25832.81576671,0.00054891,0.00055606,-0.17723562,0.51263748,4.52347062,16.00000000,PASSIVE_BUY
2260,98.63235211,98.63071721,0.04773373,0.02013670,-440.97154607,4887.03919591,25086.68185603,21836.50756845,0.00053741,0.00055623,0.05513395,0.50728539,5.75765282,15.00000000,PASSIVE_SELL
2261,98.61225802,98.61177532,-0.03843256,0.02048334,-448.81923583,3551.62094671,23855.20105996,27818.15166144,0.00053891,0.00055646,0.01213202,0.50728539,5.74537395,14.00000000,PASSIVE_SELL
2262,98.61854951,98.62406872,0.08469421,0.02010040,807.21588367,3862.31068483,18363.85854551,18337.77511971,0.00052395,0.00055590,0.02638556,0.49494013,5.84350488,15.00000000,PASSIVE_BUY
2263,98.54662789,98.54560321,0.03345647,0.02113340,-915.72509054,2535.20935665,27938.69204691,28400.11454920,0.00052508,0.00055131,-0.07821309,0.50621745,5.67645180,14.00000000,PASSIVE_SELL
2264,98.49832688,98.49859660,0.13275945,0.02007768,-833.51411112,955.93221606,31686.21483165,22030.10666694,0.00052756,0.00054685,0.02362060,0.51276690,5.01027648,15.00000000,PASSIVE_BUY
2265,98.51976850,98.52228025,-0.10242844,0.02017326,931.43492226,1694.37661216,20468.05387882,28317.03492663,0.00051889,0.00054217,0.06974263,0.51276690,5.34198745,16.00000000,PASSIVE_BUY
2266,98.46793329,98.46807910,-0.09222595,0.02040629,-893.12690054,487.51792721,20293.59400761,24410.71343822,0.00052089,0.00053956,-0.07327683,0.49654647,4.52282724,17.00000000,PASSIVE_BUY
2267,98.44481218,98.43933054,0.06140215,0.02001138,-784.55707889,451.91885636,26050.94962405,17448.85666295,0.00049712,0.00053975,0.02871410,0.50270336,5.57461686,16.00000000,PASSIVE_SELL
2268,98.51096515,98.51530398,0.15707693,0.02071313,526.85339242,395.18494680,30902.19694871,22966.57800227,0.00050558,0.00053671,0.08927408,0.50270336,6.64342093,17.00000000,PASSIVE_BUY
2269,98.53905939,98.54049387,-0.04364570,0.02028919,322.00269110,908.77567395,27112.26289164,31044.34817780,0.00050593,0.00053678,-0.03805873,0.50270336,7.13116762,18.00000000,PASSIVE_BUY
2270,98.50385963,98.49774122,-0.00566338,0.02041469,-653.40802329,1141.05958809,26290.18757488,25510.99542722,0.00050695,0.00053426,-0.06329400,0.49603036,5.61377174,17.00000000,PASSIVE_SELL
2271,98.42696281,98.42436277,-0.12587174,0.02032682,-581.19906051,917.32811864,22670.58387216,26212.85376065,0.00051953,0.00053644,-0.04169707,0.50518597,5.54774126,16.00000000,PASSIVE_SELL
2272,98.40611569,98.40027817,-0.04709243,0.02016438,-756.76830597,-595.10511203,24556.32907651,26459.86862178,0.00052049,0.00053666,0.05604971,0.50518597,5.53819461,15.00000000,PASSIVE_SELL
2273,98.48374332,98.49114129,-0.04575352,0.02076433,814.57283987,-335.61376874,25700.61285338,32114.85750981,0.00053041,0.00053840,0.09847475,0.49614180,6.71299122,16.00000000,PASSIVE_BUY
2274,98.46908322,98.46586413,-0.25156861,0.02039680,-721.86507455,-548.28355730,18724.80759934,29354.10801093,0.00053026,0.00053821,-0.09228772,0.49614180,5.59596250,15.00000000,PASSIVE_SELL
2275,98.37438810,98.37230392,-0.13480988,0.02054076,-504.48728717,-1742.03151837,24927.19811750,28968.83964278,0.00053741,0.00053732,-0.08003503,0.51360141,5.51053006,14.00000000,PASSIVE_SELL
2276,98.34674843,98.34330262,-0.05131713,0.02003224,-654.73293564,-1796.63137741,27059.26031996,27886.74791773,0.00053362,0.00053477,0.06705545,0.51360141,5.49621192,13.00000000,PASSIVE_SELL
2277,98.39231126,98.38478777,-0.00970732,0.02019787,481.72866875,-1860.45796629,29607.25281111,28839.37381247,0.00052993,0.00052995,0.07320250,0.51119295,5.55087989,12.00000000,PASSIVE_SELL
2278,98.49649295,98.50066848,0.02030801,0.02087245,601.82655890,-1559.37946705,19359.49567774,22275.62990214,0.00054631,0.00053413,0.05861887,0.51119295,6.81149647,13.00000000,PASSIVE_BUY
2279,98.45047369,98.45248967,-0.03587770,0.02045060,-683.13158555,-1718.87832766,23207.97362341,28251.95922540,0.00055001,0.00053491,-0.15020096,0.51342074,6.22347133,14.00000000,PASSIVE_BUY
2280,98.45510593,98.45308342,-0.18169480,0.02041791,581.23026722,-590.60012012,25341.27016587,38401.52889408,0.00054964,0.00053489,0.05065150,0.51959274,5.59357787,13.00000000,PASSIVE_SELL
2281,98.46868639,98.46766776,-0.13405759,0.02060778,687.85461072,-298.06062536,19730.25907674,30864.20431133,0.00054883,0.00053476,0.00894823,0.51959274,5.61632305,12.00000000,PASSIVE_SELL
2282,98.50111697,98.49966830,0.07218342,0.02001513,572.15914801,724.96573957,32404.13373679,27860.72700100,0.00054936,0.00052892,0.01885011,0.51937311,5.66202076,11.00000000,PASSIVE_SELL
2283,98.49143067,98.49898988,-0.05917048,0.02039100,-292.50542916,4.50814097,26084.16864715,33485.28103172,0.00053880,0.00052900,-0.04211687,0.51937311,5.56566695,12.00000000,PASSIVE_BUY
2284,98.47556567,98.47037114,-0.19247219,0.02051258,-466.81510516,-593.96813543,20496.86973882,28596.76704919,0.00053486,0.00052917,-0.00617870,0.51937311,5.63647299,11.00000000,PASSIVE_SELL
2285,98.38605595,98.38787628,0.34838536,0.02080693,-400.07383332,-1608.09219492,31966.65532981,15740.80470206,0.00054337,0.00053135,-0.07364473,0.52165522,4.66226948,12.00000000,PASSIVE_BUY
2286,98.30267565,98.31019931,0.17730947,0.02040115,-504.89148303,-1524.96490654,32479.60273009,22423.60184608,0.00054913,0.00053303,0.00612943,0.51818570,3.67190656,13.00000000,PASSIVE_BUY
2287,98.36808137,98.36462091,-0.09750133,0.02043858,311.90362532,-882.98751001,26372.92508566,30398.09794244,0.00055186,0.00053497,0.14878600,0.51818570,5.54248678,12.00000000,PASSIVE_SELL
2288,98.31635188,98.31695175,-0.10794032,0.02009594,-616.79608285,-1819.77678472,21982.72662940,28603.47390437,0.00055435,0.00053599,-0.11713520,0.50072755,4.93178090,13.00000000,PASSIVE_BUY
2289,98.30819176,98.30631773,0.01948106,0.02059963,-714.17913043,-2067.27959283,27137.04090340,30225.53718231,0.00055291,0.00053592,0.04356937,0.49378868,5.48724961,12.00000000,PASSIVE_SELL
2290,98.34173383,98.34203175,0.12954724,0.02010852,723.19338514,-771.05432539,24283.62690755,16406.73131082,0.00055532,0.00053397,0.04170218,0.49720655,5.89980862,13.00000000,PASSIVE_BUY
2291,98.36501586,98.36457342,0.18071907,0.02045917,845.11256401,-187.88983631,29304.21496098,19467.97560643,0.00054670,0.00053356,-0.01026003,0.49720655,5.54383181,12.00000000,PASSIVE_SELL
2292,98.33974344,98.33695070,-0.09344319,0.02050521,-746.16546352,-1485.60676495,23502.09833233,31889.90009327,0.00054586,0.00053305,-0.04855445,0.50228897,5.52855873,11.00000000,PASSIVE_SELL
2293,98.24062982,98.23195233,-0.32702871,0.02004671,-633.32432658,-2845.97319936,18798.28678587,36079.25062200,0.00055944,0.00053770,-0.07384120,0.50228897,5.44176100,10.00000000,PASSIVE_SELL
2294,98.19176276,98.19129668,0.08271162,0.02041685,-419.32736946,-3773.58891240,22968.86335305,20078.52323764,0.00056205,0.00053780,0.05024656,0.50777128,5.40143672,9.00000000,PASSIVE_SELL
2295,98.25614242,98.26114033,-0.08044813,0.02015282,560.75044905,-3555.29998221,21719.10231700,31071.46248920,0.00057040,0.00053964,0.11324671,0.50777128,5.99093004,10.00000000,PASSIVE_BUY
2296,98.23265858,98.23250017,-0.09492477,0.02017148,-551.97136348,-4770.66950520,22909.57047333,31765.26076744,0.00056430,0.00053927,-0.08786349,0.50397575,5.43890455,9.00000000,PASSIVE_SELL
2297,98.11699504,98.11816107,0.05017130,0.02056406,-764.13996402,-4973.65618101,20187.18345520,19651.45594727,0.00058300,0.00054051,-0.09217971,0.51109872,4.40821471,10.00000000,PASSIVE_BUY
2298,98.11458584,98.11373674,0.11701438,0.02014844,-663.85029034,-5840.72592329,27749.20221251,21991.58062859,0.00058047,0.00054003,0.11325434,0.51109872,5.33452708,9.00000000,PASSIVE_SELL
2299,98.12302788,98.12333284,0.06822507,0.02016608,390.87200231,-4908.23893123,28409.66967549,26412.91574206,0.00055356,0.00053973,0.01085125,0.50346985,5.42058850,10.00000000,PASSIVE_BUY
2300,98.11864059,98.11624470,0.01666919,0.02004596,-422.94014565,-5931.21034999,31555.66454786,31454.69925921,0.00054258,0.00053786,-0.01282933,0.50346985,5.34016329,9.00000000,PASSIVE_SELL
2301,98.11512437,98.11090603,0.15425287,0.02011995,-238.45465605,-6473.60605453,29486.49193819,19573.42592829,0.00053735,0.00053682,0.00087107,0.50346985,5.34641106,8.00000000,PASSIVE_SELL
2302,98.12890387,98.12981879,-0.11816580,0.02018588,204.05068139,-6808.01011092,19073.09994563,24073.33160109,0.00053766,0.00053350,0.01729573,0.50346985,5.46674004,9.00000000,PASSIVE_BUY
2303,98.12303177,98.11969557,-0.00827701,0.02049249,-376.86159872,-7459.06567236,27415.34064975,23704.85067583,0.00052722,0.00053348,-0.01965161,0.49578927,5.35372276,8.00000000,PASSIVE_SELL
2304,98.11209088,98.11262879,-0.08405735,0.02033754,-589.29700913,-8390.23477166,19659.31576021,27316.74056832,0.00052398,0.00053332,-0.00506880,0.50295073,5.27636436,9.00000000,PASSIVE_BUY
2305,98.09386847,98.09939390,-0.12336594,0.02081891,-600.32825817,-9864.73790772,22832.57585918,33143.25579394,0.00051731,0.00053309,-0.00728151,0.50295073,5.12277219,10.00000000,PASSIVE_BUY
2306,98.11061767,98.10871659,0.17012773,0.02078657,270.54147139,-8713.68220097,29426.32725566,20291.05380165,0.00051101,0.00053229,0.03497159,0.50165855,5.33800355,9.00000000,PASSIVE_SELL
2307,98.03956965,98.03049106,-0.26999041,0.02082746,-604.56673224,-8871.35868042,21035.04862447,28352.74552090,0.00051151,0.00053179,-0.08779721,0.50165855,5.27720571,8.00000000,PASSIVE_SELL
2308,98.03961785,98.04580733,0.02514621,0.02020097,210.27143799,-9031.89796429,29212.78059651,29445.55587968,0.00049002,0.00053077,0.07109621,0.50165855,5.28769180,9.00000000,PASSIVE_BUY
2309,98.04237316,98.04122057,-0.05815854,0.02000819,285.88047463,-8349.33940285,20970.48995955,27806.83340778,0.00047898,0.00052407,0.00270711,0.50125209,5.28515066,8.00000000,PASSIVE_SELL
2310,98.05776577,98.06061899,-0.12274744,0.02001879,766.26385130,-7142.10400548,20779.16663994,32661.66887277,0.00047973,0.00052281,0.01263730,0.49587766,5.41830093,9.00000000,PASSIVE_BUY
2311,98.03539048,98.02734389,-0.08162449,0.02043533,-910.87398531,-7604.15875496,20047.60706838,17870.59291840,0.00047983,0.00052075,-0.03776790,0.49587766,5.27718644,8.00000000,PASSIVE_SELL
2312,98.10581710,98.10544626,-0.23161378,0.02075043,804.79976537,-7606.57487325,18352.18905951,31704.39456463,0.00049332,0.00052113,0.09280191,0.48239108,5.35688542,7.00000000,PASSIVE_SELL
2313,98.14853913,98.14984191,-0.03571590,0.02012187,610.56184472,-6080.28793799,21302.36247122,23628.94131735,0.00049074,0.00051766,-0.02770459,0.48239108,5.66600055,8.00000000,PASSIVE_BUY
2314,98.10213398,98.10250928,-0.00671359,0.02056564,-510.79852703,-5757.57235390,25151.49599416,28259.30791237,0.00049046,0.00051817,-0.08912718,0.47424353,5.30504217,9.00000000,PASSIVE_BUY
2315,98.12846255,98.12829427,-0.03610180,0.02017486,675.30342038,-6013.70385578,24664.85238199,27783.48568351,0.00049113,0.00051832,0.07273373,0.48013724,5.37139853,8.00000000,PASSIVE_SELL
2316,98.09696325,98.09751334,-0.13149321,0.02021075,-777.55012234,-5898.12707758,13742.07524493,24124.51639586,0.00048823,0.00051883,-0.05782788,0.49363913,5.12950950,9.00000000,PASSIVE_BUY
2317,98.10569306,98.10338166,-0.35592557,0.02020056,706.60186886,-4406.96812983,14179.63366707,36687.48567499,0.00048822,0.00051877,0.04022910,0.49363913,5.35428264,8.00000000,PASSIVE_SELL
2318,98.06993745,98.06664421,-0.05052228,0.02005510,-749.70546132,-5683.52698357,24368.07935844,26637.68968733,0.00047822,0.00051503,-0.04448541,0.48920713,5.32906370,7.00000000,PASSIVE_SELL
2319,98.06601130,98.07091851,0.03373550,0.02000585,-360.91852219,-6366.44819685,25368.69753001,26393.07055644,0.00047528,0.00051326,0.03182946,0.49445690,5.31158358,8.00000000,PASSIVE_BUY
2320,98.07027397,98.07101247,0.08916108,0.02044465,452.79885094,-5260.24132263,33192.77968236,26408.53725945,0.00047419,0.00051316,0.00818881,0.49445690,5.35590723,9.00000000,PASSIVE_BUY
2321,98.03325369,98.03738728,0.04273429,0.02064684,-477.50821435,-5156.55047647,22548.95044805,23728.54049728,0.00046569,0.00051317,-0.04128294,0.48438812,5.03304820,10.00000000,PASSIVE_BUY
2322,98.08754943,98.09077973,0.06634084,0.02054736,519.26890067,-3880.51326983,29958.49133174,29801.23198663,0.00047363,0.00051378,0.09131601,0.48438812,5.58627929,11.00000000,PASSIVE_BUY
2323,98.16237069,98.15985803,-0.16102439,0.02011483,442.34970269,-4252.73640702,19387.42997681,31465.98033431,0.00047270,0.00051616,0.02052552,0.49841450,5.40056312,10.00000000,PASSIVE_SELL
2324,98.18692993,98.17810799,-0.08944291,0.02077342,450.38290677,-3080.48842569,31474.72726840,30967.29718897,0.00047459,0.00051637,-0.05026202,0.49841450,5.43254541,9.00000000,PASSIVE_SELL
2325,98.15471937,98.15931694,-0.18588757,0.02008216,-133.73450783,-2709.73564636,22208.07495679,34051.45361991,0.00045844,0.00051468,-0.05676979,0.48898268,5.15269147,10.00000000,PASSIVE_BUY
2326,98.17122218,98.17371849,0.06367630,0.02002431,462.25109838,-1592.75161234,27229.15821014,25971.97712694,0.00045813,0.00051469,0.04871336,0.48898268,5.32773167,11.00000000,PASSIVE_BUY
2327,98.11130717,98.10592343,0.03921136,0.02081441,-665.98622765,-2740.46650873,31893.48488424,23301.35367933,0.00045940,0.00051614,-0.07641781,0.48186419,5.35441924,10.00000000,PASSIVE_SELL
2328,98.10567980,98.10137190,-0.02221380,0.02009266,-576.86319212,-3919.15625975,21787.61315612,20979.34322090,0.00043089,0.00051610,0.05428764,0.48186419,5.36208606,9.00000000,PASSIVE_SELL
2329,98.10786193,98.10835224,-0.02846972,0.02013052,927.71348074,-2308.31119346,26505.72546396,26890.52691164,0.00042751,0.00051596,0.00780949,0.47967941,5.39179044,10.00000000,PASSIVE_BUY
2330,98.03553688,98.04215989,0.16230790,0.02063290,-511.29668899,-3400.83814967,26087.26385535,17076.95275436,0.00043723,0.00051859,-0.07450717,0.47817662,4.67885641,11.00000000,PASSIVE_BUY
2331,98.05869036,98.06278444,0.25352784,0.02047090,420.44329435,-3668.24946604,25509.84016239,14499.63141742,0.00043844,0.00051708,0.09547853,0.47817662,4.94378020,12.00000000,PASSIVE_BUY
2332,98.05524749,98.05794845,-0.05845586,0.02039362,-464.77521420,-4705.18382826,24775.92940461,32214.49233071,0.00043453,0.00051583,-0.02659636,0.47817662,4.91266256,13.00000000,PASSIVE_BUY
2333,98.00685720,98.00696774,0.01274888,0.02097227,-400.95480823,-4813.63320733,30665.89808356,27681.38635014,0.00043818,0.00051674,-0.04494743,0.48163763,4.29407485,14.00000000,PASSIVE_BUY
2334,98.00078405,98.00298179,0.10869836,0.02003704,-480.63090456,-4827.44900672,31918.35995695,24799.12025558,0.00043812,0.00051676,0.04231715,0.48163763,4.21906934,15.00000000,PASSIVE_BUY
2335,98.09361668,98.09510771,-0.13656091,0.02032818,572.12637666,-3855.24879674,22208.70395189,29383.42317121,0.00044625,0.00051984,0.09890577,0.46760323,5.62172286,16.00000000,PASSIVE_BUY
2336,98.05240183,98.05580300,0.10718748,0.02044488,-536.38181389,-3886.73912760,23716.62375568,18900.08828426,0.00043501,0.00051501,-0.13404748,0.46062604,4.97250773,17.00000000,PASSIVE_BUY
2337,98.12260252,98.12577887,0.03224972,0.02022737,707.05701115,-3491.58574177,22950.45014935,23318.84303521,0.00043673,0.00051746,0.11141554,0.46062604,6.17603315,18.00000000,PASSIVE_BUY
2338,98.17290004,98.18146904,0.10540203,0.02008699,511.89860993,-2362.89104899,20839.27369820,19045.74333007,0.00043829,0.00051840,-0.01990317,0.46477175,7.09143193,19.00000000,PASSIVE_BUY
2339,98.23642041,98.23449103,0.10648816,0.02009628,331.85673068,-1316.85518789,29449.52350101,24085.64851919,0.00044829,0.00051801,0.01322286,0.46477175,5.43146445,18.00000000,PASSIVE_SELL
2340,98.24912437,98.24480472,-0.14519687,0.02028392,652.40741645,-1387.64115658,25884.69482974,29643.86326689,0.00044591,0.00051520,-0.05081642,0.48129369,5.45271544,17.00000000,PASSIVE_SELL
2341,98.19332130,98.18379643,-0.19368413,0.02049518,-582.11772676,-2814.87144734,20962.93696263,23550.47226369,0.00045089,0.00050814,-0.06850702,0.46697805,5.40546983,16.00000000,PASSIVE_SELL
2342,98.20849253,98.19887481,0.06994870,0.02062254,401.20735446,-1667.49862936,30042.84503899,21749.78310931,0.00045052,0.00050805,0.07097429,0.46697805,5.42999716,15.00000000,PASSIVE_SELL
2343,98.20604641,98.21016958,0.04433942,0.02064709,-123.64054783,-1157.81485062,25924.61824175,29198.08831461,0.00042814,0.00050745,-0.01761734,0.46697805,5.40362897,16.00000000,PASSIVE_BUY
2344,98.26042426,98.26724339,-0.04029945,0.02048908,425.33738484,-313.15009631,23403.42910491,27504.15917164,0.00042934,0.00050872,0.05682396,0.45417454,6.28391908,17.00000000,PASSIVE_BUY
2345,98.15701755,98.15762645,-0.00255126,0.02080061,-536.65179613,-1410.55234149,29191.59550044,28318.07705401,0.00044464,0.00051382,-0.15778456,0.45417454,4.53640535,18.00000000,PASSIVE_BUY
2346,98.19711999,98.19621110,0.00887583,0.02082184,442.52916847,-416.05180954,27245.01161294,27690.03301984,0.00044750,0.00051373,0.14350915,0.45430782,5.39995721,17.00000000,PASSIVE_SELL
2347,98.17896817,98.18109446,0.03994424,0.02063998,-430.43842831,-82.35027383,25264.55833200,25273.75004245,0.00041602,0.00051368,-0.05825426,0.45430782,5.10169630,18.00000000,PASSIVE_BUY
2348,98.17400703,98.17047386,-0.11540095,0.02026186,-687.95433696,-106.45432045,26475.43045643,33165.49428992,0.00041608,0.00051353,0.01319067,0.47112397,5.38348421,17.00000000,PASSIVE_SELL
2349,98.12044668,98.12276438,-0.02985164,0.02091070,-347.74542067,-845.07174343,21406.28270795,25393.36772162,0.00042318,0.00051486,-0.04859920,0.47112397,4.48341363,18.00000000,PASSIVE_BUY
2350,98.11259665,98.11364733,0.07737883,0.02052493,-470.83527969,-892.96687747,35340.25814942,27987.39044313,0.00042328,0.00051378,0.04571032,0.47804866,4.35237555,19.00000000,PASSIVE_BUY
2351,98.10163541,98.09934354,-0.17965830,0.02059699,-474.31866986,-1128.83089129,22673.59891617,31579.24691243,0.00042354,0.00051291,-0.00311120,0.47804866,5.30634100,18.00000000,PASSIVE_SELL
2352,98.05086839,98.05331006,-0.15923934,0.02081972,-371.77713397,-1704.65870665,20014.53452492,29640.68033671,0.00042907,0.00051297,-0.03980579,0.49702416,4.40294444,19.00000000,PASSIVE_BUY
2353,97.99845235,97.99914437,-0.15810435,0.02032959,-614.46918060,-1942.26628853,19628.09898296,28646.08249375,0.00043515,0.00051349,-0.00164902,0.49702416,3.41720438,20.00000000,PASSIVE_BUY
2354,98.08346772,98.07588503,-0.23998605,0.02031120,278.48964233,-1074.47963707,19328.63311083,28426.92621271,0.00045250,0.00051467,0.13743142,0.49702416,5.29020301,19.00000000,PASSIVE_SELL
2355,98.04722043,98.05089032,-0.06066957,0.02020878,-157.36078120,-631.51216010,27737.44725260,34132.50594160,0.00045469,0.00051503,-0.12126268,0.49327882,4.61160873,20.00000000,PASSIVE_BUY
2356,98.05578106,98.04611882,0.06098996,0.02035136,133.52066544,-768.53296605,29343.38730311,21567.62299799,0.00045418,0.00051355,0.04480793,0.49327882,5.26498028,19.00000000,PASSIVE_SELL
2357,98.05239135,98.04968568,-0.08092778,0.02070578,-157.04524523,-321.01147904,21128.32762560,27753.35816185,0.00044263,0.00051018,-0.01195034,0.49327882,5.26875365,18.00000000,PASSIVE_SELL
2358,98.12350805,98.12666548,0.11692275,0.02032778,593.40506612,62.12214910,30749.33378503,26653.73708490,0.00045404,0.00051098,0.07450640,0.48359867,6.55901805,19.00000000,PASSIVE_BUY
2359,98.18569511,98.18304271,0.06264783,0.02039400,500.09732030,276.33899477,22002.86134658,19857.74865586,0.00046217,0.00051293,-0.00892963,0.49686594,5.40204438,18.00000000,PASSIVE_SELL
2360,98.26766223,98.27705849,0.13787235,0.02000393,833.48808408,343.56322755,28630.26419734,20246.83738192,0.00047546,0.00051618,0.01978005,0.49686594,6.88745442,19.00000000,PASSIVE_BUY
2361,98.28070399,98.28854925,-0.18221210,0.02116474,306.65027835,1561.08749122,15207.41495109,28277.80943120,0.00047403,0.00050797,-0.06892536,0.49686594,7.14583020,20.00000000,PASSIVE_BUY
2362,98.30959440,98.30607679,-0.05149919,0.02026549,138.71037064,894.99809648,25981.88889480,27327.47963188,0.00046572,0.00050756,0.01584866,0.50677350,5.51010346,19.00000000,PASSIVE_SELL
2363,98.30747020,98.30402998,-0.16779352,0.02072534,-365.08449503,-80.64824328,16222.18142980,23572.26704324,0.00046237,0.00050310,-0.03101462,0.50677350,5.51420325,18.00000000,PASSIVE_SELL
2364,98.28202815,98.28493130,-0.09164530,0.02003968,-266.98173417,163.16854959,23661.44621721,29434.13950102,0.00045865,0.00050322,-0.02331785,0.51514807,5.06626618,19.00000000,PASSIVE_BUY
2365,98.26624177,98.25796925,-0.13142799,0.02107522,-721.88523361,-1234.02010440,21761.22162125,23382.96738683,0.00045825,0.00050228,0.00965567,0.51514807,5.47241261,18.00000000,PASSIVE_SELL
2366,98.21145148,98.21353539,0.02277468,0.02050539,-219.06000860,-675.52999066,27317.54428690,26159.04922851,0.00046302,0.00050372,-0.03900390,0.51514807,4.49644024,19.00000000,PASSIVE_BUY
2367,98.23176600,98.24019867,0.07585892,0.02085975,636.73386857,-745.39799095,28589.61430143,27987.94823993,0.00046365,0.00050394,0.07510480,0.50758810,4.89284595,20.00000000,PASSIVE_BUY
2368,98.29831960,98.29720769,-0.19617242,0.02010204,288.97220661,293.27967697,23758.15505977,36152.81729652,0.00046903,0.00050543,0.04623908,0.51023321,5.50926267,19.00000000,PASSIVE_SELL
2369,98.28339235,98.28237533,0.00887795,0.02011202,-520.00544917,134.19274999,32155.62609121,26749.32676533,0.00046970,0.00050546,-0.08148084,0.51023321,5.50430161,18.00000000,PASSIVE_SELL
2370,98.26578439,98.25986330,0.00361397,0.02017586,-395.53007273,-714.13617368,26732.65624303,26028.49186518,0.00047074,0.00050550,-0.00268071,0.51023321,5.49623899,17.00000000,PASSIVE_SELL
2371,98.29408194,98.29136236,0.13089655,0.02015572,379.84354065,143.21558132,34777.35578158,23185.66914203,0.00046815,0.00050412,0.04590551,0.49320113,5.53477546,16.00000000,PASSIVE_SELL
2372,98.31482073,98.30981262,-0.15325663,0.02016177,537.50165269,161.44833334,24017.22796154,28136.54345244,0.00046326,0.00050127,-0.00755876,0.49455348,5.56554978,15.00000000,PASSIVE_SELL
2373,98.34587018,98.35481246,0.05072828,0.02048435,706.46227068,425.56090134,26691.35172905,25949.34802750,0.00045356,0.00049923,0.01031066,0.49455348,6.04153366,16.00000000,PASSIVE_BUY
2374,98.40442982,98.39679663,-0.11876023,0.02045637,80.46412804,55.64212261,28723.78309142,31504.45433863,0.00045934,0.00050098,0.02751019,0.49455348,5.65242625,15.00000000,PASSIVE_SELL
2375,98.51447728,98.51760070,0.16056655,0.02040656,945.39608770,1134.77271814,23283.20349533,17130.47911906,0.00048003,0.00050706,0.05148782,0.51152757,7.31334139,16.00000000,PASSIVE_BUY
2376,98.56310144,98.56288302,0.13651979,0.02049219,691.05039736,1363.57201712,25712.67976193,18486.40557397,0.00048346,0.00050753,-0.06142330,0.51931398,5.80524617,15.00000000,PASSIVE_SELL
2377,98.50357604,98.50772549,-0.02508339,0.02058489,-604.64315408,1424.91509069,26266.41849500,27138.07100830,0.00048328,0.00050870,-0.10814955,0.51931398,4.92265771,16.00000000,PASSIVE_BUY
2378,98.56774658,98.57078315,-0.00630907,0.02020921,406.60211175,2408.38039456,26201.63068214,28985.15486566,0.00048940,0.00051020,0.12369593,0.50230492,5.95949096,17.00000000,PASSIVE_BUY
2379,98.66448711,98.66385634,-0.00295673,0.02101450,524.33980349,2005.00671731,29938.40349010,26614.70373996,0.00050476,0.00050921,0.03256998,0.50434570,5.89810191,16.00000000,PASSIVE_SELL
2380,98.70053358,98.69714898,-0.06973010,0.02022888,644.23266754,3160.53607383,24762.80997174,28080.51143850,0.00049101,0.00050923,-0.06069406,0.50434570,5.95015498,15.00000000,PASSIVE_SELL
2381,98.77545876,98.77710215,-0.22878140,0.02006414,565.25130745,3305.34408693,15718.88262246,26612.51565920,0.00049856,0.00050944,0.03887872,0.50717693,7.08406481,16.00000000,PASSIVE_BUY
2382,98.78393489,98.77784519,-0.00059585,0.02022562,214.63123789,3984.75053902,25169.77640023,19691.03622770,0.00049797,0.00050772,-0.06644906,0.50717693,6.03015544,15.00000000,PASSIVE_SELL
2383,98.82073739,98.81697461,-0.01709927,0.02040578,455.78909377,4841.49444102,15327.23590045,18332.77866851,0.00049035,0.00050811,0.02832638,0.50717693,6.07589972,14.00000000,PASSIVE_SELL
2384,98.89707132,98.90040888,0.32390633,0.02008314,648.74290061,5970.86824619,34218.30312291,20667.00397177,0.00049648,0.00051073,0.03953142,0.52467476,7.15461630,15.00000000,PASSIVE_BUY
2385,98.92348669,98.93308533,0.09714686,0.02079491,580.48576303,5979.22763255,29193.93605651,30463.14883304,0.00048452,0.00050856,-0.04991856,0.52467476,7.56124422,16.00000000,PASSIVE_BUY
2386,99.01828084,99.01788098,0.06939550,0.02035736,395.55162860,6911.16107505,27941.88795181,23188.05976925,0.00048941,0.00050880,0.06837879,0.53490422,6.25493929,15.00000000,PASSIVE_SELL
2387,99.02837056,99.03375488,0.22725404,0.02001404,654.90119824,6859.00526215,27545.52256101,20512.12583823,0.00048389,0.00050673,-0.08470443,0.53490422,6.41629209,16.00000000,PASSIVE_BUY
2388,99.01585022,99.01925458,-0.07999896,0.02047630,-456.31811583,5890.78853639,12822.50963934,17525.25101572,0.00048348,0.00050424,-0.02261005,0.52406468,6.22620488,17.00000000,PASSIVE_BUY
2389,98.97584297,98.96802228,0.02225661,0.02040574,-593.57451610,4965.35728961,24022.14821860,21350.76875891,0.00048518,0.00050519,-0.02748692,0.52406468,6.20389772,16.00000000,PASSIVE_SELL
2390,98.93275053,98.92563234,0.15799503,0.02015456,-260.01361963,4052.93625354,31870.96083881,21463.40061617,0.00049205,0.00050628,-0.00308518,0.52439466,6.17276641,15.00000000,PASSIVE_SELL
2391,98.92133913,98.92802432,0.10109420,0.02012226,-78.47537877,4556.57860153,26839.01226976,19329.31833331,0.00048305,0.00050587,0.03168103,0.52439466,6.01165646,16.00000000,PASSIVE_BUY
2392,98.98474540,98.98569378,-0.16506285,0.02055823,379.89125478,4535.26250184,20870.42771000,29325.16466838,0.00048795,0.00050750,0.07481768,0.52439466,7.03643597,17.00000000,PASSIVE_BUY
2393,99.06907650,99.06971220,0.13587740,0.02044362,728.50571877,5387.40876844,27021.35593712,22202.71938736,0.00049675,0.00050545,0.02092482,0.52491137,8.48028637,18.00000000,PASSIVE_BUY
2394,99.09397870,99.09237447,0.19029023,0.02049522,686.95391615,5649.02529975,34773.78696173,20925.57092047,0.00049394,0.00050565,-0.05942889,0.53011541,6.30466391,17.00000000,PASSIVE_SELL
2395,99.08299503,99.08234659,0.05951108,0.02015266,-686.51644507,5499.16065081,26944.54998475,20848.09842030,0.00046404,0.00050355,-0.03588587,0.51949189,6.30649701,16.00000000,PASSIVE_SELL
2396,99.13920236,99.13699030,-0.02539673,0.02014856,620.47790830,5677.10939063,17774.00853690,19476.46971721,0.00046607,0.00050459,0.06719100,0.51949189,6.37280942,15.00000000,PASSIVE_SELL
2397,99.16859432,99.17040008,-0.15890069,0.02033526,505.54436976,6613.09218870,23292.21661003,32871.02307533,0.00046317,0.00050471,-0.02681537,0.53004494,6.82385648,16.00000000,PASSIVE_BUY
2398,99.18265213,99.17912672,0.12262749,0.02020457,298.05904652,7599.10557218,32307.33199562,24035.47518840,0.00046187,0.00050445,-0.01533415,0.53004494,6.41529521,15.00000000,PASSIVE_SELL
2399,99.06334657,99.06098704,-0.07382414,0.02005606,-644.90395841,7301.94703444,26889.89920394,29622.35770119,0.00049147,0.00051115,-0.13336337,0.51936332,6.30705727,14.00000000,PASSIVE_SELL
2400,98.99281484,98.99174595,-0.16185112,0.02048401,-679.26458028,7093.51773385,23729.44643372,34127.24108519,0.00050620,0.00051286,0.04877382,0.51539277,6.24398587,13.00000000,PASSIVE_SELL
2401,99.05432111,99.04487108,-0.07739845,0.02009654,415.80842742,7983.64483113,30327.03688419,31896.08455215,0.00050819,0.00051436,0.13203801,0.51539277,6.31786522,12.00000000,PASSIVE_SELL
2402,99.04256820,99.03660863,0.03076323,0.02046975,-261.25051810,8094.17144700,26490.65703450,19792.10253566,0.00050003,0.00051227,-0.07325918,0.51539277,6.31429453,11.00000000,PASSIVE_SELL
2403,99.05081196,99.05387966,-0.05633030,0.02033372,609.53117152,9318.17179912,21813.94788840,29469.22562337,0.00048921,0.00051227,0.01999666,0.51934182,6.41514267,12.00000000,PASSIVE_BUY
2404,99.06178797,99.06522046,0.17264533,0.02043426,583.29585431,9622.97801110,31429.85381247,22575.86635698,0.00048038,0.00051225,0.00273226,0.53024369,6.55707190,13.00000000,PASSIVE_BUY
2405,98.99773628,98.99598153,0.01747467,0.02004600,-763.77388774,9016.56490457,28781.25562028,25695.43833352,0.00048843,0.00051457,-0.07502770,0.53024369,6.26258837,12.00000000,PASSIVE_SELL
2406,98.91229191,98.92219320,0.17124434,0.02080341,-273.88613886,8609.15810027,24524.97985850,21419.86191319,0.00051020,0.00051536,-0.02139267,0.53468400,5.24765773,13.00000000,PASSIVE_BUY
2407,98.86296939,98.86373323,-0.09286893,0.02042436,-778.05210138,7988.15124412,24348.77056228,29387.82592826,0.00051807,0.00051240,0.03612184,0.53468400,4.61667712,14.00000000,PASSIVE_BUY
2408,98.86769417,98.86811211,0.11680840,0.02057394,821.90383914,8216.65001714,28990.02769279,22485.45398776,0.00051206,0.00051033,0.05404730,0.52837434,4.69311098,15.00000000,PASSIVE_BUY
2409,98.76088251,98.76124463,0.09441178,0.02009379,-643.15941646,7073.39328037,29824.05112017,24159.73380684,0.00053548,0.00051625,-0.11153644,0.53287907,3.10098296,16.00000000,PASSIVE_BUY
2410,98.76764949,98.77052334,0.17593285,0.02019642,486.84969967,6726.75489596,26783.69975527,18722.39890382,0.00052559,0.00051289,0.11357864,0.53287907,3.21935283,17.00000000,PASSIVE_BUY
2411,98.86636017,98.86588465,-0.02061187,0.02038026,435.93803622,6856.04265383,30284.54753973,28142.58559836,0.00054040,0.00051742,0.09194370,0.53816425,6.14263415,16.00000000,PASSIVE_SELL
2412,98.86485464,98.86716091,-0.04486310,0.02029877,-418.10330155,6299.22898164,28546.25093995,31614.09904526,0.00054013,0.00051314,-0.10021621,0.53816425,6.12869508,17.00000000,PASSIVE_BUY
2413,98.88979208,98.89373349,0.12593161,0.02064750,651.44795261,7315.76142928,28651.59989478,23287.25511716,0.00054013,0.00051045,0.02644297,0.53175678,6.56295528,18.00000000,PASSIVE_BUY
2414,98.91367111,98.91545257,0.03733272,0.02017990,573.89681660,8156.63998006,27403.03491348,25344.98174309,0.00053768,0.00050996,-0.00105840,0.53175678,7.00286787,19.00000000,PASSIVE_BUY
2415,98.96076264,98.95282578,0.06053505,0.02016549,300.49339591,9179.01860958,29095.11153763,22632.67046040,0.00053823,0.00050859,0.02321249,0.54902112,6.21805539,18.00000000,PASSIVE_SELL
2416,98.97891544,98.98041833,0.13900164,0.02031724,831.78567903,10229.86429720,31353.30880538,19632.09261515,0.00052891,0.00050793,-0.02893872,0.55830066,6.55496450,19.00000000,PASSIVE_BUY
2417,99.06319917,99.06634413,0.18536027,0.02008256,667.39403170,10260.52446033,29244.92301018,15946.89843662,0.00053778,0.00050471,0.06613092,0.55830066,8.16639656,20.00000000,PASSIVE_BUY
2418,99.02686029,99.03197489,-0.10661087,0.02017546,-499.44147880,9472.11077492,24318.79897223,30447.54336789,0.00053789,0.00050550,-0.12062260,0.56123434,7.44970671,21.00000000,PASSIVE_BUY
2419,98.99185361,98.99088813,-0.11641975,0.02014841,-818.86923475,9173.24698934,25760.55285459,33711.12285937,0.00054087,0.00050599,0.00133219,0.56123434,6.22313601,20.00000000,PASSIVE_SELL
2420,99.02032631,99.02382733,0.07191059,0.02035423,960.68469209,10529.46175416,31921.66804724,26529.10947662,0.00053924,0.00050581,0.06347939,0.54568072,6.80276730,21.00000000,PASSIVE_BUY
2421,99.04100161,99.04389984,-0.04464219,0.02010897,616.26329181,10765.88150533,26320.30554574,31950.60370656,0.00053896,0.00050594,-0.00779741,0.54752678,7.24700297,22.00000000,PASSIVE_BUY
2422,99.04393738,99.03744425,-0.16569870,0.02025276,283.11389864,10511.49375127,26948.39509236,35862.48419887,0.00053916,0.00050594,-0.01773953,0.54752678,6.26240928,21.00000000,PASSIVE_SELL
2423,99.00555798,98.99949938,-0.11686495,0.02083885,-500.25965309,9304.77182750,24026.33765493,27036.85619898,0.00054375,0.00050649,-0.04131517,0.54432963,6.22858841,20.00000000,PASSIVE_SELL
2424,98.99344307,98.99654066,0.14473560,0.02005826,-315.78101851,8908.52668095,28118.51793951,21142.86839653,0.00054084,0.00050641,0.02626449,0.54432963,5.99631932,21.00000000,PASSIVE_BUY
2425,99.03359504,99.03371715,-0.13059541,0.02052310,517.32765497,8480.45824822,29101.28838344,40320.95266946,0.00052346,0.00050455,0.05226689,0.54222894,6.84977241,22.00000000,PASSIVE_BUY
2426,99.01381957,99.01848931,-0.02540014,0.02041083,-433.23439551,7356.17345535,17909.41749478,20169.85366089,0.00052217,0.00050322,-0.05992745,0.54222894,6.42491737,23.00000000,PASSIVE_BUY
2427,98.99479998,99.00416162,0.01895897,0.02039622,-329.98911513,7630.82749429,25348.27586353,25618.66535587,0.00051432,0.00050163,0.00075589,0.54994604,5.99766493,24.00000000,PASSIVE_BUY
2428,99.00595988,99.00640727,0.02134743,0.02025890,265.85045422,7490.07583676,21570.71222084,19823.69612984,0.00050826,0.00050057,0.03017949,0.54994604,6.27563193,25.00000000,PASSIVE_BUY
2429,98.95594740,98.95220049,-0.07809358,0.02016350,-531.21007566,6434.52595762,21865.01374525,23797.44953188,0.00049857,0.00050188,-0.06117238,0.54739374,6.14863040,24.00000000,PASSIVE_SELL
2430,98.98023860,98.97971081,-0.08464783,0.02049339,610.85716278,6401.15045286,22487.26098243,25659.46557978,0.00049738,0.00050195,0.07430369,0.54739374,6.17937457,23.00000000,PASSIVE_SELL
2431,98.99312577,98.99635567,0.01310758,0.02046795,652.46496941,6488.36411482,31238.48418356,33003.90081687,0.00048732,0.00050176,-0.01140404,0.56353688,6.48601336,24.00000000,PASSIVE_BUY
2432,98.93455746,98.93464468,0.09553105,0.02033301,-764.89626902,5508.83660792,33090.38457552,27615.21068206,0.00049532,0.00050319,-0.07145548,0.56375739,5.08037389,24.00000000,HOLD
2433,98.87365199,98.87245096,-0.06766966,0.02006421,-982.55101452,4070.49649962,25431.56113551,26577.88871238,0.00050097,0.00050246,-0.00233715,0.56682319,6.07782534,23.00000000,PASSIVE_SELL
2434,98.89530533,98.90080171,0.09682233,0.02135823,712.18175761,4133.93535662,33317.75514258,29656.12447416,0.00049002,0.00050165,0.08255880,0.56682319,6.58653118,24.00000000,PASSIVE_BUY
2435,98.83786926,98.83101351,-0.28283441,0.02046604,-541.29091143,3012.15868217,20517.19851216,36593.96957423,0.00049512,0.00050216,-0.07908941,0.56682319,6.03758318,23.00000000,PASSIVE_SELL
2436,98.79420254,98.80344111,-0.12910499,0.02007403,-81.39557518,2535.21147839,16479.00531285,29255.74564508,0.00047848,0.00050122,0.01376935,0.55754004,5.04328556,24.00000000,PASSIVE_BUY
2437,98.81438290,98.81428298,0.07487130,0.02027732,260.83475959,2141.14503973,37642.26044586,33475.67725693,0.00047933,0.00049931,0.06384708,0.55754004,5.52761415,24.00000000,HOLD
2438,98.84396981,98.83818780,0.07613508,0.02008913,306.89772211,2904.36087766,29770.55961849,21091.42782217,0.00048155,0.00049937,0.00940656,0.55754004,6.05049373,23.00000000,PASSIVE_SELL
2439,98.86396993,98.86155009,0.15642387,0.02019730,403.93223244,3901.86762620,21803.45110287,14601.33412700,0.00047973,0.00049894,-0.00958679,0.56968343,6.07940272,22.00000000,PASSIVE_SELL
2440,98.97871913,98.97762662,0.00366255,0.02040687,693.72637493,4855.60762076,27620.85773450,26965.21814153,0.00050367,0.00050529,0.09474908,0.58173491,6.20215484,21.00000000,PASSIVE_SELL
2441,98.91425475,98.92197228,-0.01242800,0.02045531,-410.09747681,4523.98552273,26518.76429706,29043.81956980,0.00051185,0.00050521,-0.17921358,0.58173491,4.85863051,22.00000000,PASSIVE_BUY
2442,98.91969852,98.91149596,-0.11804160,0.02078002,62.08226537,4206.17653333,22282.52751885,23804.37953238,0.00050365,0.00050494,0.06990815,0.58173491,6.14326160,21.00000000,PASSIVE_SELL
2443,98.87094469,98.87407501,0.06584536,0.02026429,-192.90190597,3284.76890858,30363.77829285,30914.84648879,0.00049254,0.00050577,-0.05419759,0.58233141,5.12956337,22.00000000,PASSIVE_BUY
2444,98.86069730,98.85392425,-0.08512151,0.02050267,-561.55464314,2036.26034929,30165.28606726,29268.09539195,0.00049084,0.00050582,0.03850643,0.58233141,6.09018276,21.00000000,PASSIVE_SELL
2445,98.91605468,98.91282748,-0.30183387,0.02015604,432.07608597,3154.85288033,17186.75129381,32268.56277873,0.00049803,0.00050715,0.06560478,0.56661181,6.15908449,20.00000000,PASSIVE_SELL
2446,98.93640941,98.92862991,0.00348093,0.02002608,347.45209940,2881.82707144,29331.06016497,26047.63787437,0.00049184,0.00050606,-0.03500265,0.56661181,6.19068688,19.00000000,PASSIVE_SELL
2447,98.93960248,98.93700560,0.09602632,0.02086284,484.59679063,2860.87949231,23297.37749190,20489.90206063,0.00048960,0.00050524,-0.01716166,0.56661181,6.19678049,18.00000000,PASSIVE_SELL
2448,98.91251669,98.91159454,0.03577201,0.02006228,-609.14827736,1953.67216843,24808.52898443,23723.55999655,0.00048987,0.00050529,-0.03027886,0.54824212,6.18653060,17.00000000,PASSIVE_SELL
2449,98.93297985,98.93802764,0.01145448,0.02018000,871.18157076,3469.75769760,24764.57159956,25554.95717355,0.00046275,0.00049615,0.04754895,0.53574549,6.54449435,18.00000000,PASSIVE_BUY
2450,98.92068895,98.91689136,-0.16318891,0.02044258,-852.73863037,3296.28364752,18659.62896471,26120.82665514,0.00045252,0.00049402,-0.03275406,0.53574549,6.19164152,17.00000000,PASSIVE_SELL
2451,98.97429653,98.97266461,-0.01866381,0.02011491,804.15652379,3684.63174388,24317.43882829,25195.80831213,0.00045043,0.00049455,0.06589848,0.52744816,6.25792792,16.00000000,PASSIVE_SELL
2452,98.97826258,98.98142624,0.09287363,0.02080658,940.23139666,4886.11365864,27506.29615585,21583.74740927,0.00045025,0.00049451,-0.04964154,0.52885771,6.33178791,17.00000000,PASSIVE_BUY
2453,98.97331772,98.97381859,0.07255000,0.02006696,-804.44343446,3472.13905267,25190.43812575,25853.85656365,0.00045007,0.00049261,-0.00891090,0.52094323,6.25775879,18.00000000,PASSIVE_BUY
2454,98.98015453,98.97599381,0.10812896,0.02137940,464.10962582,3352.95282417,33638.44421998,26058.19755334,0.00044987,0.00049225,0.01178167,0.52094323,6.24569939,17.00000000,PASSIVE_SELL
2455,98.94990823,98.94345671,0.21878733,0.02014623,-563.26635314,3553.46035877,28262.64285538,15413.74936921,0.00044279,0.00049175,-0.03708311,0.50522115,6.23539158,16.00000000,PASSIVE_SELL
2456,98.97382295,98.97344047,-0.04868224,0.02040460,744.85283767,4572.19933529,17532.80358897,18077.46398158,0.00042692,0.00048883,0.05416102,0.50522115,6.26757083,15.00000000,PASSIVE_SELL
2457,98.95771170,98.95525139,-0.28868161,0.02012496,-727.58727089,4622.66416578,14237.08228704,24539.10885104,0.00042143,0.00048636,-0.04002597,0.49587640,6.26347955,14.00000000,PASSIVE_SELL
2458,98.92296117,98.92568167,-0.07656992,0.02065691,-293.01484551,3507.74548114,17947.85780173,20196.43907534,0.00042458,0.00048287,-0.01863928,0.49587640,5.78730057,15.00000000,PASSIVE_BUY
2459,98.96146690,98.96073427,-0.01046242,0.02077381,281.69051046,4432.59540806,24388.81935095,22129.05496213,0.00039800,0.00047943,0.07325626,0.49775984,6.26669333,14.00000000,PASSIVE_SELL
2460,98.93158810,98.92869793,-0.28349813,0.02037981,-721.43635395,3224.30935445,16792.91068497,29657.42558522,0.00040085,0.00047935,-0.06838453,0.49775984,6.24956541,13.00000000,PASSIVE_SELL
2461,99.06403435,99.06145739,0.05381558,0.02063603,745.08737719,3533.45869541,32428.64561892,25236.68615118,0.00041956,0.00048808,0.16232506,0.49036660,6.39079240,12.00000000,PASSIVE_SELL
2462,99.02304562,99.01335093,-0.08449982,0.02086880,-760.70410457,3190.85789239,28678.21636477,28249.14302207,0.00042429,0.00048904,-0.17343499,0.49861139,6.35895783,11.00000000,PASSIVE_SELL
2463,98.97615684,98.97002763,-0.03345789,0.02044644,-427.81078980,2111.59914998,32777.08812393,28950.10639894,0.00042890,0.00048741,-0.00590005,0.49861139,6.32440404,10.00000000,PASSIVE_SELL
2464,99.06928552,99.06391701,-0.00597899,0.02027655,505.26069917,2042.96303255,25998.62586508,27732.05168647,0.00044698,0.00049033,0.14001747,0.49861139,6.42843553,9.00000000,PASSIVE_SELL
2465,99.10763304,99.10608353,0.04180802,0.02021266,657.58393511,2400.05357175,32963.10307459,29263.52536206,0.00044538,0.00049081,-0.05478116,0.49409338,6.47714493,8.00000000,PASSIVE_SELL
2466,99.14462040,99.15123700,0.10448307,0.02062995,703.26348380,2271.53137652,33571.02235216,29173.49235482,0.00044748,0.00048981,-0.00136017,0.48530069,6.78335877,9.00000000,PASSIVE_BUY
2467,99.14794997,99.14508880,0.04101544,0.02056536,273.46001418,1877.59735900,27244.10196882,21330.27672832,0.00043197,0.00048944,-0.03365779,0.48530069,6.51438674,8.00000000,PASSIVE_SELL
2468,99.16020325,99.15553373,-0.06158488,0.02032825,460.23127981,2837.27011762,24538.03272900,25362.76878143,0.00042869,0.00048740,0.00892372,0.48530069,6.53763402,7.00000000,PASSIVE_SELL
2469,99.23060891,99.22640450,0.08523532,0.02014238,241.42406349,3897.56341586,25362.50806118,20337.66739021,0.00043561,0.00048941,0.05815237,0.48495461,6.61866849,6.00000000,PASSIVE_SELL
2470,99.21684906,99.22137246,-0.11185009,0.02047936,-237.93354874,2698.94517503,20022.22790606,27101.88626500,0.00043501,0.00048878,-0.08416550,0.48495461,6.54634912,7.00000000,PASSIVE_BUY
2471,99.22584628,99.22836027,-0.04288704,0.02068908,499.73817642,2582.42005964,26240.81883844,30003.30275061,0.00043441,0.00048535,0.02275705,0.48317224,6.61967414,8.00000000,PASSIVE_BUY
2472,99.29756783,99.29737088,0.01568162,0.02077221,645.91167095,2945.21783195,21877.13292439,24798.23664576,0.00044487,0.00048739,0.06272434,0.48359214,6.68107286,7.00000000,PASSIVE_SELL
2473,99.32220386,99.31897300,-0.01532232,0.02028413,634.83662801,4080.31411305,31256.38553148,33562.95882039,0.00044122,0.00048475,-0.04708552,0.48359214,6.71731519,6.00000000,PASSIVE_SELL
2474,99.33895714,99.33478592,0.09934649,0.02082831,422.10837762,4818.20350918,30184.84491206,18437.64229173,0.00044064,0.00048464,-0.00788276,0.48359214,6.74312217,5.00000000,PASSIVE_SELL
2475,99.39964669,99.39217635,-0.11089682,0.02044729,288.62676605,4589.50262026,19196.83958338,16416.76775280,0.00044469,0.00048100,0.04393628,0.48388309,6.81479741,4.00000000,PASSIVE_SELL
2476,99.40247736,99.40612300,0.02263478,0.02027890,603.82269564,5626.55971141,35541.31369169,35520.45042714,0.00044303,0.00048043,-0.05785887,0.48388309,6.83625957,5.00000000,PASSIVE_BUY
2477,99.36477622,99.36366350,-0.23087532,0.02038874,-438.54323735,5518.00558919,18705.52419569,35314.69359140,0.00044608,0.00048051,-0.04053182,0.46599672,6.78352125,4.00000000,PASSIVE_SELL
2478,99.42623899,99.41788366,-0.16589511,0.02005446,362.79341512,5614.94855009,24234.22458893,30885.28163485,0.00045251,0.00047688,0.09916392,0.46599672,6.85551267,3.00000000,PASSIVE_SELL
2479,99.38079260,99.37483902,-0.12724658,0.02073554,-244.14926655,5902.00935920,25388.29784423,35012.02338935,0.00045131,0.00047682,-0.10690917,0.45148526,6.81975296,2.00000000,PASSIVE_SELL
2480,99.37186668,99.36587360,-0.05810348,0.02045678,-148.35128038,5142.80091604,20451.12705315,24794.08004222,0.00045137,0.00047692,0.03652047,0.45148526,6.82119481,1.00000000,PASSIVE_SELL
2481,99.40313695,99.40046112,-0.06846380,0.02028557,199.04898735,4689.38493398,27083.02013293,27387.05150487,0.00045253,0.00047725,0.04019619,0.45148526,6.86260787,0.00000000,PASSIVE_SELL
2482,99.33558038,99.33467863,-0.00215925,0.02019516,-535.19368813,4919.08751487,29633.27879665,29650.10117593,0.00045531,0.00047957,-0.09882684,0.45695437,6.87270545,-1.00000000,PASSIVE_SELL
2483,99.31988625,99.32051765,-0.09748838,0.02017384,-717.61077311,5184.02775628,16096.41568369,20583.18372564,0.00044571,0.00047968,0.05186244,0.46769181,6.89848650,0.00000000,PASSIVE_BUY
2484,99.27018596,99.26070258,0.19749106,0.02006780,-829.61731730,3642.22868137,25628.80946274,14063.42831513,0.00045288,0.00048099,-0.03400616,0.46769181,6.90852040,-1.00000000,PASSIVE_SELL
2485,99.32685652,99.32086951,-0.32113575,0.02015356,526.97713041,4710.49672321,17182.40209435,26830.72303535,0.00044816,0.00047770,0.10637085,0.46769181,6.86192662,-2.00000000,PASSIVE_SELL
2486,99.36524319,99.36468822,0.00574404,0.02000071,739.59725296,5531.48955134,25132.39820776,24659.72615704,0.00044315,0.00047405,-0.01828389,0.46274292,6.79515363,-3.00000000,PASSIVE_SELL
2487,99.38343856,99.37800484,0.06433191,0.02066617,501.65170392,5772.30649568,27266.48379578,24859.67841644,0.00044307,0.00047216,-0.02019130,0.45972372,6.75090061,-4.00000000,PASSIVE_SELL
2488,99.34660178,99.34426486,-0.09451905,0.02067175,-398.91381254,5066.49496103,21598.39661802,21747.80660180,0.00044740,0.00047134,-0.05503215,0.45972372,6.90858361,-5.00000000,PASSIVE_SELL
2489,99.28739737,99.28698785,0.07171787,0.02040449,-665.96708697,3996.59564162,26883.29208546,24995.21056651,0.00045765,0.00047346,-0.02236763,0.46907533,7.21480789,-6.00000000,PASSIVE_SELL
2490,99.37751036,99.38676191,-0.26741716,0.02044315,744.53973986,4047.40900656,13783.70899460,25125.16126759,0.00044702,0.00047687,0.14931740,0.46907533,6.82020745,-5.00000000,PASSIVE_BUY
2491,99.34672631,99.33927830,-0.01868884,0.02076536,-469.84282853,3987.66365483,29339.79580370,32539.65556088,0.00043831,0.00047737,-0.12089704,0.46210489,6.98451038,-6.00000000,PASSIVE_SELL
2492,99.24495698,99.24671123,0.04082268,0.02008281,-294.35342625,3631.22796321,23213.08639279,22807.66749854,0.00046515,0.00048288,-0.07098528,0.46210489,6.95178488,-5.00000000,PASSIVE_BUY
2493,99.28094249,99.28472859,-0.05962477,0.02000870,306.28714677,4130.41701596,22774.32597396,22259.05871005,0.00045999,0.00047757,0.13775484,0.46210489,6.92595194,-4.00000000,PASSIVE_BUY
2494,99.31053136,99.31221462,0.15415014,0.02095144,371.45801234,5063.42967143,27523.99602314,20304.01690227,0.00046017,0.00047628,-0.00639663,0.46063385,6.90542466,-3.00000000,PASSIVE_BUY
2495,99.25494907,99.25479168,0.04053690,0.02037087,-537.16193584,4094.19164962,21720.50651996,24238.44594937,0.00046403,0.00047635,-0.08517117,0.46063385,7.08235697,-4.00000000,PASSIVE_SELL
2496,99.24053711,99.23583071,-0.11900829,0.02026917,-459.80222519,3286.93732503,14816.59489151,21720.73226938,0.00046455,0.00047611,0.04117033,0.45937300,7.15013939,-5.00000000,PASSIVE_SELL
2497,99.28220399,99.28971172,0.02292097,0.02127759,439.88579461,3242.22632902,30964.77602601,29386.34082871,0.00046723,0.00046877,0.05607884,0.45937300,6.90592607,-4.00000000,PASSIVE_BUY
2498,99.32692899,99.32686946,0.02129303,0.02013111,352.29183900,4203.66644538,22783.66625400,22621.30419265,0.00046760,0.00046954,0.00305811,0.46389660,6.72702611,-4.00000000,HOLD
2499,99.33956651,99.34466057,0.24099832,0.02035799,657.23457841,3989.71945302,27566.45780891,17515.32822800,0.00046731,0.00046956,-0.03208746,0.46389660,6.86012195,-3.00000000,PASSIVE_BUY
2500,99.31743428,99.30858278,-0.01816908,0.02102009,-580.05575634,4262.40232705,25575.84330890,24469.94736163,0.00046838,0.00046993,-0.03476976,0.46389660,6.93702869,-4.00000000,PASSIVE_SELL
2501,99.34833618,99.34322908,-0.16451580,0.02029305,318.04875954,3776.29456280,22981.59108602,28980.30379541,0.00046494,0.00047021,0.05303413,0.45751786,6.82356762,-5.00000000,PASSIVE_SELL
2502,99.41604633,99.42328967,0.05072626,0.02031694,539.59532156,3375.65848770,24934.92312019,25629.97859812,0.00047257,0.00047221,0.03680826,0.45751786,6.77905512,-4.00000000,PASSIVE_BUY
2503,99.42706700,99.42657097,-0.01032950,0.02053580,357.88343671,4537.98535887,24946.72031309,23433.92120366,0.00047216,0.00047213,-0.05668948,0.45874589,6.74524035,-5.00000000,PASSIVE_SELL
2504,99.42539828,99.42743273,0.01293334,0.02059136,-410.72072388,3663.15500917,24029.30881589,27287.59786245,0.00047240,0.00047200,-0.01268939,0.45874589,6.77558095,-4.00000000,PASSIVE_BUY
2505,99.46909697,99.46799860,-0.06312310,0.02072189,283.84397834,4510.26534066,23301.14699287,25730.74599803,0.00047144,0.00047239,0.04536740,0.45874589,6.61114715,-5.00000000,PASSIVE_SELL
2506,99.45372251,99.44811728,-0.24030582,0.02039550,-344.87184999,3420.54065300,19466.07389338,35355.02633095,0.00047240,0.00047260,-0.05907314,0.45874589,6.69821719,-6.00000000,PASSIVE_SELL
2507,99.45444095,99.45657884,0.00084397,0.02044014,636.84278414,4784.97070803,23149.45901959,24529.80618709,0.00047113,0.00046927,0.01609290,0.46697135,6.75540720,-5.00000000,PASSIVE_BUY
2508,99.44160166,99.44106396,0.13254606,0.02131417,-705.58091919,4372.40463434,31443.25183920,24163.52772095,0.00046789,0.00046946,-0.01355774,0.46346541,6.83026075,-6.00000000,PASSIVE_SELL
2509,99.39372295,99.39363148,-0.04082750,0.02031087,-505.89021565,3584.82390823,25888.10941924,26583.03373399,0.00047315,0.00047107,-0.03503941,0.46346541,7.11753298,-6.00000000,HOLD
2510,99.51139097,99.50741627,-0.26093050,0.02017910,465.89017464,4772.15043682,17926.40337333,33386.69599106,0.00049394,0.00047755,0.16554672,0.44703022,6.42161445,-7.00000000,PASSIVE_SELL
2511,99.48461411,99.48506846,0.11758946,0.02009204,-594.49011861,3432.57294102,33823.40252531,27647.42017560,0.00046488,0.00047769,-0.14444487,0.45462574,6.72806955,-6.00000000,PASSIVE_BUY
2512,99.52104405,99.52033068,-0.01922393,0.02009620,824.77589680,5018.05294239,23298.53138298,25214.87811391,0.00046095,0.00047595,0.06320679,0.45144865,6.51953805,-7.00000000,PASSIVE_SELL
2513,99.61316955,99.61392128,-0.07553689,0.02026978,809.87798878,6255.74172097,23821.45014794,28645.89735579,0.00046767,0.00047907,0.05569557,0.45144865,6.60714465,-6.00000000,PASSIVE_BUY
2514,99.68169101,99.68650105,-0.09157455,0.02012701,758.86842877,6509.34945057,19132.60849788,24690.65650251,0.00046017,0.00047944,-0.02360405,0.45226989,6.54904361,-5.00000000,PASSIVE_BUY
2515,99.67845730,99.67815766,0.05033331,0.02004423,-921.44312691,4930.32238855,36402.36375281,31429.86949741,0.00045911,0.00047931,-0.07175515,0.45779768,6.57523423,-6.00000000,PASSIVE_SELL
2516,99.58553351,99.58927973,0.22958973,0.02017187,-649.89508458,3577.16382017,24073.32437857,16313.01500959,0.00048032,0.00048378,-0.08969010,0.45779768,6.64792005,-5.00000000,PASSIVE_BUY
2517,99.61278140,99.61231494,0.02856044,0.02008425,552.07353427,3855.77734025,16910.63461536,15563.96550026,0.00048095,0.00048398,0.12017169,0.45683774,6.52172270,-6.00000000,PASSIVE_SELL
2518,99.67040523,99.67270216,-0.04291674,0.02057161,512.36004147,3907.90610191,22507.16352587,28121.06527941,0.00048570,0.00048426,0.03037593,0.45683774,6.57014484,-5.00000000,PASSIVE_BUY
2519,99.68400911,99.67964958,-0.05038083,0.02034570,235.04385269,3901.52589111,28377.37070261,26669.05236287,0.00047794,0.00048420,-0.04401995,0.45912388,6.51229832,-6.00000000,PASSIVE_SELL
2520,99.64597115,99.64945459,0.11924549,0.02046257,-380.01289512,3759.44654473,29138.26880065,24024.95712458,0.00048148,0.00048530,-0.05164183,0.46875861,6.60047409,-5.00000000,PASSIVE_BUY
2521,99.67905582,99.67684722,-0.05883239,0.02017616,372.13066179,3631.83903010,20266.57078409,18197.36327020,0.00048270,0.00048453,0.07112262,0.46875861,6.44513883,-6.00000000,PASSIVE_SELL
2522,99.67918963,99.67807253,-0.00684556,0.02026643,524.70137115,3510.62873031,25754.29254896,25419.91772523,0.00047432,0.00048342,-0.03295086,0.48670903,6.45446917,-7.00000000,PASSIVE_SELL
2523,99.66531459,99.66704979,0.07858139,0.02005591,-574.24297102,2301.54913128,28631.85743777,27108.59155343,0.00047462,0.00048123,-0.01400885,0.48670903,6.58719986,-6.00000000,PASSIVE_BUY
2524,99.66884345,99.67516638,-0.01173590,0.02067221,431.82523181,2311.26598546,20553.42231142,22949.98191251,0.00047443,0.00048108,0.01740390,0.48670903,6.59246636,-5.00000000,PASSIVE_BUY
2525,99.73450009,99.73685369,-0.10030451,0.02054225,456.09673409,2478.73595350,32712.82264019,36415.71952348,0.00047557,0.00048198,0.06212779,0.47844778,6.53734077,-4.00000000,PASSIVE_BUY
2526,99.78116897,99.77753702,0.12183045,0.02132747,465.05519777,2339.96845564,33601.07679654,25214.84992957,0.00047882,0.00048272,-0.01898777,0.48968732,6.36132900,-5.00000000,PASSIVE_SELL
2527,99.76176122,99.76387003,0.11337992,0.02019491,-318.72278494,2459.78890805,36841.91851586,26977.58030189,0.00047600,0.00048063,-0.06607663,0.48968732,6.52412140,-4.00000000,PASSIVE_BUY
2528,99.73389712,99.73704796,0.00304681,0.02012154,-396.15565256,1700.83984038,23694.64533795,30013.12961090,0.00047226,0.00048121,-0.00845634,0.48453299,6.56215632,-3.00000000,PASSIVE_BUY
2529,99.70832515,99.71262651,0.00590090,0.02017955,-586.65386974,1358.33523718,24996.61457174,26333.26686120,0.00046867,0.00048178,0.00229213,0.48453299,6.59776006,-2.00000000,PASSIVE_BUY
2530,99.66409372,99.66428497,-0.04003845,0.02037890,-801.96534052,704.72117704,28160.52865963,26998.04981957,0.00047361,0.00047973,-0.01865947,0.49098270,6.65208127,-1.00000000,PASSIVE_BUY
2531,99.67457590,99.66876316,-0.18706924,0.02003631,513.41784324,1019.09003293,23952.80336475,31538.61674494,0.00047225,0.00047961,0.05471362,0.47252982,6.65161724,-2.00000000,PASSIVE_SELL
2532,99.62227829,99.62364351,0.07066009,0.02078933,-447.95331825,1106.33040281,23549.00821786,23957.04006327,0.00046791,0.00048144,-0.06277979,0.47252982,6.70924159,-1.00000000,PASSIVE_BUY
2533,99.71281995,99.71816832,0.21640030,0.02048184,485.16372208,2309.10489800,22353.83104115,14472.06785443,0.00048170,0.00048326,0.14283927,0.47326179,6.62894085,0.00000000,PASSIVE_BUY
2534,99.67984556,99.68006630,-0.08465689,0.02038897,-469.02563248,2669.69658282,17370.41106736,21621.52978142,0.00047819,0.00048404,-0.12351605,0.47326179,6.63913533,1.00000000,PASSIVE_BUY
2535,99.63987157,99.64056360,0.01235117,0.02142925,-747.19966429,1395.51978812,27904.34896514,30270.19515761,0.00047769,0.00048137,-0.00699960,0.47686636,6.60987597,2.00000000,PASSIVE_BUY
2536,99.58367302,99.58329210,0.08314271,0.02046735,-920.85980281,-264.93726764,31831.82471956,25872.18637410,0.00048332,0.00048222,-0.01622456,0.47806158,6.56320986,1.00000000,PASSIVE_SELL
2537,99.58763508,99.58354958,-0.13330834,0.02005861,575.97815309,-190.61081847,21776.77585486,27987.47446070,0.00048291,0.00048010,0.06016060,0.47806158,6.57720122,0.00000000,PASSIVE_SELL
2538,99.57497852,99.57275366,-0.05823266,0.02012256,-421.34872871,-213.04573464,24821.63600014,26328.09800622,0.00047995,0.00047930,-0.01661861,0.48430040,6.58726250,-1.00000000,PASSIVE_SELL
2539,99.55222313,99.54767190,-0.06372739,0.02026117,-516.08181685,-63.16046453,22734.59488998,23189.84463292,0.00047283,0.00047801,-0.01009883,0.48430040,6.62014847,-2.00000000,PASSIVE_SELL
2540,99.58993203,99.59102623,0.05513700,0.02082913,689.76540440,-117.93479999,26143.16852852,22944.35335020,0.00045933,0.00047850,0.06046428,0.48239960,6.56096594,-1.00000000,PASSIVE_BUY
2541,99.66541206,99.66140412,-0.14586315,0.02002528,503.30457081,855.21259934,22138.89620436,26539.21295191,0.00046719,0.00047883,0.03777114,0.49314799,6.49549855,-2.00000000,PASSIVE_SELL
2542,99.68354825,99.68221329,0.04209175,0.02061261,733.10719481,1882.67322040,34474.02809871,31584.02951981,0.00044074,0.00047886,-0.05734386,0.49314799,6.46953249,-3.00000000,PASSIVE_SELL
2543,99.72696835,99.71867885,-0.10152816,0.02020049,360.42704475,1936.81311838,22345.27735700,21393.41197950,0.00044176,0.00047948,0.02528392,0.50448713,6.34937243,-4.00000000,PASSIVE_SELL
2544,99.69594700,99.70103582,-0.11226690,0.02022514,-76.57181734,1488.78328869,28756.85500988,35515.16622136,0.00044424,0.00047906,-0.07444145,0.50448713,6.52667469,-3.00000000,PASSIVE_BUY
2545,99.64982443,99.65673950,0.03671143,0.02009045,-194.07715416,1831.86807037,21695.97239013,24157.51981344,0.00044165,0.00047391,-0.01510122,0.50448713,6.58297718,-2.00000000,PASSIVE_BUY
2546,99.53201614,99.53652831,-0.18070963,0.02079037,-592.96094199,1698.70935358,13487.92419092,27726.45071680,0.00047486,0.00048155,-0.07168573,0.51522100,6.71083070,-1.00000000,PASSIVE_BUY
2547,99.51850777,99.52391104,0.09335279,0.02020957,-380.42652262,878.39703635,32636.21593318,32802.21945378,0.00047277,0.00048143,0.10429993,0.51522100,6.73444385,0.00000000,PASSIVE_BUY
2548,99.49572701,99.48696721,-0.03900580,0.02026298,-612.11113604,-86.00593869,30092.48573573,29841.85110637,0.00047075,0.00048181,-0.00927240,0.52220065,6.74457534,-1.00000000,PASSIVE_SELL
2549,99.43533215,99.42702676,-0.22860057,0.02041424,-500.12169408,-1243.36221118,21632.59669219,29801.54589042,0.00047900,0.00048222,-0.03761410,0.52220065,6.81517733,-2.00000000,PASSIVE_SELL
2550,99.40845914,99.40717407,0.01801057,0.02005884,-403.95341489,-1067.25986973,29091.60459882,25725.52724353,0.00047953,0.00048270,0.03352186,0.53434066,6.87895277,-3.00000000,PASSIVE_SELL
2551,99.42359349,99.42563575,-0.04725360,0.02050196,585.50644426,-799.80218501,27350.98468357,31344.17762174,0.00047810,0.00048257,0.04200736,0.53434066,6.75722816,-2.00000000,PASSIVE_BUY
2552,99.42297018,99.42232763,0.11376430,0.02046172,-603.87792791,-1943.27543447,24431.70304482,14594.96625383,0.00046853,0.00048082,-0.01575767,0.53894316,6.76870565,-3.00000000,PASSIVE_SELL
2553,99.44037855,99.44862698,-0.01196621,0.02021171,482.98778804,-1818.17108315,27408.36003226,28194.50551252,0.00046892,0.00047896,0.01803169,0.53894316,6.74720773,-2.00000000,PASSIVE_BUY
2554,99.43605741,99.43964218,-0.06516677,0.02074841,-339.74827816,-1747.19863743,18789.30734483,30155.42868920,0.00046896,0.00047571,-0.02172952,0.55058424,6.76163473,-1.00000000,PASSIVE_BUY
2555,99.43555124,99.42800864,-0.02639067,0.02026381,-864.91792573,-2895.96054150,30531.90273126,30259.95645342,0.00046478,0.00047473,0.00381498,0.55058424,6.77227280,-2.00000000,PASSIVE_SELL
2556,99.48943771,99.48201715,-0.06743117,0.02013720,465.84102194,-2085.24766957,23046.02668425,22667.12090520,0.00047054,0.00047589,0.05439263,0.54333906,6.67456846,-3.00000000,PASSIVE_SELL
2557,99.51467770,99.51465961,-0.10960370,0.02074845,964.46933512,-1757.62111859,25029.02961008,31142.80185502,0.00047180,0.00047600,-0.02864648,0.56113542,6.59884849,-3.00000000,HOLD
2558,99.52789117,99.53361127,-0.08600082,0.02046904,797.52510876,-254.51509064,20790.15204704,29371.20307421,0.00047166,0.00047378,-0.01202652,0.56113542,6.69084080,-2.00000000,PASSIVE_BUY
2559,99.55497523,99.55708386,0.00216989,0.02001217,456.22459827,707.59972328,26163.34176621,26312.91776712,0.00046750,0.00047231,0.01387059,0.57096006,6.67399125,-1.00000000,PASSIVE_BUY
2560,99.46785283,99.47538085,0.10706065,0.02088288,-433.83370248,-192.12415384,21206.99435749,19694.93701464,0.00045482,0.00047386,-0.11420647,0.57096006,6.77155509,0.00000000,PASSIVE_BUY
2561,99.45584154,99.44850141,-0.08300085,0.02001443,-796.75409692,-394.38813215,18227.20483597,25022.14465532,0.00045359,0.00047400,0.07511111,0.57912261,6.78156231,-1.00000000,PASSIVE_SELL
2562,99.49770008,99.50092776,0.05968853,0.02042832,749.12630177,-470.03772718,26557.91886594,27043.10877076,0.00045455,0.00047440,0.05386983,0.57912261,6.74991793,0.00000000,PASSIVE_BUY
2563,99.44048858,99.44252591,-0.04998626,0.02002414,-668.54309679,-1948.45881275,27372.58465233,32033.27325885,0.00044151,0.00047648,-0.09907004,0.57202327,6.75993000,1.00000000,PASSIVE_BUY
2564,99.39705108,99.40367579,0.18704394,0.02083065,-572.76391485,-3280.09115637,32739.30635615,25095.39109360,0.00043270,0.00047724,0.01377400,0.57202327,6.72690782,2.00000000,PASSIVE_BUY
2565,99.32812670,99.32261645,0.09285593,0.02037665,-908.50120577,-3267.14923523,30199.26789734,24085.24723653,0.00044175,0.00047992,-0.02548688,0.56864090,6.66948850,1.00000000,PASSIVE_SELL
2566,99.42808105,99.42650542,0.06760241,0.02112011,562.74879832,-2054.50535233,29918.86269345,24552.97066351,0.00044937,0.00048262,0.16887873,0.56864090,6.78000291,0.00000000,PASSIVE_SELL
2567,99.51861756,99.51446252,0.00986383,0.02054560,243.05446840,-2363.52441820,26149.13757472,26947.07441482,0.00046653,0.00048622,-0.00941784,0.57210584,6.79027571,-1.00000000,PASSIVE_SELL
2568,99.40797194,99.40008374,0.22168200,0.02062604,-490.43735280,-3366.32181246,29885.17234098,18376.77072201,0.00048300,0.00049131,-0.20118213,0.57210584,6.91123435,-2.00000000,PASSIVE_SELL
2569,99.42037972,99.42659765,-0.09090584,0.02048879,753.35915672,-2848.00650843,17633.64202843,26151.54239543,0.00048291,0.00049111,0.12305340,0.55871488,6.83321085,-1.00000000,PASSIVE_BUY
2570,99.41094209,99.40610480,-0.02468231,0.02003517,-789.32701884,-3257.32063216,20187.57726216,20288.64026832,0.00048067,0.00049095,-0.02184541,0.55871488,6.85266607,-2.00000000,PASSIVE_SELL
2571,99.36656895,99.36658939,0.14654288,0.02008673,-605.49921679,-4234.95051074,32169.80714144,23376.55406419,0.00048074,0.00049196,-0.03493550,0.55879842,6.94141234,-2.00000000,HOLD
2572,99.43839670,99.44604741,-0.17392727,0.02050797,688.19676728,-4071.45511461,15491.36981180,29303.01869946,0.00049311,0.00049409,0.11620088,0.55879842,6.82060604,-1.00000000,PASSIVE_BUY
2573,99.43756800,99.43355057,-0.15578384,0.02004895,-375.91996596,-3873.13210955,14281.17972216,21155.01374454,0.00049297,0.00049377,-0.07265645,0.55879842,6.83145922,-2.00000000,PASSIVE_SELL
2574,99.48485150,99.48442418,-0.10022669,0.02000169,364.44744046,-3940.50990090,20434.21373218,26515.41362110,0.00049824,0.00049319,0.04811221,0.55702710,6.74689306,-3.00000000,PASSIVE_SELL
2575,99.46831881,99.46374458,0.00991966,0.02011453,-598.16868913,-4994.77532412,25590.48757752,17932.77829827,0.00048850,0.00048763,-0.06381619,0.55702710,6.80654839,-4.00000000,PASSIVE_SELL
2576,99.47781162,99.47769790,-0.11477478,0.02042909,670.51757221,-4789.31294968,21684.62861259,28844.68924961,0.00048330,0.00048662,0.02602550,0.55192576,6.77879170,-5.00000000,PASSIVE_SELL
2577,99.52585187,99.53422460,-0.01740310,0.02033121,730.33111676,-3740.25904798,25096.75403548,33745.83629707,0.00048883,0.00048540,0.03854744,0.55231969,6.74190930,-4.00000000,PASSIVE_BUY
2578,99.52654862,99.52517654,-0.03570461,0.02057371,375.65728021,-2968.44611522,24164.82394641,27260.95677071,0.00048775,0.00048354,-0.04734349,0.55231969,6.74940912,-5.00000000,PASSIVE_SELL
2579,99.54147774,99.54409957,-0.00174253,0.02012454,790.08677863,-1591.70546684,26076.18096779,30763.21122363,0.00048749,0.00047906,0.01423236,0.55504960,6.73082327,-4.00000000,PASSIVE_BUY
2580,99.60477067,99.61170700,-0.00993581,0.02041442,632.02823605,-157.71189027,23855.42089648,27898.44972028,0.00049272,0.00048034,0.04836382,0.55504960,6.67730273,-3.00000000,PASSIVE_BUY
2581,99.55439471,99.55431819,-0.03679775,0.02005538,-719.61361525,-1390.74334877,26447.83954620,31708.14350568,0.00049722,0.00047924,-0.11366890,0.54965799,6.82843063,-3.00000000,HOLD
2582,99.53634500,99.53374643,-0.18340890,0.02019102,-625.27803188,-1568.06806240,23748.09002093,35010.76842649,0.00049261,0.00047948,0.03232626,0.54965799,6.89267524,-4.00000000,PASSIVE_SELL
2583,99.50022874,99.50185307,-0.15101599,0.02032458,-416.58191743,-2469.81370191,25912.53866609,39041.68168720,0.00047672,0.00047972,-0.01806656,0.54910016,6.76990377,-3.00000000,PASSIVE_BUY
2584,99.54524499,99.53546137,0.13622193,0.02103866,230.04545523,-1770.74261420,32976.13663287,20792.66333596,0.00047986,0.00047778,0.08113251,0.54910016,6.64537435,-4.00000000,PASSIVE_SELL
2585,99.55104742,99.55381565,0.05174857,0.02017504,702.89778169,-320.64516822,18442.81163827,23433.65611851,0.00047700,0.00047750,-0.03921382,0.54263536,6.73565910,-3.00000000,PASSIVE_BUY
2586,99.45929712,99.45330151,-0.06428534,0.02047427,-595.95998659,4.25464800,25453.34314230,24476.69210714,0.00048770,0.00047768,-0.09755272,0.54263536,7.02114713,-4.00000000,PASSIVE_SELL
2587,99.46354092,99.47228361,0.06517754,0.02009687,597.88571697,26.16221187,25463.43824680,24517.57806268,0.00048771,0.00047765,0.09599410,0.54138122,6.80538735,-3.00000000,PASSIVE_BUY
2588,99.52816060,99.53027250,0.04618365,0.02028065,306.22016302,753.73110361,27972.78688232,27767.97788577,0.00049650,0.00047957,0.06037587,0.54138122,6.75072423,-2.00000000,PASSIVE_BUY
2589,99.49861006,99.49934287,-0.07392345,0.02018331,-335.03866806,934.77425240,15553.96417770,21086.66672199,0.00049719,0.00047915,-0.09417021,0.54138122,6.79041508,-1.00000000,PASSIVE_BUY
2590,99.57139100,99.57737014,0.15383380,0.02024014,231.21437594,476.22322394,24440.91086391,19281.19192915,0.00050510,0.00048059,0.10233147,0.54138122,6.72775422,0.00000000,PASSIVE_BUY
2591,99.73015117,99.72609886,-0.10563550,0.02004360,144.34569927,117.26435240,23730.30074449,29686.98960673,0.00054246,0.00049292,0.08597924,0.55621155,6.73777602,-1.00000000,PASSIVE_SELL
2592,99.78550073,99.77719084,0.06964911,0.02050370,247.78627347,-368.05656893,29518.59757307,23977.80316178,0.00054727,0.00049244,-0.10341061,0.55621155,6.69267831,-2.00000000,PASSIVE_SELL
2593,99.76327011,99.76893728,0.02020534,0.02033340,-124.11184508,-852.59545876,22053.40776912,24782.30091565,0.00054504,0.00048941,-0.07758018,0.55621155,6.73244689,-1.00000000,PASSIVE_BUY
2594,99.67473497,99.66822409,-0.05387095,0.02001137,-648.16488234,-1424.18852376,25846.53645638,27217.75055049,0.00055761,0.00049347,-0.06630452,0.55194720,6.83098771,-2.00000000,PASSIVE_SELL
2595,99.68638584,99.68290365,-0.07986859,0.02058748,424.80150513,-805.30986447,27493.48179289,30881.26607808,0.00055397,0.00049340,0.10018601,0.55194720,6.81797970,-3.00000000,PASSIVE_SELL
2596,99.72846070,99.73338732,-0.02114365,0.02008380,498.45789500,286.10897251,28279.23641081,29994.81426292,0.00053006,0.00049272,0.03042398,0.55194720,6.71561887,-2.00000000,PASSIVE_BUY
2597,99.70663889,99.69827648,-0.03031568,0.02015499,-640.34293027,26.19256486,28967.14929517,25844.65879959,0.00053073,0.00049267,-0.06389666,0.53945459,6.76933998,-3.00000000,PASSIVE_SELL
2598,99.74967551,99.75088286,0.15908482,0.02048001,933.36974875,1571.67344965,35769.81004653,23874.22869288,0.00053215,0.00049343,0.06485843,0.54402933,6.69363849,-2.00000000,PASSIVE_BUY
2599,99.78956466,99.78401835,0.03661778,0.02101794,461.63406700,2533.42921072,28490.96713152,22138.72395938,0.00052588,0.00048632,-0.00314747,0.54402933,6.62436915,-3.00000000,PASSIVE_SELL
2600,99.79981497,99.79247784,-0.20981519,0.02023705,416.31200958,3353.69463519,21865.19586385,27313.68302410,0.00052362,0.00048343,-0.02963884,0.54287744,6.60373674,-4.00000000,PASSIVE_SELL
2601,99.83160691,99.83903389,-0.15905562,0.02068372,906.36158260,3674.54977353,15402.78570969,26765.84793322,0.00052461,0.00048208,0.02154163,0.54287744,6.63404739,-3.00000000,PASSIVE_BUY
2602,99.83984178,99.84260053,0.13972361,0.02015583,412.97905916,4691.40676060,25650.54066016,21138.12314350,0.00052446,0.00048196,-0.02355707,0.55428689,6.63641834,-2.00000000,PASSIVE_BUY
2603,99.91011950,99.90827166,-0.09058646,0.02005483,472.10228969,4680.52126225,21595.53727165,27480.63458123,0.00053147,0.00048422,0.06204286,0.55428689,6.50589030,-3.00000000,PASSIVE_SELL
2604,99.91424866,99.91233793,-0.02167497,0.02030951,488.14374293,5508.41328334,31275.94883392,33072.42929789,0.00053116,0.00048420,-0.06614857,0.57129985,6.50365759,-4.00000000,PASSIVE_SELL
2605,99.85020000,99.85280453,0.02448308,0.02097495,-292.23846234,6081.09274673,21388.25820621,21037.71378768,0.00054096,0.00048416,-0.06817781,0.57129985,6.66141873,-3.00000000,PASSIVE_BUY
2606,99.89443777,99.88729383,-0.33363735,0.02096493,289.30032897,5904.55205376,15320.41342467,26667.40140165,0.00053946,0.00048069,0.10828643,0.57369282,6.53918787,-4.00000000,PASSIVE_SELL
2607,99.86666228,99.86737467,-0.07304676,0.02035025,-188.07928998,4752.00342866,21772.02865044,31127.39412987,0.00054120,0.00047968,-0.07201327,0.57369282,6.66188308,-3.00000000,PASSIVE_BUY
2608,99.88938621,99.89605714,-0.05869508,0.02008637,569.42171312,4523.90003303,21782.34053011,24820.67082696,0.00054158,0.00047984,0.05049943,0.56594667,6.64946621,-2.00000000,PASSIVE_BUY
2609,99.94494417,99.94717322,-0.11890832,0.02108267,310.72129958,4378.39673433,22120.78992177,29318.45254303,0.00054512,0.00047439,0.03283402,0.56594667,6.60395144,-1.00000000,PASSIVE_BUY
2610,99.90121138,99.89348716,-0.03497313,0.02006064,-609.11835322,4203.11208359,28906.74531961,26430.14466614,0.00053311,0.00047568,-0.09929075,0.56594667,6.65771455,-2.00000000,PASSIVE_SELL
2611,99.87562083,99.87680834,0.15861016,0.02029470,-347.80772165,4652.05845886,27114.56502750,19635.23241380,0.00053450,0.00047148,0.01814224,0.56172967,6.66169421,-1.00000000,PASSIVE_BUY
2612,99.84214372,99.84256572,0.09903598,0.02037215,-626.65583013,3276.27632696,26686.70246649,22364.24492958,0.00053546,0.00047224,-0.00788655,0.55700899,6.70535739,0.00000000,PASSIVE_BUY
2613,99.77690823,99.77494876,0.06284373,0.02143009,-511.64255371,3433.17687003,24172.82588756,19843.14288025,0.00053745,0.00047461,-0.03175839,0.55700899,6.71607244,-1.00000000,PASSIVE_SELL
2614,99.77601246,99.78116602,0.11708871,0.02039189,-275.07716730,3730.86361758,33774.12446996,31827.85061929,0.00053274,0.00047442,0.06433973,0.55700899,6.72716414,0.00000000,PASSIVE_BUY
2615,99.80434420,99.81062817,0.07795945,0.02018243,566.54079873,5205.90562208,25480.85451143,27373.39406753,0.00052196,0.00047374,0.02922750,0.55172498,6.73725536,1.00000000,PASSIVE_BUY
2616,99.74714855,99.74775313,-0.06831342,0.02010244,-875.96542035,3767.19140341,21553.74494097,26871.61412580,0.00051364,0.00047561,-0.08552739,0.56530049,6.69011093,2.00000000,PASSIVE_BUY
2617,99.77497996,99.76619421,-0.01633501,0.02038891,451.98211989,3976.11905490,28123.30234827,23247.61281232,0.00050027,0.00047243,0.08502706,0.56530049,6.73646894,1.00000000,PASSIVE_SELL
2618,99.79868104,99.80470509,0.07543292,0.02069901,936.39151489,5402.94792259,27635.59962819,26609.29285652,0.00047238,0.00047177,-0.00413032,0.56672333,6.77051954,2.00000000,PASSIVE_BUY
2619,99.70378712,99.70838968,0.08501490,0.02053860,-677.59544960,3971.99331628,22064.36753958,20688.53372813,0.00049381,0.00047612,-0.11859502,0.56352843,6.59100098,3.00000000,PASSIVE_BUY
2620,99.67712332,99.67061074,-0.03212812,0.02002830,-805.81912315,3955.50121197,24071.04051189,21700.78916158,0.00049546,0.00047627,0.06823013,0.56352843,6.65809798,2.00000000,PASSIVE_SELL
2621,99.64088921,99.63922439,0.01816693,0.02102486,-516.38318574,4044.61724301,33034.17505690,29937.62424407,0.00049392,0.00047692,-0.00957032,0.56429980,6.63187801,1.00000000,PASSIVE_SELL
2622,99.60129398,99.59693197,-0.01626824,0.02003853,-820.22044113,2536.20003460,28360.15442703,23561.32331134,0.00048851,0.00047787,-0.00336112,0.56429980,6.60230205,0.00000000,PASSIVE_SELL
2623,99.61408923,99.61442716,0.08978277,0.02078567,828.43979179,3740.55979236,26544.41176893,21039.87556020,0.00048865,0.00047702,0.05239049,0.56351372,6.61269489,1.00000000,PASSIVE_BUY
2624,99.55142869,99.54983935,-0.00235192,0.02079288,-538.65436483,2837.45798707,25418.48086414,26334.57514783,0.00049321,0.00047916,-0.07545580,0.56351372,6.56043078,0.00000000,PASSIVE_SELL
2625,99.61252124,99.61777046,0.07383503,0.02025242,578.98353099,4014.61020718,28170.11507419,26668.70343531,0.00049957,0.00048021,0.12375309,0.55152185,6.57055699,1.00000000,PASSIVE_BUY
2626,99.55643722,99.55545430,0.05025329,0.02003503,-819.84886523,2524.24376973,21827.10212324,18653.09256999,0.00050629,0.00048175,-0.11717657,0.55115079,6.52449048,0.00000000,PASSIVE_SELL
2627,99.49694714,99.50062683,0.18840912,0.02056518,-558.85489528,1235.05775769,27654.84631658,16656.83932534,0.00050895,0.00048352,-0.00340605,0.55115079,6.53477307,1.00000000,PASSIVE_BUY
2628,99.53081356,99.52804133,-0.14387793,0.02047832,284.84428632,1144.24476380,23580.41161640,31576.97821677,0.00051125,0.00048400,0.09335650,0.54098935,6.57887865,0.00000000,PASSIVE_SELL
2629,99.57847872,99.58683732,-0.03663356,0.02047980,549.62595863,903.78394381,21256.32050863,29567.44462488,0.00051522,0.00048357,0.01379875,0.54098935,6.58911855,1.00000000,PASSIVE_BUY
2630,99.63987615,99.64576829,0.04450117,0.02020606,468.68258062,740.43828838,28094.50702392,26673.33490548,0.00051476,0.00048509,0.01373226,0.55776807,6.66061901,2.00000000,PASSIVE_BUY
2631,99.60791976,99.60968390,-0.07318263,0.02024337,-700.89122948,759.16067415,22271.52237114,31452.70561776,0.00051171,0.00048568,-0.09335382,0.55776807,6.60682791,3.00000000,PASSIVE_BUY
2632,99.51537797,99.50812758,-0.04771666,0.02015145,-644.96817948,739.47052655,26523.16078017,27212.44996665,0.00052780,0.00048843,-0.06058540,0.56401161,6.48557756,2.00000000,PASSIVE_SELL
2633,99.48297658,99.49055193,0.02864237,0.02018564,-74.74779920,1081.30464479,25499.00735740,25832.91735152,0.00052732,0.00048694,0.06014041,0.56401161,6.43086761,3.00000000,PASSIVE_BUY
2634,99.45414267,99.45532010,0.02315823,0.02007267,-582.15398094,269.10520862,27473.15646265,27907.50868406,0.00052472,0.00048728,0.00356747,0.56427023,6.35440221,4.00000000,PASSIVE_BUY
2635,99.50237352,99.50085598,0.06555343,0.02033978,631.77941811,197.98684503,22400.62643097,19156.08378136,0.00052934,0.00048641,0.07706476,0.56427023,6.49578838,3.00000000,PASSIVE_SELL
2636,99.50120805,99.50041007,0.20859648,0.02079551,-505.25943029,288.68740132,27037.57222019,18499.18437251,0.00051305,0.00048525,-0.04939632,0.54663870,6.50456493,2.00000000,PASSIVE_SELL
2637,99.55690885,99.55309047,-0.06769389,0.02017414,324.21423724,15.01592160,21538.14433338,27465.48225344,0.00051882,0.00048652,0.05686627,0.54663870,6.57066348,1.00000000,PASSIVE_SELL
2638,99.70421286,99.70293779,-0.10724062,0.02102425,317.57616619,26.37192477,25266.22314600,27122.63190464,0.00055096,0.00049669,0.09160322,0.54663870,6.72847962,0.00000000,PASSIVE_SELL
2639,99.67393683,99.66799487,-0.12906198,0.02040942,-409.59895558,-48.18836276,21565.65327358,23462.49877189,0.00055104,0.00049717,-0.17758004,0.54207158,6.73868433,-1.00000000,PASSIVE_SELL
2640,99.62057536,99.61932795,0.04448704,0.02048458,-403.02275927,-682.42549797,27513.73604301,26274.11776981,0.00054757,0.00049244,-0.02308544,0.54207158,6.80228809,-2.00000000,PASSIVE_SELL
2641,99.70012151,99.70108139,-0.03384220,0.02018311,784.02852480,-42.74267244,23756.40984219,29272.40421412,0.00051173,0.00049299,0.13290763,0.54500680,6.68583770,-1.00000000,PASSIVE_BUY
2642,99.64338784,99.63981569,-0.10375889,0.02025488,-685.49446554,-976.02341145,22936.36132223,29900.88584452,0.00051129,0.00049486,-0.13627982,0.54500680,6.75269881,-2.00000000,PASSIVE_SELL
2643,99.61446821,99.61350385,0.23566058,0.02012582,-448.62170526,-1300.53327162,30523.67186927,19850.32217845,0.00051189,0.00049398,0.02781404,0.54443391,6.82060098,-3.00000000,PASSIVE_SELL
2644,99.56916868,99.56456098,-0.09678813,0.02060300,-549.37374641,-1201.74213569,28500.49926130,33561.03881571,0.00050085,0.00049510,-0.01637990,0.54443391,6.96680107,-4.00000000,PASSIVE_SELL
2645,99.60043259,99.59517451,-0.03519419,0.02089369,389.97168448,-1236.57195634,25650.98045872,25669.70969695,0.00050269,0.00049410,0.07656344,0.52789882,6.85219227,-5.00000000,PASSIVE_SELL
2646,99.59955923,99.59702359,0.00284107,0.02046287,-469.61900808,-2204.64885941,29386.47138038,25163.21733537,0.00049876,0.00049396,-0.03213728,0.52789882,6.86679055,-6.00000000,PASSIVE_SELL
2647,99.50928723,99.50969338,0.09171034,0.02023516,-295.93381568,-1860.23974482,27334.05530394,22574.07578034,0.00051318,0.00049839,-0.08939862,0.52879870,6.77420781,-5.00000000,PASSIVE_BUY
2648,99.46099194,99.46094656,-0.00249796,0.02021863,-313.76332162,-3107.37281519,21986.56886871,22214.23417406,0.00051239,0.00049926,0.04197670,0.52879870,7.01568427,-5.00000000,HOLD
2649,99.47531526,99.48371486,0.11265643,0.02039208,415.45256493,-3153.55431726,35826.81613749,28986.18144030,0.00050906,0.00049917,0.06261861,0.52879870,6.81806198,-4.00000000,PASSIVE_BUY
2650,99.44312846,99.44343967,0.07883270,0.02041066,-357.86504098,-3927.73136783,31275.90470564,24722.43186397,0.00050979,0.00049967,-0.04651012,0.52217719,6.86042624,-3.00000000,PASSIVE_BUY
2651,99.49655774,99.49854651,0.19229093,0.02013897,592.16845823,-4241.92449219,31960.53919462,21798.32381373,0.00051403,0.00049964,0.08561608,0.52217719,6.81733813,-2.00000000,PASSIVE_BUY
2652,99.49778192,99.50054902,0.08818597,0.02004032,736.44411564,-3918.45943571,25190.32682838,27483.37183617,0.00051372,0.00049964,-0.05220510,0.52084034,6.82618344,-1.00000000,PASSIVE_BUY
2653,99.39985355,99.40072792,0.08395116,0.02023028,-836.50705138,-5227.06877678,27277.18759708,21337.39049732,0.00051732,0.00050468,-0.09915255,0.51870477,6.93422695,0.00000000,PASSIVE_BUY
2654,99.41964582,99.41522161,0.12337809,0.02004871,508.57156426,-5206.64095545,30988.64189790,23929.71452626,0.00051867,0.00050482,0.11772064,0.51870477,6.94425131,-1.00000000,PASSIVE_SELL
2655,99.42692066,99.42256064,-0.03048374,0.02018766,425.49662824,-4488.90586488,21577.16061982,22903.43951870,0.00051335,0.00050430,-0.01251744,0.51876004,6.94707030,-2.00000000,PASSIVE_SELL
2656,99.42560221,99.42063357,-0.22104558,0.02045178,-343.49444628,-5121.70064012,25460.93343759,35138.16731166,0.00050791,0.00050407,-0.00859329,0.51876004,6.95993310,-3.00000000,PASSIVE_SELL
2657,99.47828746,99.48462151,0.04715361,0.02014918,642.96116495,-4290.66018520,31941.40011492,31596.31806978,0.00051461,0.00050516,0.05400371,0.51876004,6.88003582,-2.00000000,PASSIVE_BUY
2658,99.42644024,99.42438874,-0.05090060,0.02064071,-897.56805712,-5757.64995543,24253.78752747,26538.74251900,0.00051640,0.00050594,-0.10453248,0.52386602,6.99405062,-3.00000000,PASSIVE_SELL
2659,99.40512763,99.40265681,-0.01080693,0.02046765,-816.14130631,-6884.51256132,24347.99924369,25186.64981543,0.00050823,0.00050556,0.03053462,0.51875459,7.06822226,-4.00000000,PASSIVE_SELL
2660,99.36316888,99.36030036,-0.36077838,0.02036370,-621.81729806,-6897.21150616,13590.73623872,25704.95150083,0.00050804,0.00050602,-0.02064615,0.51502583,7.24623911,-5.00000000,PASSIVE_SELL
2661,99.36305896,99.37067624,0.01060884,0.02027160,-219.89123940,-6769.29502391,28368.39188380,30678.28467573,0.00050780,0.00049734,0.04184883,0.51502583,6.93909835,-4.00000000,PASSIVE_BUY
2662,99.43642193,99.43759603,0.07893402,0.02000424,291.55336355,-5851.08583023,30820.10304155,21778.13052022,0.00052007,0.00049901,0.07347289,0.51502583,6.87613854,-3.00000000,PASSIVE_BUY
2663,99.44004027,99.44588022,0.26377557,0.02023048,558.14381188,-4781.29946464,27618.14094854,15566.90242100,0.00051382,0.00049778,-0.06974463,0.50665072,6.88240919,-2.00000000,PASSIVE_BUY
2664,99.39510120,99.39336938,0.03387859,0.02071906,-752.25212315,-5258.47442048,29282.12704733,23975.76041804,0.00051654,0.00049463,-0.04855742,0.50665072,6.98264687,-3.00000000,PASSIVE_SELL
2665,99.34810390,99.34044461,-0.01923179,0.02007703,-710.64078977,-6535.65600898,28003.59014809,23664.14539011,0.00051685,0.00049513,-0.00205822,0.51658894,7.13367728,-4.00000000,PASSIVE_SELL
2666,99.36273082,99.36213330,0.10551838,0.02033440,643.64572096,-5016.04486767,27073.09276475,18567.76951511,0.00051325,0.00049456,0.06162422,0.51658894,7.08533678,-5.00000000,PASSIVE_SELL
2667,99.37761225,99.37710550,0.36999572,0.02054163,407.78869474,-5060.23829282,32582.01528862,11213.29592222,0.00051177,0.00049465,0.00025450,0.50762453,7.02120044,-6.00000000,PASSIVE_SELL
2668,99.32908966,99.33548629,-0.14580047,0.02069240,-199.67690360,-6196.30671131,19216.03623437,31878.40590884,0.00051286,0.00049584,-0.06340403,0.50762453,6.92953760,-5.00000000,PASSIVE_BUY
2669,99.23517892,99.24180159,-0.04597963,0.02019926,-204.49656845,-5723.20783017,20515.23655292,29105.28823751,0.00051268,0.00049788,-0.04538814,0.50762453,7.03453425,-4.00000000,PASSIVE_BUY
2670,99.18148082,99.18299329,0.10199720,0.02012777,-668.14628539,-5585.53499241,28653.95141891,25215.89865774,0.00051595,0.00049925,0.04021263,0.51880221,7.09840347,-3.00000000,PASSIVE_BUY
2671,99.10911649,99.10443406,-0.00556652,0.02041950,-577.85060999,-5647.00241666,31919.90310466,28891.58318404,0.00052221,0.00050184,-0.01866623,0.51880221,7.32570622,-4.00000000,PASSIVE_SELL
2672,99.07746427,99.07819187,0.00860066,0.02056121,-305.82195766,-5132.60393318,19852.09452525,22018.25940051,0.00052146,0.00049966,0.04071212,0.53446523,7.18896390,-3.00000000,PASSIVE_BUY
2673,99.13105448,99.13175832,-0.24682040,0.02063912,557.11887677,-5403.92484821,20811.68719295,36994.57067015,0.00052831,0.00050084,0.08524242,0.53446523,7.14561534,-2.00000000,PASSIVE_BUY
2674,99.10650111,99.10643741,0.09208670,0.02024286,-736.96043109,-5602.23091446,23487.07277318,19763.43389052,0.00052330,0.00050096,-0.07814358,0.52197717,7.19472209,-2.00000000,HOLD
2675,99.07625138,99.08274804,0.05708881,0.02044159,-451.49697914,-6632.71142459,23239.20129440,22122.91111001,0.00051434,0.00049943,-0.00569636,0.52197717,7.21073801,-1.00000000,PASSIVE_BUY
2676,99.03032288,99.03231560,-0.05343716,0.02031297,-327.46549237,-6140.32805173,25648.44400327,31881.17497622,0.00051277,0.00050042,-0.01567877,0.53476603,7.26682299,0.00000000,PASSIVE_BUY
2677,98.97704226,98.98013016,0.32707916,0.02042245,-594.32793843,-6175.80109488,29315.74492391,13361.49490239,0.00051169,0.00050111,-0.00735212,0.55149150,7.27703421,1.00000000,PASSIVE_BUY
2678,98.96286365,98.96288136,0.07837371,0.02122292,-740.83662660,-7201.48200781,30255.09807320,23939.19556673,0.00050774,0.00049914,0.03910201,0.55149150,7.26285561,1.00000000,HOLD
2679,98.94557152,98.94716373,-0.06441737,0.02002851,-553.83045580,-8304.93842224,25089.83707928,32873.33501927,0.00050066,0.00049831,-0.00311353,0.56121355,7.25557773,2.00000000,PASSIVE_BUY
2680,98.89547813,98.90366594,0.05717665,0.02048143,-394.61032811,-9168.23133096,31561.03818621,28277.16773191,0.00049190,0.00049946,-0.03280125,0.56121355,7.16563166,3.00000000,PASSIVE_BUY
2681,98.97712720,98.97715742,0.14335772,0.02043244,466.05680102,-8001.28330047,33918.00418854,24553.84365931,0.00050978,0.00050248,0.13174246,0.54325824,7.41057888,3.00000000,HOLD
2682,98.98506194,98.99017483,0.02966157,0.02000380,826.54876503,-6529.76635597,17592.01049806,23452.14426587,0.00049744,0.00050036,-0.07371433,0.55026699,7.44438500,4.00000000,PASSIVE_BUY
2683,98.94360258,98.94022843,-0.02920927,0.02087784,-739.71154340,-7194.73010017,29803.92919786,27696.85493181,0.00049843,0.00050106,-0.04939410,0.55026699,7.24887629,3.00000000,PASSIVE_SELL
2684,98.99428390,98.98755292,-0.19851533,0.02022896,385.36460629,-6227.21151293,25039.35254404,32104.41474671,0.00050520,0.00050129,0.09214068,0.55026699,7.31032097,2.00000000,PASSIVE_SELL
2685,98.94151309,98.93501103,-0.13169645,0.02015786,-480.00729751,-7338.99822855,26459.56748444,25089.88533488,0.00050202,0.00050090,-0.10345212,0.54792094,7.26766464,1.00000000,PASSIVE_SELL
2686,99.01238575,99.00677257,-0.16987422,0.02062951,585.00488557,-6248.73391269,25561.17191422,30955.33712894,0.00051513,0.00050277,0.12364346,0.54718051,7.34885205,0.00000000,PASSIVE_SELL
2687,98.94866491,98.94892597,-0.08871751,0.02051043,-516.99548944,-7089.94363936,22929.88743545,29663.86101267,0.00051192,0.00050450,-0.13459349,0.54718051,7.35910727,1.00000000,PASSIVE_BUY
2688,98.93263776,98.93431156,0.05499254,0.02039139,-689.64136526,-8097.16117081,23616.44887499,21442.53154061,0.00045798,0.00050399,0.04769369,0.55953123,7.35327582,2.00000000,PASSIVE_BUY
2689,98.98011713,98.98562587,0.30850939,0.02077680,742.36109501,-6945.20112022,38031.94395034,20175.44045540,0.00046597,0.00050356,0.06350652,0.54610409,7.45862295,3.00000000,PASSIVE_BUY
2690,99.04963532,99.05361699,-0.00831381,0.02028806,569.21670441,-5972.96165654,20077.43672967,24523.98582977,0.00047703,0.00050189,0.02203882,0.54610409,7.67732155,4.00000000,PASSIVE_BUY
2691,99.02005931,99.02114153,0.00441993,0.02083908,-506.26228857,-7263.25246991,25245.87223367,23940.98951668,0.00045943,0.00050186,-0.09909419,0.54610409,7.56943707,5.00000000,PASSIVE_BUY
2692,99.05905830,99.06076701,-0.04921063,0.02070033,345.53299998,-6232.22500439,25016.55322901,31305.81681033,0.00046109,0.00049756,0.06857499,0.55152708,7.77478220,6.00000000,PASSIVE_BUY
2693,99.05529122,99.06130820,-0.10152267,0.02032759,-331.22060971,-6114.82390884,20634.71980930,28243.33405532,0.00046055,0.00049686,-0.04276608,0.55152708,7.76234348,7.00000000,PASSIVE_BUY
2694,99.08789266,99.08272425,-0.09827110,0.02102051,218.36744854,-5347.08271389,27220.99439320,30516.46453780,0.00046197,0.00049697,0.03636852,0.55905076,7.38797241,6.00000000,PASSIVE_SELL
2695,99.06336786,99.06277678,-0.00473260,0.02003479,-529.44288929,-6266.49728767,27900.26374278,28651.38853358,0.00045866,0.00049573,-0.05712624,0.55905076,7.37592931,5.00000000,PASSIVE_SELL
2696,99.05905907,99.06434030,-0.03140982,0.02008422,-393.54255459,-6190.42083418,22662.74101665,26169.74878430,0.00045854,0.00049564,0.02021601,0.55924118,7.36442747,6.00000000,PASSIVE_BUY
2697,99.18796129,99.18761189,-0.22746187,0.02093613,299.53526663,-5594.95175187,17088.96628954,27349.81912459,0.00048507,0.00050329,0.13321101,0.55924118,7.50278144,5.00000000,PASSIVE_SELL
2698,99.10443689,99.11027071,0.27551763,0.02047796,-309.96170859,-5591.15013884,36624.54482250,21919.63656508,0.00049376,0.00050569,-0.21242662,0.54094922,7.09539845,6.00000000,PASSIVE_BUY
2699,99.14293892,99.14779914,0.13818051,0.02059486,542.69765285,-5463.90505092,26600.92984071,21948.33182826,0.00049707,0.00050639,0.12202642,0.54094922,7.33670805,7.00000000,PASSIVE_BUY
2700,99.17368285,99.17134035,-0.10529789,0.02076779,437.97241681,-4668.06759313,15699.97464262,18248.37217215,0.00049844,0.00050666,-0.00775810,0.54017435,7.50274426,6.00000000,PASSIVE_SELL
2701,99.27995688,99.28445966,-0.02947104,0.02003526,859.99423161,-4400.24181976,25161.62586397,33016.37948176,0.00051639,0.00051186,0.07553010,0.54017435,8.15040607,7.00000000,PASSIVE_BUY
2702,99.23667752,99.23915631,0.03123921,0.02048219,-662.66337438,-5799.34930978,31773.65942451,30305.33224330,0.00051923,0.00051045,-0.14955339,0.52485208,7.85769165,8.00000000,PASSIVE_BUY
2703,99.22536939,99.22050246,0.18758540,0.02055610,-855.96399335,-5818.80625175,26901.27653826,13156.52705837,0.00050199,0.00051043,0.03197123,0.53033539,7.52865172,7.00000000,PASSIVE_SELL
2704,99.15590429,99.15406837,0.14347520,0.02057543,-460.34183053,-6787.71964653,31032.68551355,19931.36544009,0.00050933,0.00051275,-0.05815697,0.53033539,7.46941633,6.00000000,PASSIVE_SELL
2705,99.13983883,99.13726288,0.00753214,0.02048118,-621.57767774,-7834.79395251,33052.63312287,27952.55392065,0.00050923,0.00051184,0.05339964,0.54096595,7.46382709,5.00000000,PASSIVE_SELL
2706,99.09318802,99.10080473,0.21822277,0.02025148,-316.40657351,-7807.70607974,26967.52381628,17202.25907008,0.00051245,0.00051276,-0.03058535,0.54096595,7.24069878,6.00000000,PASSIVE_BUY
2707,99.00309388,99.00285419,0.02443783,0.02029945,-730.28279789,-9180.95004258,29312.70115704,27819.19986870,0.00051851,0.00051659,-0.04344334,0.55043072,7.33861511,5.00000000,PASSIVE_SELL
2708,99.05408361,99.05440519,-0.01544692,0.02011654,685.93420854,-7597.44777692,34498.68577584,33121.01624277,0.00052178,0.00051792,0.14108388,0.54089982,7.60362207,6.00000000,PASSIVE_BUY
2709,99.09897813,99.10257733,0.09430873,0.02029442,869.69076004,-5911.61571058,26177.66725348,21478.22401296,0.00052656,0.00051795,-0.00609522,0.54089982,7.88313637,7.00000000,PASSIVE_BUY
2710,99.06025935,99.06634668,0.06900867,0.02017163,-545.46760400,-5835.26601652,27639.89698842,26526.27455953,0.00052615,0.00051161,-0.08361329,0.54328204,7.62219072,8.00000000,PASSIVE_BUY
2711,99.07405971,99.07678096,-0.14334449,0.02020744,527.02953355,-5088.34524357,18770.83561632,26457.38163127,0.00052684,0.00051143,0.05251914,0.54433579,7.74269733,9.00000000,PASSIVE_BUY
2712,99.16823453,99.16977529,-0.07987057,0.02051841,391.63828750,-4988.26031962,22955.95575326,32179.06438223,0.00053404,0.00051529,0.08037446,0.54433579,8.60052992,10.00000000,PASSIVE_BUY
2713,99.13734456,99.14312584,0.01160017,0.02006403,-172.74804391,-5719.15217540,33135.62610020,29711.52186642,0.00053508,0.00051134,-0.12506479,0.54433579,8.30166224,11.00000000,PASSIVE_BUY
2714,99.22865141,99.23314193,0.08006393,0.02013482,230.26153963,-4736.63851262,23901.33571026,23144.27506934,0.00054933,0.00051322,0.12219682,0.54433579,9.31610500,12.00000000,PASSIVE_BUY
2715,99.28461779,99.29203556,0.18880832,0.02040292,212.67137014,-3813.32635271,29890.66480461,22118.50845768,0.00055192,0.00051489,-0.03534047,0.54433579,9.99790297,13.00000000,PASSIVE_BUY
2716,99.27574245,99.28322550,0.00761668,0.02037260,-216.60010214,-4673.57217581,22587.00272885,28005.22646197,0.00055154,0.00051083,-0.06484171,0.53375864,9.89270985,14.00000000,PASSIVE_BUY
2717,99.25380047,99.25903682,-0.10994590,0.02025355,-611.03248316,-5692.39335371,23947.35439167,28714.41778961,0.00055173,0.00051062,-0.01306664,0.53375864,9.59564896,15.00000000,PASSIVE_BUY
2718,99.16305091,99.16673793,-0.12796826,0.02029297,-471.63200851,-5964.34845861,23203.88276427,31241.04458639,0.00056203,0.00051276,-0.06880758,0.53956374,8.24455208,16.00000000,PASSIVE_BUY
2719,99.07023770,99.06144432,-0.05800056,0.02010854,-601.36093557,-6361.21282573,21719.98255458,21242.05985408,0.00056172,0.00051663,-0.00206366,0.53956374,7.20924005,15.00000000,PASSIVE_SELL
2720,99.05719481,99.06145179,-0.08970712,0.02094714,-187.18243193,-5880.24897227,23028.41617184,31310.86009874,0.00055722,0.00051608,0.07977033,0.53897365,7.02407028,16.00000000,PASSIVE_BUY
2721,99.10068687,99.10284538,0.14193708,0.02048122,283.74068550,-5018.65767678,17580.81199121,16939.49144980,0.00055165,0.00051651,0.05653495,0.53897365,7.73018388,17.00000000,PASSIVE_BUY
2722,99.06249682,99.06137284,-0.20408080,0.02012688,-604.67960054,-5317.51531966,16567.80006196,27981.58605745,0.00055249,0.00051712,-0.08168212,0.54864166,7.19268474,16.00000000,PASSIVE_SELL
2723,99.09320438,99.09870597,0.13956337,0.02066900,906.67044991,-4967.96374652,15780.89896783,13770.75487305,0.00054888,0.00051762,0.06889761,0.54864166,7.69434020,17.00000000,PASSIVE_BUY
2724,99.11131093,99.11083483,-0.05193544,0.02126347,546.67574081,-3684.32757462,20205.57250690,20308.20912973,0.00054842,0.00051782,-0.01260101,0.56259823,7.23236802,16.00000000,PASSIVE_SELL
2725,99.18564486,99.18263089,0.10677827,0.02024679,659.37398842,-2573.45660706,25274.30680667,20451.81087506,0.00055647,0.00051846,0.05622738,0.56649648,7.32445039,15.00000000,PASSIVE_SELL
2726,99.14752415,99.15441206,0.05308867,0.02040630,-259.77561761,-2505.76673230,25032.30838890,26597.78435496,0.00055519,0.00051787,-0.11245464,0.56649648,6.76284294,16.00000000,PASSIVE_BUY
2727,99.12385251,99.12861558,-0.29463832,0.02056532,-471.15936848,-2382.59816234,12469.90072358,30620.74403900,0.00055070,0.00051795,0.01444906,0.56894508,6.39437932,17.00000000,PASSIVE_BUY
2728,99.12091277,99.11144485,0.08049165,0.02016059,-818.03152232,-2459.79305806,28283.80331780,18584.07401637,0.00055022,0.00051765,0.02073191,0.56894508,7.25851471,16.00000000,PASSIVE_SELL
2729,99.16633949,99.17480306,0.32518716,0.02007684,636.53764795,-1269.42495431,30549.66246581,16419.97039982,0.00055259,0.00051855,0.04836645,0.55545246,7.99538057,17.00000000,PASSIVE_BUY
2730,99.13020379,99.13321164,-0.17321300,0.02039668,-455.14780687,-1329.96243307,24569.86229220,34684.27609703,0.00055011,0.00051826,-0.08156241,0.55545246,7.39127202,18.00000000,PASSIVE_BUY
2731,99.12716300,99.11958388,0.07623825,0.02036560,-639.11225760,-2435.13149169,28288.95738986,17391.24339986,0.00053884,0.00051818,0.03309491,0.55545246,7.25224901,17.00000000,PASSIVE_SELL
2732,99.03281968,99.03502064,-0.04214558,0.02029565,-375.30831259,-3636.98856930,23879.88566148,28185.18962377,0.00055604,0.00052110,-0.09130254,0.55815868,5.65856034,18.00000000,PASSIVE_BUY
2733,99.02100957,99.02177369,-0.10795825,0.02033815,-876.99983498,-3774.27686087,20091.27379501,30623.38773072,0.00055300,0.00051687,0.08253322,0.55821956,5.45614748,19.00000000,PASSIVE_BUY
2734,98.99610034,99.00304306,0.20985071,0.02051143,-512.63692328,-4672.27839045,33241.30637349,24942.92970020,0.00054961,0.00051667,-0.01309913,0.55821956,4.99312774,20.00000000,PASSIVE_BUY
2735,98.97154358,98.97099033,-0.01477278,0.02057952,-728.37330080,-4920.64439374,32297.62719481,31957.12737956,0.00054551,0.00051624,0.00035248,0.57598453,7.09397267,19.00000000,PASSIVE_SELL
2736,99.01006623,99.00697152,0.06649359,0.02022622,553.73533464,-4951.91394467,28608.91650097,19580.94423996,0.00053888,0.00051572,0.06307941,0.57408833,7.14578821,18.00000000,PASSIVE_SELL
2737,98.99516698,98.98879819,-0.14687853,0.02026332,-595.52903730,-5030.44749253,26109.67604615,31945.25422301,0.00053147,0.00051577,-0.05342189,0.57408833,7.14070522,17.00000000,PASSIVE_SELL
2738,99.02331325,99.02686143,-0.10184778,0.02003704,723.51467312,-3617.29145415,19468.48824733,27473.26202498,0.00053227,0.00051620,0.04304552,0.57126820,7.62921035,18.00000000,PASSIVE_BUY
2739,99.02695551,99.03156921,-0.18891211,0.02032383,458.84840685,-3900.80414231,21086.27856063,33399.37807441,0.00052818,0.00051602,-0.02450402,0.57126820,7.70493283,19.00000000,PASSIVE_BUY
2740,99.03004269,99.03423333,-0.03328164,0.02045582,580.63673060,-3889.38411612,23444.65893146,27970.37709050,0.00051886,0.00051524,-0.00055507,0.57780455,7.77381724,20.00000000,PASSIVE_BUY
2741,98.99455425,98.98851210,-0.04826303,0.02027688,-894.95902157,-4278.08084912,26760.84239609,25937.33739085,0.00051960,0.00051274,-0.03857562,0.57780455,7.11800680,19.00000000,PASSIVE_SELL
2742,98.90978889,98.91193146,0.24919251,0.02010617,-332.06170537,-4955.67555447,32164.38582474,16035.60561913,0.00052979,0.00051578,-0.04927693,0.58985276,5.51751789,20.00000000,PASSIVE_BUY
2743,98.90007402,98.89946564,-0.06002881,0.02096658,-769.83786401,-5394.29280877,27382.06869554,30068.49282725,0.00052988,0.00051469,0.07505050,0.59393465,5.32322060,0.00000000,ABORT
2744,98.88788228,98.89360640,0.11294839,0.02009830,-510.62533987,-6123.28559718,21779.56652725,16759.76118574,0.00052750,0.00051437,-0.00247688,0.59393465,5.32322060,0.00000000,ABORT
2745,98.86725413,98.86173968,0.02362377,0.02032694,-686.90764264,-6280.75035053,26274.35469914,24677.01968226,0.00052722,0.00051364,-0.00843641,0.59393465,5.32322060,0.00000000,ABORT
2746,98.87788977,98.87655145,-0.22250038,0.02061139,588.88356154,-5298.32423440,15878.26477916,24429.82001762,0.00052763,0.00050730,0.03126380,0.58347769,5.33352629,-1.00000000,PASSIVE_SELL
2747,98.89418494,98.89728524,0.10771998,0.02003995,798.42886156,-4799.43063946,26232.00763720,23930.73349185,0.00049288,0.00050744,0.00565953,0.57118411,5.32725110,0.00000000,PASSIVE_BUY
2748,98.87260995,98.87233650,-0.01745163,0.02013238,-764.32987903,-5253.79880991,28087.56721988,24926.50525665,0.00048064,0.00050742,-0.03787016,0.57826363,5.33731728,-1.00000000,PASSIVE_SELL
2749,98.80988966,98.81844350,0.08651845,0.02079171,-458.76968888,-6255.26615163,26810.50725599,23406.35328709,0.00048344,0.00050758,-0.04114531,0.57826363,5.41043343,0.00000000,PASSIVE_BUY
2750,98.78381684,98.78821701,0.00527592,0.02003457,-418.01034071,-7111.24890915,24930.38284263,25749.89947271,0.00048115,0.00050757,0.03664748,0.58436725,5.42045072,1.00000000,PASSIVE_BUY
2751,98.93765619,98.93713194,-0.02111964,0.02038146,548.91479302,-7422.32834773,24257.83904506,23954.47950920,0.00050836,0.00051962,0.17991216,0.58436725,5.58448080,0.00000000,PASSIVE_SELL
2752,99.02498004,99.02824930,0.03801359,0.02118993,814.37190499,-5945.29306836,29770.30771816,29043.75146055,0.00052263,0.00052354,-0.06651550,0.59515871,5.58448080,0.00000000,ABORT
2753,98.98880812,98.99246355,-0.08041988,0.02012115,-494.83702329,-5584.16609830,21329.46255389,24495.36448619,0.00052450,0.00052392,-0.12349576,0.59515871,5.58448080,0.00000000,ABORT
2754,98.95516763,98.95540032,0.24792905,0.02035587,-502.40558737,-5626.22985515,27208.45642505,15065.80106745,0.00051791,0.00052440,0.00253142,0.58903561,5.59465873,1.00000000,PASSIVE_BUY
2755,98.96562139,98.97407746,0.13347093,0.02031971,772.22287265,-4232.42930476,23265.28759417,21790.17872243,0.00051801,0.00052448,0.04409426,0.58903561,5.61527235,2.00000000,PASSIVE_BUY
2756,98.99331406,98.99601580,0.20262560,0.02049903,530.91495684,-3385.10777441,24905.81151666,21909.28551402,0.00051605,0.00052339,0.01723890,0.58570630,5.68090721,3.00000000,PASSIVE_BUY
2757,99.00325907,99.00231709,-0.17736911,0.02011576,648.85392204,-2005.97105448,22007.23178936,31226.24902804,0.00050037,0.00052309,-0.01774766,0.59453874,5.71074223,0.00000000,ABORT
2758,99.12426465,99.12150680,0.02184990,0.02021561,700.07940298,-1991.82586005,25996.93042169,22681.79433194,0.00052412,0.00053033,0.11106057,0.59906591,5.71074223,0.00000000,ABORT
2759,99.11687745,99.11292977,-0.04343544,0.02078712,-623.93440872,-3485.45102881,24657.19367424,22390.77045794,0.00052048,0.00052994,-0.12839278,0.59906591,5.71074223,0.00000000,ABORT
2760,99.07907978,99.08157705,-0.07019360,0.02056111,-427.65275906,-3367.63618387,22469.07998229,29378.96124244,0.00052034,0.00052710,-0.03041047,0.60526455,5.71074223,0.00000000,ABORT
2761,99.14979610,99.14845048,0.14045151,0.02049323,365.90560556,-3528.76011185,20530.64941318,17999.41884037,0.00052946,0.00052958,0.10851399,0.60526455,5.71074223,0.00000000,ABORT
2762,99.22656152,99.22078426,-0.16099056,0.02008079,212.11923274,-3708.27916661,27272.62945070,36041.15899992,0.00052378,0.00053161,0.00604909,0.59545212,5.71074223,0.00000000,ABORT
2763,99.22775639,99.23572423,-0.07959228,0.02043378,522.12058889,-3013.41053381,23947.24893400,30592.93567359,0.00052174,0.00053012,-0.07557054,0.59545212,5.71074223,0.00000000,ABORT
2764,99.28981080,99.28095138,-0.11332038,0.02116461,37.85021444,-3205.82185901,27395.99203832,31750.47594332,0.00051309,0.00053114,0.06085953,0.59545212,5.71074223,0.00000000,ABORT
2765,99.34386214,99.34250328,-0.14281780,0.02048043,290.17540114,-3128.31782801,19493.69047364,22841.24990555,0.00051267,0.00053030,-0.00800307,0.59545212,5.71074223,0.00000000,ABORT
2766,99.28299503,99.27789067,-0.13927571,0.02023662,-473.52382622,-3385.24155209,27970.71668113,38854.84063491,0.00051993,0.00052724,-0.11491845,0.58404657,5.72086054,-1.00000000,PASSIVE_SELL
2767,99.34955940,99.34978856,-0.03063585,0.02018694,695.04731916,-2079.16174976,30954.60511924,33427.56198011,0.00052722,0.00052542,0.12743149,0.59353752,5.66438963,0.00000000,PASSIVE_BUY
2768,99.24312259,99.23838753,-0.00791403,0.02014266,-436.69288657,-2044.22262783,24386.64026329,23255.82373566,0.00053322,0.00052501,-0.17300119,0.59353752,5.67446096,-1.00000000,PASSIVE_SELL
2769,99.20297067,99.19632653,0.05485569,0.02019133,-118.34770955,-1561.20940180,26751.06848031,26396.66629677,0.00051923,0.00052566,0.06628489,0.59353752,5.72470855,-2.00000000,PASSIVE_SELL
2770,99.22913548,99.23393149,0.23590133,0.02055964,506.68311163,-867.34385824,33171.21755920,22406.86733549,0.00051977,0.00052598,0.06631672,0.59353752,5.66838429,-1.00000000,PASSIVE_BUY
2771,99.18926680,99.19854858,0.11036561,0.02048943,-421.35457746,-1572.43912119,30012.86520180,26507.20567123,0.00052002,0.00052581,-0.06603348,0.58067400,5.71849768,0.00000000,PASSIVE_BUY
2772,99.15892605,99.16061171,0.22108960,0.02077980,-486.31085350,-1454.07037416,36301.98571684,22126.96508316,0.00051890,0.00052365,0.00952793,0.58067400,5.72888758,1.00000000,PASSIVE_BUY
2773,99.14960890,99.15646232,0.08748584,0.02006739,-233.73282436,-2594.47364842,30103.55987953,31655.25800879,0.00051746,0.00052368,0.02102360,0.58067400,5.72960412,2.00000000,PASSIVE_BUY
2774,99.12804261,99.12663188,-0.05998440,0.02094643,-527.05358248,-3668.20297171,29660.36577478,31554.28915962,0.00051785,0.00052272,-0.01224914,0.58096228,5.70248461,1.00000000,PASSIVE_SELL
2775,99.20554119,99.20508890,-0.06151568,0.02006267,357.17596351,-3970.40099662,27271.06954870,28859.29525998,0.00051878,0.00052564,0.09906487,0.58096228,5.79001453,0.00000000,PASSIVE_SELL
2776,99.17086922,99.16467704,0.09968710,0.02008250,-575.29041188,-4285.91579089,33326.25873947,24738.65171988,0.00051828,0.00052612,-0.11217056,0.56591118,5.80005578,-1.00000000,PASSIVE_SELL
2777,99.15131684,99.15274084,-0.06132075,0.02066141,-236.41331509,-4051.16973750,24369.58187194,26124.52610668,0.00051792,0.00052509,0.01511959,0.56591118,5.82993887,0.00000000,PASSIVE_BUY
2778,99.12497968,99.12529698,0.15148554,0.02030301,-619.91583916,-3853.05405434,28922.51166609,20480.75455360,0.00051929,0.00052537,-0.00678477,0.58348324,5.84009037,1.00000000,PASSIVE_BUY
2779,99.18569952,99.19125427,0.08845166,0.02007802,868.08385139,-3621.50785090,30297.12582996,28158.72123508,0.00052245,0.00052713,0.08705698,0.58348324,5.91084922,2.00000000,PASSIVE_BUY
2780,99.17553820,99.16797486,0.00463988,0.02078204,-906.84045331,-4073.20049735,32252.78602306,25721.05679671,0.00052004,0.00052512,-0.07088115,0.57629195,5.86023272,1.00000000,PASSIVE_SELL
2781,99.18018761,99.17821658,-0.02792913,0.02012812,782.61807149,-2651.47016825,23576.95807077,22180.80342585,0.00052003,0.00052402,0.01481073,0.57802573,5.87494620,0.00000000,PASSIVE_SELL
2782,99.14923207,99.15335035,0.07133087,0.02075135,-439.91082368,-2716.07267934,22424.78673339,23018.16840699,0.00050380,0.00052430,-0.03560495,0.57802573,5.88532187,1.00000000,PASSIVE_BUY
2783,99.13027745,99.12678156,-0.16816812,0.02124293,-613.27375010,-2452.34659446,28660.16171384,38894.80486928,0.00050430,0.00052388,0.01200092,0.58551231,5.87698872,0.00000000,PASSIVE_SELL
2784,99.13893229,99.13850318,-0.09978620,0.02033292,497.62083878,-1442.08883240,16783.42891146,20269.92541398,0.00050286,0.00052287,0.02760946,0.58551231,5.88715518,-1.00000000,PASSIVE_SELL
2785,99.16407771,99.16069440,-0.18364564,0.02059009,222.83215589,-490.88337571,21380.13665228,32905.91114381,0.00050224,0.00052320,0.01649058,0.58551231,5.87230480,-2.00000000,PASSIVE_SELL
2786,99.15777973,99.16374437,0.06716664,0.02026825,-79.86871477,-1124.48742512,24977.01569573,21551.41179729,0.00049991,0.00051928,-0.03144341,0.58551231,5.88094475,-1.00000000,PASSIVE_BUY
2787,99.16742484,99.16418055,-0.05433992,0.02025469,145.73983616,-383.21855166,26205.10461941,24586.09782530,0.00049933,0.00051933,0.01594310,0.57547648,5.88142698,-2.00000000,PASSIVE_SELL
2788,99.25072996,99.25386242,0.21544277,0.02024257,626.24003751,-480.49318727,32249.42161921,22263.00663818,0.00051080,0.00052072,0.07366001,0.57547648,5.80294781,-1.00000000,PASSIVE_BUY
2789,99.27420122,99.27536831,-0.10722748,0.02050248,681.13107544,-258.21051868,21938.08445393,33189.19134410,0.00051150,0.00052063,-0.05983386,0.59375378,5.78972778,0.00000000,PASSIVE_BUY
2790,99.30374095,99.29794441,-0.22785619,0.02057985,462.94545750,-375.90179178,16183.08180531,24860.04436853,0.00051266,0.00051843,0.00606847,0.59375378,5.80001771,-1.00000000,PASSIVE_SELL
2791,99.34597099,99.33730535,-0.08607388,0.02066037,394.64483899,913.70206878,27149.93833489,30202.56906744,0.00051175,0.00050674,0.01269030,0.59982770,5.75778768,0.00000000,ABORT
2792,99.30227755,99.31085508,0.04187092,0.02056357,-63.31969273,1182.44408142,24094.58556882,23246.96071979,0.00049983,0.00050597,-0.08592347,0.59982770,5.75778768,0.00000000,ABORT
2793,99.23990597,99.23798392,0.16937512,0.02022808,-735.34588185,1216.93606358,29241.36667574,20576.62016870,0.00050902,0.00050757,-0.01867814,0.60290115,5.75778768,0.00000000,ABORT
2794,99.27691194,99.27315143,0.00443906,0.02063104,396.94856815,2124.50997161,32460.53001853,27529.02700718,0.00051002,0.00050465,0.09937755,0.60290115,5.75778768,0.00000000,ABORT
2795,99.26592394,99.26090544,-0.19942035,0.02068961,-546.65952229,2264.75809196,22986.70193948,33051.97167496,0.00050910,0.00050459,-0.04799397,0.59276503,5.76813248,-1.00000000,PASSIVE_SELL
2796,99.32024561,99.31650868,-0.08969799,0.02019504,524.16481223,2200.03934265,25960.55391058,26603.74345282,0.00051327,0.00050522,0.06530967,0.59276503,5.72390833,-2.00000000,PASSIVE_SELL
2797,99.38223215,99.38884773,0.10799995,0.02001480,617.51013784,2019.12061893,34010.06074241,27565.11917831,0.00051862,0.00050706,0.00766487,0.59276503,5.67886146,-1.00000000,PASSIVE_BUY
2798,99.42296115,99.41343370,0.04609975,0.02064307,91.82104651,2875.27154447,30449.60418451,19967.28468745,0.00051840,0.00050697,-0.02125755,0.60948641,5.63813247,0.00000000,ABORT
2799,99.46625583,99.46374170,0.12207438,0.02002685,511.98292184,3846.02415519,28739.91335450,23975.97644073,0.00050918,0.00050712,0.00256569,0.60948641,5.63813247,0.00000000,ABORT
2800,99.40261791,99.39700076,-0.22614734,0.02037031,-535.53846779,3728.49602810,18450.30609135,21748.49131851,0.00051769,0.00050895,-0.10693260,0.59197484,5.64831762,-1.00000000,PASSIVE_SELL
2801,99.44824263,99.44923997,0.08078541,0.02079128,926.76069295,4106.34192803,21608.29286383,18154.72902064,0.00047831,0.00050951,0.10926263,0.60270583,5.60269291,0.00000000,ABORT
2802,99.45333701,99.45284793,-0.17363660,0.02002968,625.82518826,3917.79521130,18557.63133254,29463.77493251,0.00046520,0.00050949,-0.04053033,0.60270583,5.60269291,0.00000000,ABORT
2803,99.35425993,99.35546872,0.02615753,0.02073606,-492.21951640,3920.41271820,29390.55560094,27015.35726793,0.00048542,0.00051153,-0.10417146,0.59547351,5.60269291,0.00000000,ABORT
2804,99.34873515,99.35251078,0.09207038,0.02069634,-455.53176703,3967.28653854,27878.62967078,22624.32998323,0.00048220,0.00051151,0.09355229,0.59547351,5.60269291,0.00000000,ABORT
2805,99.34935046,99.34736399,-0.13657013,0.02049899,216.39451605,3411.45818195,18357.82915496,20926.81444295,0.00048229,0.00050967,0.00614009,0.59547351,5.60269291,0.00000000,ABORT
2806,99.37053946,99.36680894,0.15099797,0.02073271,268.78079953,3149.32402464,33313.61773077,18952.62928260,0.00048182,0.00050887,0.02057369,0.58085612,5.61305926,-1.00000000,PASSIVE_SELL
2807,99.39384140,99.39509130,-0.06760612,0.02008751,528.80594495,3029.27604756,21858.50611624,29364.47264006,0.00048232,0.00050889,0.00211294,0.58085612,5.59980107,0.00000000,PASSIVE_BUY
2808,99.39473271,99.38752181,-0.15584235,0.02027592,181.85332505,2511.04996963,25744.57721218,33059.06265375,0.00045390,0.00050858,-0.02241064,0.57647146,5.60993904,-1.00000000,PASSIVE_SELL
2809,99.40663444,99.40594881,-0.03032216,0.02053370,903.61042810,4038.59480645,25934.07788054,26397.19554937,0.00045361,0.00050702,0.01101042,0.59023622,5.60830416,-2.00000000,PASSIVE_SELL
2810,99.38867083,99.39341142,-0.01489174,0.02075714,-591.41332763,3874.83423789,22519.32606452,29333.87805358,0.00045058,0.00050630,-0.02986534,0.59023622,5.62201623,-1.00000000,PASSIVE_BUY
2811,99.30819596,99.30304236,-0.03182467,0.02019177,-804.08944306,2704.83918926,26991.86494121,24846.45973974,0.00045699,0.00050906,-0.06251126,0.60291171,5.70249110,0.00000000,ABORT
2812,99.38184178,99.38071535,-0.00291630,0.02033358,416.09275493,2908.81271145,31340.74723225,32398.05709380,0.00045595,0.00051148,0.15412069,0.60291171,5.70249110,0.00000000,ABORT
2813,99.33346939,99.32969992,0.00199498,0.02040913,-577.42236530,1809.26975726,25276.07051387,24923.21489078,0.00046168,0.00051058,-0.12201821,0.59779899,5.70249110,0.00000000,ABORT
2814,99.32171877,99.32715149,0.28471923,0.02067752,-329.73557880,1441.68396402,26443.58361682,17048.99291315,0.00045390,0.00051063,0.03662177,0.59779899,5.70249110,0.00000000,ABORT
2815,99.32296812,99.32593315,-0.11149800,0.02119191,489.46152775,1640.97009062,20858.30583625,30071.29945238,0.00044736,0.00051017,0.01299996,0.59824308,5.70249110,0.00000000,ABORT
2816,99.37182909,99.36897153,-0.04094884,0.02077022,403.42733730,2517.92125414,26461.98666173,28215.81170790,0.00044402,0.00050997,0.04761162,0.59824308,5.70249110,0.00000000,ABORT
2817,99.41052622,99.41255058,0.01690675,0.02018454,812.44291924,2635.31685422,26559.26008821,23843.23291404,0.00043746,0.00051035,-0.01016384,0.60402395,5.70249110,0.00000000,ABORT
2818,99.42113458,99.41879086,0.01785265,0.02112701,525.26772589,3597.27746668,29893.37232832,29006.11927755,0.00040925,0.00051011,-0.02808878,0.60402395,5.70249110,0.00000000,ABORT
2819,99.39739996,99.39273852,-0.00315769,0.02036208,-437.26950378,3278.35567244,24858.96633579,22517.39036389,0.00040633,0.00050605,-0.03434298,0.59510893,5.71267214,-1.00000000,PASSIVE_SELL
2820,99.39687760,99.39692709,0.08585736,0.02070559,-325.88188164,2445.79067917,32444.31672019,29580.79047613,0.00040510,0.00050574,0.02321226,0.59510893,5.71319450,-1.00000000,HOLD
2821,99.45664217,99.46005566,0.02410029,0.02082181,680.50190524,3547.64716187,19269.96806298,20534.05029895,0.00040785,0.00050698,0.06028693,0.58604950,5.66384083,0.00000000,PASSIVE_BUY
2822,99.36947262,99.36918775,-0.10114607,0.02013031,-597.43940185,3436.51861352,19414.89204408,22870.93480293,0.00042538,0.00050994,-0.14693413,0.58604950,5.67390599,-1.00000000,PASSIVE_SELL
2823,99.37387379,99.37202083,0.08184426,0.02069952,336.34229795,4006.59373583,33193.31092361,24042.63912119,0.00042493,0.00050985,0.09157073,0.57561415,5.67985458,-2.00000000,PASSIVE_SELL
2824,99.36036147,99.35815446,0.00956374,0.02020626,-602.49271761,3931.15460070,27089.90963290,25071.21695691,0.00042408,0.00050805,-0.01791348,0.57561415,5.71698234,-3.00000000,PASSIVE_SELL
2825,99.31162970,99.31925199,0.06904005,0.02049912,-327.74876622,3246.22987097,30100.56441789,27688.12165493,0.00041734,0.00050725,-0.03521946,0.57596030,5.72003688,-2.00000000,PASSIVE_BUY
2826,99.27565628,99.28007708,0.02435735,0.02048138,-460.50576617,3361.01451668,21804.58733926,23285.40414333,0.00041757,0.00050636,0.01275835,0.57596030,5.76625986,-1.00000000,PASSIVE_BUY
2827,99.23872958,99.23820213,-0.03403253,0.02033895,-537.18994409,3060.23788768,26694.18316229,26153.08547099,0.00042011,0.00050531,-0.00095327,0.58377929,5.81335603,-2.00000000,PASSIVE_SELL
2828,99.32838283,99.33374061,0.12329160,0.02045656,381.62118160,4061.77490844,28061.16033806,23340.66157888,0.00043591,0.00050882,0.12657994,0.58377929,5.70527504,-1.00000000,PASSIVE_BUY
2829,99.28544340,99.28728474,0.02888712,0.02023443,-316.95048789,2876.74056916,30212.42864569,27259.70871574,0.00043305,0.00050850,-0.13259268,0.58377929,5.75833169,0.00000000,PASSIVE_BUY
2830,99.17658792,99.17532862,0.03681696,0.02045653,-706.47608476,3077.10493771,28020.77106367,27113.90445274,0.00046021,0.00051222,-0.06591605,0.59849573,5.75833169,0.00000000,ABORT
2831,99.18345962,99.18287928,0.02823752,0.02007473,683.71325998,2978.20012620,30635.14834169,25400.27997638,0.00046027,0.00051183,0.11572718,0.58378037,5.76836906,-1.00000000,PASSIVE_SELL
2832,99.19427076,99.19917022,0.06299523,0.02014236,870.03856459,4288.14951446,21521.66795893,18113.97257333,0.00045832,0.00050784,0.00393944,0.58378037,5.76762909,0.00000000,PASSIVE_BUY
2833,99.08417801,99.09297934,-0.17713007,0.02055646,-491.19280693,4410.23045763,15177.69726735,25644.65553674,0.00048372,0.00051322,-0.12090389,0.56701239,5.77790733,1.00000000,PASSIVE_BUY
2834,99.07222684,99.07039637,-0.08199624,0.02051079,-792.26305201,3120.34656684,20551.84292882,23211.91878564,0.00048376,0.00051291,0.09814158,0.56701239,5.77621155,0.00000000,PASSIVE_SELL
2835,98.98396244,98.97958912,0.09871299,0.02058078,-615.65929523,2281.85511571,36986.26757783,26850.54286975,0.00049748,0.00051533,-0.07631323,0.56142669,5.78650194,-1.00000000,PASSIVE_SELL
2836,98.99181103,98.98886445,0.10922270,0.02082708,465.53644968,2827.26028016,35800.66729336,24625.88988914,0.00049773,0.00051538,0.09611299,0.56142669,5.78906688,-2.00000000,PASSIVE_SELL
2837,98.97603943,98.96639750,-0.08874108,0.02031918,-485.02260083,2196.49784317,33065.08802137,36100.56419911,0.00049768,0.00051379,-0.02362020,0.56819212,5.83076968,-3.00000000,PASSIVE_SELL
2838,98.96566898,98.96243231,-0.18211670,0.02071199,-332.86990509,1237.38790056,25015.10123592,30277.89901763,0.00048165,0.00050257,0.00540115,0.56819212,5.87223702,-4.00000000,PASSIVE_SELL
2839,99.02858795,99.02827439,-0.04477593,0.02058225,725.46961562,1281.72644074,15098.32362743,19208.11365423,0.00048969,0.00050445,0.07328942,0.57105276,5.63085226,-5.00000000,PASSIVE_SELL
2840,99.11010457,99.11605572,-0.25784850,0.02059488,843.44062850,1662.22161174,15079.15649941,32278.62847951,0.00050249,0.00050677,0.01859765,0.57105276,5.63473075,-4.00000000,PASSIVE_BUY
2841,99.06762098,99.06598339,-0.15032071,0.02056371,-629.17613853,638.40063423,19496.63845518,24768.10356871,0.00050093,0.00050418,-0.12400022,0.55656930,5.81494697,-5.00000000,PASSIVE_SELL
2842,98.97990975,98.97870721,-0.10275942,0.02089901,-414.77684904,286.94347792,29076.03013803,34898.15254598,0.00051154,0.00050635,-0.04522764,0.55656930,6.26395266,-6.00000000,PASSIVE_SELL
2843,98.92696854,98.92701654,-0.05869431,0.02027910,-307.53506864,714.75429112,27782.75799734,30170.62127698,0.00050965,0.00050727,0.03477003,0.55388146,6.58159991,-6.00000000,HOLD
2844,98.91459619,98.92138410,0.10075913,0.02037640,-200.89208263,116.91364034,27517.86895118,26537.69062274,0.00050589,0.00050643,0.04056886,0.55388146,5.79848662,-5.00000000,PASSIVE_BUY
2845,98.91969130,98.92124330,0.05550017,0.02098189,315.66058467,979.23374730,31098.54297001,26450.32856855,0.00050615,0.00050587,0.01746747,0.54005355,5.80267148,-4.00000000,PASSIVE_BUY
2846,98.89330459,98.89961266,0.15799737,0.02004521,-314.91254872,140.15638635,30741.62991531,24987.75469597,0.00049909,0.00050613,-0.03148183,0.54005355,5.84048581,-3.00000000,PASSIVE_BUY
2847,98.85863698,98.86333178,0.26526321,0.02034282,-543.00898340,-1020.36273488,29841.81757322,17678.21753004,0.00048992,0.00050286,-0.00828090,0.54005355,5.88502721,-2.00000000,PASSIVE_BUY
2848,98.94739994,98.94138081,0.03208290,0.02044784,213.75235370,-898.43142769,23749.68461766,18817.70444654,0.00050472,0.00050608,0.12343057,0.54534551,5.71772522,-3.00000000,PASSIVE_SELL
2849,98.93690445,98.93549826,-0.21554519,0.02082384,-182.34126212,-1592.75561165,20563.13355767,29363.87265779,0.00049898,0.00050597,-0.09925845,0.54534551,5.75962361,-4.00000000,PASSIVE_SELL
2850,98.92365135,98.92151248,0.12866849,0.02069387,-227.25183840,-1284.46898226,25236.34970559,20779.14936298,0.00049316,0.00050559,-0.00275761,0.54534551,5.82298295,-5.00000000,PASSIVE_SELL
2851,98.97554091,98.97191520,-0.00498177,0.02008466,388.05584344,-1823.17383178,28776.76601447,25273.09568548,0.00049472,0.00050552,0.06514266,0.54084500,5.57357747,-6.00000000,PASSIVE_SELL
2852,99.03262500,99.03349420,0.06414484,0.02027210,958.32913982,-1490.66988022,28890.57737220,30367.84667523,0.00050322,0.00050730,0.00519453,0.54081816,5.75244299,-5.00000000,PASSIVE_BUY
2853,99.04805923,99.05121382,-0.05452703,0.02049420,820.78643474,-177.66392908,29123.76585189,36934.21210680,0.00048706,0.00050285,-0.04164986,0.53926600,5.74681166,-4.00000000,PASSIVE_BUY
2854,99.09968255,99.10839591,-0.18120490,0.02009302,463.64458259,741.51242054,20710.68516899,33666.65296869,0.00049385,0.00050406,0.03618910,0.53926600,5.70583662,-3.00000000,PASSIVE_BUY
2855,99.00380957,99.00242672,0.07035545,0.02027766,-701.09365438,-175.97574989,31243.05307924,27733.30642416,0.00051019,0.00050847,-0.14749630,0.53118667,6.00359438,-4.00000000,PASSIVE_SELL
2856,98.96010974,98.96775166,0.16545326,0.02030766,-386.39156422,-831.14811364,25632.47579272,16294.27299540,0.00051116,0.00050933,0.05217314,0.53118667,5.82627288,-3.00000000,PASSIVE_BUY
2857,98.90081205,98.89943581,-0.00412640,0.02020810,-697.28605726,-2057.24011585,25678.95576562,21535.12164806,0.00051413,0.00050942,-0.01559785,0.54311521,6.01426998,-4.00000000,PASSIVE_SELL
2858,98.89224027,98.89683306,0.14189473,0.02036647,-377.33577703,-2616.42921794,30718.03742711,21453.09534141,0.00051390,0.00050825,0.05072590,0.54311521,5.88432359,-3.00000000,PASSIVE_BUY
2859,98.96794063,98.96716279,0.14975723,0.02015741,252.43296835,-3267.60667768,26577.17579467,18684.70828879,0.00052723,0.00051113,0.08427216,0.54311521,5.66730119,-4.00000000,PASSIVE_SELL
2860,98.98328786,98.98624093,0.00205737,0.02003374,561.24835000,-2114.94500006,22729.86427482,26200.15630714,0.00052815,0.00051049,-0.06035314,0.53822913,5.81759931,-3.00000000,PASSIVE_BUY
2861,98.96369359,98.95976421,-0.05713299,0.02080852,-539.09457649,-1849.95013349,29321.14416727,31045.06248711,0.00051812,0.00051064,-0.03494150,0.53822913,5.88678638,-4.00000000,PASSIVE_SELL
2862,98.95306586,98.94751321,-0.11099029,0.02006833,-423.26304022,-2689.30592864,25894.10135720,28654.84702976,0.00050502,0.00050784,0.00896654,0.53248029,5.93933146,-5.00000000,PASSIVE_SELL
2863,98.93941695,98.93155133,-0.13647975,0.02090427,-413.48729957,-2525.37086291,22834.50358759,26479.14999948,0.00050184,0.00050789,-0.00302118,0.53248029,6.01802814,-6.00000000,PASSIVE_SELL
2864,98.93474229,98.93623846,-0.20633374,0.02059913,-359.95346890,-2555.58875301,19948.98319749,32645.33686308,0.00050183,0.00050699,0.00897425,0.53334001,5.83952269,-5.00000000,PASSIVE_BUY
2865,98.87157681,98.87070601,-0.07769632,0.02017534,-901.03997404,-3946.09025479,26379.74190314,31252.25241422,0.00050772,0.00050786,-0.05849082,0.53974553,6.16543776,-6.00000000,PASSIVE_SELL
2866,98.94997015,98.95533113,0.20872674,0.02001005,829.47078795,-3520.04680414,30022.58758294,22975.18340730,0.00051630,0.00051097,0.14155882,0.53974553,5.81834328,-5.00000000,PASSIVE_BUY
2867,98.95679443,98.95692511,-0.09476957,0.02008236,524.78974454,-3807.69997885,26183.09832851,33674.09744599,0.00051234,0.00051087,-0.07156906,0.55261238,5.82141555,-4.00000000,PASSIVE_BUY
2868,99.00045058,98.99718807,-0.01521239,0.02053476,631.71981324,-3701.24789149,23032.06582832,17222.72928096,0.00051705,0.00051083,0.03683186,0.55261238,5.65705835,-5.00000000,PASSIVE_SELL
2869,98.95612997,98.96191999,-0.15429476,0.02061691,-354.12795956,-3618.10634727,21243.97174142,34131.76689299,0.00051912,0.00050749,-0.08797675,0.55091731,5.83407113,-4.00000000,PASSIVE_BUY
2870,98.96365073,98.96577106,-0.01821137,0.02029542,492.80034483,-2799.42412081,25306.56654362,27822.28866684,0.00051950,0.00050615,0.05184137,0.54674691,5.83718032,-3.00000000,PASSIVE_BUY
2871,98.96559966,98.96354108,-0.06656965,0.02059947,542.39782577,-2937.52820028,22533.13559733,22148.88637406,0.00051039,0.00050359,-0.00557183,0.54674691,5.84163327,-4.00000000,PASSIVE_SELL
2872,98.95623531,98.95392425,0.01412500,0.02015352,-686.89995763,-3026.98875606,30121.69162969,27451.10892145,0.00049815,0.00050314,-0.01131329,0.54983146,5.88916745,-5.00000000,PASSIVE_SELL
2873,98.95578285,98.95194352,-0.13888826,0.02043512,-643.93221575,-4007.26326976,24159.33523669,30451.77895757,0.00049795,0.00050164,0.00891190,0.54090738,5.90164729,-6.00000000,PASSIVE_SELL
2874,98.89946115,98.90162669,-0.03178531,0.02058857,-411.68879707,-3816.45934921,23334.88711478,22861.59459953,0.00050252,0.00050292,-0.05586925,0.54090738,5.88843865,-5.00000000,PASSIVE_BUY
2875,98.83838718,98.83884376,-0.16759116,0.02077525,-682.92919947,-4171.63978246,23459.39409202,34586.66747762,0.00050484,0.00050432,-0.00475226,0.55504432,5.95952689,-4.00000000,PASSIVE_BUY
2876,98.77500675,98.77736287,-0.09324170,0.02005299,-667.36788269,-4378.50189898,17640.75028143,25547.38386203,0.00050929,0.00050527,-0.00230647,0.55497579,6.03401720,-3.00000000,PASSIVE_BUY
2877,98.71319585,98.71938360,0.09445692,0.02099207,-500.65844994,-4341.97040484,26031.32731846,20488.54368783,0.00051321,0.00050576,0.00156953,0.55497579,6.10538506,-2.00000000,PASSIVE_BUY
2878,98.73478854,98.74048340,-0.01543184,0.02007710,341.60746755,-4381.98411888,23754.43445769,31947.64913154,0.00049492,0.00050594,0.08340360,0.55497579,6.09428839,-1.00000000,PASSIVE_BUY
2879,98.79550275,98.79619664,0.06768754,0.02003111,322.69359230,-3742.34003870,34505.63142671,31640.40686283,0.00050333,0.00050773,0.03912151,0.56170709,6.04358974,0.00000000,PASSIVE_BUY
2880,98.78138851,98.78956237,0.03757772,0.02053953,-286.33895476,-3322.20290869,27502.84056018,26952.75971391,0.00048280,0.00050659,-0.07482846,0.56170709,6.05385951,1.00000000,PASSIVE_BUY
2881,98.75482687,98.74583923,-0.20265248,0.02002260,-946.98732615,-4952.90349482,24310.21803643,27980.54455288,0.00048303,0.00050348,-0.01244739,0.56546153,6.03730917,0.00000000,PASSIVE_SELL
2882,98.69617380,98.69378308,0.06519538,0.02012568,-361.65607389,-6184.59813331,22208.47918475,15241.38959526,0.00048735,0.00050511,-0.03209143,0.56546153,6.04737201,-1.00000000,PASSIVE_SELL
2883,98.72531805,98.72365495,-0.11015287,0.02023808,665.35238235,-5028.05294403,20439.63332480,28297.42302922,0.00046846,0.00050477,0.08779732,0.55129621,6.02834680,-2.00000000,PASSIVE_SELL
2884,98.68768198,98.69349459,-0.00880217,0.02029737,-404.72541982,-4640.51531183,31326.80298939,31248.53053637,0.00047042,0.00050407,-0.06678032,0.55129621,6.07046406,-1.00000000,PASSIVE_BUY
2885,98.70785577,98.70697923,-0.18245662,0.02006723,458.86483443,-3565.99118218,21043.50242486,32845.37678049,0.00045735,0.00050297,0.05780986,0.54812980,6.06032387,-2.00000000,PASSIVE_SELL
2886,98.68712564,98.69209307,0.11447991,0.02034420,-482.20678940,-4513.73442125,28382.96833130,20883.86916256,0.00045743,0.00050050,-0.04090393,0.53157783,6.09119844,-1.00000000,PASSIVE_BUY
2887,98.78848789,98.78724462,0.00397650,0.02017242,485.69100481,-3543.02081561,30765.80458073,26292.17050172,0.00048185,0.00050389,0.12209239,0.53157783,5.99992240,-2.00000000,PASSIVE_SELL
2888,98.76656207,98.76656151,0.03008829,0.02104303,-812.70559288,-4022.85650341,28554.70299146,29504.78908274,0.00048245,0.00050400,-0.12328807,0.51182042,6.04377404,-2.00000000,HOLD
2889,98.76052250,98.76810242,0.35821583,0.02020076,-464.19190784,-5212.51802686,29797.97892423,14404.29819751,0.00047269,0.00050282,0.01588624,0.50489682,6.07861186,-1.00000000,PASSIVE_BUY
2890,98.69437997,98.69238532,0.16144725,0.02028897,-511.96769021,-6567.92634557,28049.17105580,17009.65930241,0.00046341,0.00050240,-0.06010295,0.50489682,6.15489888,-2.00000000,PASSIVE_SELL
2891,98.71729874,98.72687595,-0.06726252,0.02022866,644.45633483,-5294.29387221,20304.08648867,30273.18989705,0.00046281,0.00050232,0.08906129,0.50489682,6.09888680,-1.00000000,PASSIVE_BUY
2892,98.67941194,98.68032586,0.09669287,0.02047811,-786.63304295,-5666.15006612,25576.76286865,24980.96265296,0.00045030,0.00050214,-0.06080556,0.51115145,6.14701265,0.00000000,PASSIVE_BUY
2893,98.72708481,98.71901333,-0.09323258,0.02018933,432.22201526,-4926.39298222,26976.07618559,32394.02535341,0.00045141,0.00050339,0.08555967,0.49462107,6.15710731,-1.00000000,PASSIVE_SELL
2894,98.76599912,98.76370419,-0.05863810,0.02073049,627.02041647,-4098.48048312,20443.91559228,23332.97150189,0.00045530,0.00050363,-0.00875857,0.49462107,6.12855825,-2.00000000,PASSIVE_SELL
2895,98.76535105,98.75683655,-0.16828651,0.02048213,-506.20500431,-4920.34607211,24935.66451911,33922.57448571,0.00045517,0.00050337,-0.03956237,0.49884418,6.14009546,-3.00000000,PASSIVE_SELL
2896,98.78688616,98.77906430,0.16286728,0.02048615,329.96403891,-4275.46948448,30778.05152962,18300.52888080,0.00045521,0.00050363,0.02218318,0.49884418,6.08573319,-4.00000000,PASSIVE_SELL
2897,98.76862455,98.77255308,-0.05084190,0.02009304,-162.45134875,-3894.91184984,25383.85728673,33438.42174050,0.00045340,0.00049508,-0.03979673,0.49884418,6.12986136,-3.00000000,PASSIVE_BUY
2898,98.81976381,98.81518438,-0.10313279,0.02086099,248.78409114,-3859.88011241,26297.15923118,28215.38140717,0.00044101,0.00049309,0.06940087,0.49332931,5.98687407,-4.00000000,PASSIVE_SELL
2899,98.79806551,98.80513348,0.22220971,0.02027099,-190.04456365,-3867.58341393,24034.66076906,17554.98358751,0.00044171,0.00049247,-0.07283756,0.49332931,6.11814651,-3.00000000,PASSIVE_BUY
2900,98.79237415,98.78855274,-0.24000543,0.02014169,-409.49386715,-4049.82544268,17994.10806059,33096.71347010,0.00044147,0.00049193,0.01600694,0.49795047,6.14529143,-4.00000000,PASSIVE_SELL
2901,98.83431136,98.83156887,0.11523011,0.02028132,364.22247202,-4073.65881410,28869.49304462,23339.98240939,0.00043919,0.00048685,0.04762857,0.49795047,5.98768325,-5.00000000,PASSIVE_SELL
2902,98.87440488,98.88262971,0.12373993,0.02009045,733.71461457,-4298.27333935,36927.65870511,29696.75623554,0.00043511,0.00048689,-0.00184370,0.49795047,6.04614985,-4.00000000,PASSIVE_BUY
2903,98.85472274,98.85594625,0.11439539,0.02001712,-753.29340128,-5872.35317537,27549.93591547,23682.33184195,0.00043488,0.00048701,-0.05977565,0.49621074,6.07595055,-3.00000000,PASSIVE_BUY
2904,98.85313976,98.84695566,0.01572393,0.02086126,-858.99507347,-7194.99283143,22050.93539023,19861.87036814,0.00042749,0.00048461,0.01809915,0.48780071,6.09113013,-4.00000000,PASSIVE_SELL
2905,98.82658276,98.83138322,0.01640193,0.02013337,-189.27418954,-6683.17336660,26414.26010662,28824.40784221,0.00040823,0.00048483,-0.02497402,0.48780071,6.10868834,-3.00000000,PASSIVE_BUY
2906,98.82639069,98.82813872,-0.07348330,0.02029981,-324.83366035,-6621.61546273,22249.73263729,30603.34058754,0.00040411,0.00048376,0.02636494,0.48780071,6.11886387,-2.00000000,PASSIVE_BUY
2907,98.82780424,98.82624270,0.01096799,0.02061053,122.64590746,-5801.68349801,24662.18621055,24945.00856031,0.00039577,0.00047957,0.00160561,0.48780071,6.12634204,-3.00000000,PASSIVE_SELL
2908,98.82525641,98.83305472,-0.10623312,0.02065032,-110.09077468,-5534.43849566,16790.08148675,27316.80186711,0.00039564,0.00047813,-0.00396138,0.48257507,6.12711247,-2.00000000,PASSIVE_BUY
2909,98.86483733,98.86624855,0.14867304,0.02026567,442.82331109,-5344.04815293,34870.85774718,24217.11214404,0.00038442,0.00047789,0.04212875,0.46919423,6.09785671,-1.00000000,PASSIVE_BUY
2910,98.86044073,98.85518001,-0.01463232,0.02003701,-611.98540457,-6517.28190750,29141.35867452,29041.10519145,0.00038361,0.00047714,-0.04397751,0.46919423,6.11227181,-2.00000000,PASSIVE_SELL
2911,98.86203313,98.87176643,0.15169015,0.02077917,665.64729495,-5312.54003606,29906.76955167,26262.44872235,0.00038285,0.00047703,0.00598899,0.46919423,6.10853828,-1.00000000,PASSIVE_BUY
2912,98.91015860,98.91056518,-0.08275811,0.02051979,373.97966260,-4515.29733323,25752.90376286,32459.26697959,0.00038913,0.00047347,0.04653307,0.46953673,6.07067271,0.00000000,PASSIVE_BUY
2913,98.96092234,98.95346934,0.05138345,0.02017817,392.63542046,-3709.17461321,31264.29441637,25102.90658723,0.00039543,0.00047444,0.00263827,0.48280933,6.08076179,-1.00000000,PASSIVE_SELL
2914,99.01419593,99.00751446,0.02528958,0.02022660,459.17311226,-2890.04803204,21300.90095287,14628.80336550,0.00040234,0.00047145,0.00250984,0.48280933,6.03760151,-2.00000000,PASSIVE_SELL
2915,99.07122836,99.06451177,0.08591621,0.02003177,367.59806452,-1621.40999348,24506.87567422,18508.74554841,0.00039872,0.00047153,0.00375885,0.48280933,5.93355253,-3.00000000,PASSIVE_SELL
2916,98.99182911,98.98591408,0.04591251,0.02022926,-442.66110027,-2893.54188170,28485.66334498,25003.76504516,0.00040103,0.00047479,-0.13643168,0.47026030,6.18186491,-4.00000000,PASSIVE_SELL
2917,98.97881041,98.98466775,0.34293267,0.02021782,-137.31793482,-3555.64956106,25265.56456515,13451.89659521,0.00040141,0.00047463,0.06638055,0.47026030,6.09127163,-3.00000000,PASSIVE_BUY
2918,99.03898927,99.03817688,-0.01659800,0.02064065,403.26667031,-3784.10270398,22651.01493408,19390.43054857,0.00040569,0.00047233,0.07319756,0.47093073,5.92105537,-4.00000000,PASSIVE_SELL
2919,99.11264274,99.10888626,-0.12103485,0.02009192,472.50462056,-2957.47012386,18336.43184137,24864.07814262,0.00041315,0.00047065,0.01347460,0.47093073,5.63648747,-5.00000000,PASSIVE_SELL
2920,99.12073129,99.11729201,-0.00252561,0.02023512,295.67126322,-3154.59920546,27430.79224690,28706.79462909,0.00041316,0.00047058,-0.06556492,0.48360517,5.60616229,-6.00000000,PASSIVE_SELL
2921,99.02185455,99.01912987,0.11590390,0.02014314,-271.61760532,-3968.61463655,27941.31700113,24094.29933590,0.00043760,0.00047483,-0.10696529,0.48360517,6.20949429,-7.00000000,PASSIVE_SELL
2922,99.01181560,99.00688219,-0.06659648,0.02019747,-176.66663370,-3458.38131262,26597.43458608,29185.03842982,0.00043763,0.00047411,0.08883779,0.48360517,6.28986568,-8.00000000,PASSIVE_SELL
2923,99.06908316,99.07146613,-0.00203059,0.02006219,534.27220318,-2280.17689370,24646.79486846,25047.41545147,0.00044476,0.00047537,0.06730651,0.48751748,6.02517766,-7.00000000,PASSIVE_BUY
2924,99.11088392,99.10220440,-0.04107556,0.02103169,288.23100763,-1580.25708900,19241.62664607,17018.75071235,0.00043999,0.00047613,-0.01546680,0.48751748,5.74308818,-8.00000000,PASSIVE_SELL
2925,99.11793819,99.11222654,0.01444110,0.02000864,505.71590302,-391.61198651,26251.14409449,18933.30519051,0.00042976,0.00047318,-0.03474649,0.48751748,5.69665832,-9.00000000,PASSIVE_SELL
2926,99.21062201,99.20589614,-0.07787361,0.02003261,596.27515803,872.03105421,25621.27415063,29693.90707703,0.00043518,0.00047700,0.08562955,0.49032986,4.87252023,-10.00000000,PASSIVE_SELL
2927,99.23798311,99.23816748,0.05411163,0.02087426,960.46662443,2333.15612858,21706.38126901,20345.16176460,0.00042375,0.00047708,-0.06532272,0.49098963,5.86224966,-9.00000000,PASSIVE_BUY
2928,99.25781664,99.25742834,0.07623550,0.02055084,848.91689906,2840.46556009,38317.39546220,31688.23386979,0.00042366,0.00047727,-0.00752757,0.49272560,5.69402332,-10.00000000,PASSIVE_SELL
2929,99.17118911,99.16899355,0.15003802,0.02004551,-628.19053186,1889.58143593,27061.13972463,17389.77018801,0.00043884,0.00048020,-0.10646106,0.49272560,6.57032135,-11.00000000,PASSIVE_SELL
2930,99.20164018,99.20389366,-0.03901373,0.02042984,561.01168996,2736.93208065,19505.16961729,27239.25197936,0.00043887,0.00047999,0.11707859,0.49532271,5.88962916,-10.00000000,PASSIVE_BUY
2931,99.22958409,99.22861962,-0.04131947,0.02052634,580.55054795,4264.46995475,29490.48678210,27175.38457903,0.00043676,0.00048038,-0.00250715,0.50892873,5.62045322,-11.00000000,PASSIVE_SELL
2932,99.24566878,99.24758732,0.14437822,0.02055844,923.37434253,5549.50037117,31440.59732691,20938.19387432,0.00042555,0.00047569,-0.01185922,0.50892873,5.84942387,-10.00000000,PASSIVE_BUY
2933,99.22946366,99.22989211,-0.13602452,0.02003178,-852.93045926,4031.21752956,27097.26568612,34623.77939749,0.00042642,0.00047576,-0.03228981,0.49562880,5.87801487,-9.00000000,PASSIVE_BUY
2934,99.21214865,99.21424002,-0.19519819,0.02064920,-597.23741879,3838.70553060,17528.34274248,28793.34924517,0.00042270,0.00047557,-0.00110989,0.49457666,5.90318477,-8.00000000,PASSIVE_BUY
2935,99.16020147,99.15982656,0.09067014,0.02053558,-583.52361980,2796.31707638,30260.09453045,27667.17876431,0.00043151,0.00047672,-0.03463217,0.49457666,6.32902999,-9.00000000,PASSIVE_SELL
2936,99.24746071,99.23998651,-0.00556878,0.02060461,363.75126516,3642.27513094,25774.84182479,25447.36516064,0.00044309,0.00047992,0.13920642,0.49583499,5.55399908,-10.00000000,PASSIVE_SELL
2937,99.21950396,99.21350218,-0.15169932,0.02030007,-385.66668197,2770.91744416,24562.68191422,30360.76888278,0.00042671,0.00048023,-0.11521600,0.49583499,5.84371669,-11.00000000,PASSIVE_SELL
2938,99.22549659,99.22419387,-0.10982723,0.02111287,590.60190152,4174.22493856,24625.17309987,28400.34262029,0.00042445,0.00047985,0.03394939,0.49444612,5.78835413,-12.00000000,PASSIVE_SELL
2939,99.26739730,99.27672728,0.36435908,0.02025209,698.52942213,5336.94626852,32003.83757414,16298.52156411,0.00042633,0.00048073,0.03590807,0.49444612,5.82616813,-11.00000000,PASSIVE_BUY
2940,99.18679357,99.19069321,0.32925917,0.02010188,-560.37205710,5288.54190163,36192.96348460,18596.92247037,0.00043192,0.00048423,-0.12250444,0.48659114,5.91757388,-10.00000000,PASSIVE_BUY
2941,99.13768624,99.13263874,-0.21448134,0.02034136,-615.44303398,4028.64253282,14083.42040890,17760.65166654,0.00043939,0.00048484,0.03149641,0.48659114,6.41881778,-11.00000000,PASSIVE_SELL
2942,99.11996061,99.11410495,-0.16117782,0.02028245,-482.00173672,4333.27383905,24551.00720172,30149.37030001,0.00043594,0.00048115,0.03138168,0.48659114,6.62394103,-12.00000000,PASSIVE_SELL
2943,99.10768455,99.11644118,-0.02586962,0.02046074,-141.35027575,3759.70154804,20020.31059064,25657.00701917,0.00043325,0.00048118,0.00544958,0.50007522,5.97854377,-11.00000000,PASSIVE_BUY
2944,99.11214274,99.10378627,-0.03884388,0.02056929,55.52537152,3188.20650309,29812.38801366,33654.47611086,0.00043089,0.00048109,0.01673425,0.50007522,5.93978828,-12.00000000,PASSIVE_SELL
2945,99.08666092,99.08436297,-0.14410805,0.02021707,-487.44711294,3206.96439447,25597.63948576,36478.38816711,0.00043320,0.00048122,-0.02994001,0.50493134,6.25567864,-13.00000000,PASSIVE_SELL
2946,99.09065593,99.09321847,-0.11823231,0.02018868,746.86599634,3623.86635190,15033.13189651,25481.20066263,0.00043266,0.00048117,0.02947683,0.50493134,5.98870668,-12.00000000,PASSIVE_BUY
2947,99.17152308,99.16225852,0.12336140,0.02010592,186.12457273,3972.44227339,35931.01252995,24744.18577756,0.00044380,0.00048439,0.07687214,0.51375986,5.02835389,-13.00000000,PASSIVE_SELL
2948,99.17831578,99.17874261,-0.04294937,0.02018550,712.09775559,4435.75593784,23390.62022830,25204.73444696,0.00043940,0.00048413,-0.07407445,0.51375986,5.90883468,-12.00000000,PASSIVE_BUY
2949,99.12878450,99.12539068,-0.09587334,0.02012220,-711.49049602,3914.31000546,26537.08176674,28881.01265682,0.00044484,0.00048332,-0.05632398,0.50302888,6.51327114,-13.00000000,PASSIVE_SELL
2950,99.17873863,99.17640748,0.10686220,0.02016252,666.62443679,4990.42830941,24794.23142128,16182.18859792,0.00044862,0.00048412,0.09948541,0.49930858,5.87394867,-14.00000000,PASSIVE_SELL
2951,99.20676128,99.21158188,0.02305442,0.02034475,554.23663893,5180.44247632,32406.05097469,29364.09608751,0.00044687,0.00047210,-0.02193149,0.49930858,5.86871373,-13.00000000,PASSIVE_BUY
2952,99.15819037,99.16723219,-0.01514562,0.02180220,-143.93994201,4302.78791973,20072.61012865,24120.66588493,0.00045119,0.00046939,-0.07659356,0.49930858,5.91944106,-12.00000000,PASSIVE_BUY
2953,99.16137466,99.15562701,-0.18662388,0.02047176,150.94504346,5207.02636448,22328.26096960,30268.05764304,0.00044972,0.00046865,0.05175520,0.49687320,5.89146541,-13.00000000,PASSIVE_SELL
2954,99.12316360,99.11552891,0.02018322,0.02048468,-407.42168632,5658.59975163,26327.53800801,18680.47280759,0.00045396,0.00046883,-0.04139535,0.49687320,6.39845153,-14.00000000,PASSIVE_SELL
2955,99.22555571,99.21639619,0.00563411,0.02044208,318.38351208,6166.25745325,27457.50488608,18946.91539554,0.00047163,0.00047432,0.14060317,0.48282160,4.97518309,-15.00000000,PASSIVE_SELL
2956,99.27413756,99.27578528,0.04722640,0.02035175,811.67751028,7302.76862388,24316.95552018,22980.72080765,0.00047492,0.00047514,-0.05381025,0.48282160,5.79771464,-14.00000000,PASSIVE_BUY
2957,99.26310585,99.26687952,0.04404047,0.02023120,-436.43091409,6743.69180233,28892.37135685,24623.24635147,0.00047564,0.00047518,-0.05961356,0.48282160,5.81964548,-13.00000000,PASSIVE_BUY
2958,99.28232249,99.28692663,0.16279460,0.02001840,450.48071193,7304.26328894,24839.72547456,19831.61532954,0.00047559,0.00046758,0.03024835,0.48464129,5.81171484,-12.00000000,PASSIVE_BUY
2959,99.37363207,99.36598892,0.04313846,0.02039950,181.78614097,7043.22611882,25057.95108010,19689.98498135,0.00048770,0.00047194,0.07209294,0.48464129,4.72619963,-13.00000000,PASSIVE_SELL
2960,99.27668774,99.27017631,0.07103063,0.02021208,-527.80157200,7127.40995139,34585.25661576,24765.89106223,0.00051024,0.00047627,-0.18825391,0.47506163,5.99658198,-14.00000000,PASSIVE_SELL
2961,99.21898800,99.21947319,0.00131794,0.02006077,-393.15540577,6068.60725067,28986.17589577,26842.52212592,0.00051862,0.00047546,0.03924459,0.46629778,5.87378587,-13.00000000,PASSIVE_BUY
2962,99.09917515,99.09954675,0.03288331,0.02072574,-515.16981316,5179.45777492,29487.16039465,24169.22055429,0.00054513,0.00047993,-0.06211311,0.46629778,5.99997175,-12.00000000,PASSIVE_BUY
2963,99.14836036,99.14835501,-0.17495628,0.02017280,510.17296398,5296.99531844,17536.81962858,24605.61380671,0.00054484,0.00048124,0.16899806,0.44954388,5.40974922,-12.00000000,HOLD
2964,99.16341385,99.17262218,0.19115617,0.02026370,542.06047789,5379.88268407,31350.00154748,22945.26139342,0.00054041,0.00047930,-0.03413172,0.44954388,5.94840611,-11.00000000,PASSIVE_BUY
2965,99.22511817,99.23380298,-0.00449360,0.02102955,501.66863695,5513.95325649,18283.83956655,22251.37718675,0.00054138,0.00047978,0.04665083,0.44954388,5.89338733,-10.00000000,PASSIVE_BUY
2966,99.22798443,99.23411251,0.16326842,0.02088470,356.03033829,6312.64469505,24899.04448988,21370.85824361,0.00052815,0.00047785,-0.05883806,0.44959706,5.90161525,-9.00000000,PASSIVE_BUY
2967,99.26380848,99.26452711,0.13437631,0.02002210,246.91157909,6696.87420896,21685.27971744,17075.91270714,0.00052931,0.00047617,0.03295779,0.44959706,5.87925265,-8.00000000,PASSIVE_BUY
2968,99.30543762,99.30715679,0.09587101,0.02066509,484.53221305,6778.13975170,32046.86822915,24949.23241588,0.00052604,0.00047104,0.00580508,0.46450825,5.84570561,-7.00000000,PASSIVE_BUY
2969,99.37262696,99.37188840,0.07206135,0.02020440,478.64197598,6784.27710712,25912.08436249,20135.41377451,0.00052436,0.00047253,0.02556020,0.46450825,5.38548242,-8.00000000,PASSIVE_SELL
2970,99.36877077,99.36819476,-0.00232447,0.02096479,-677.44211969,5811.16372421,28987.79767699,27015.57314623,0.00052450,0.00047219,-0.07104553,0.45404211,5.42681436,-9.00000000,PASSIVE_SELL
2971,99.32007942,99.31673734,-0.18501304,0.02047537,-663.89505436,5418.88627516,17473.63616444,26572.44139581,0.00050879,0.00047262,-0.04483515,0.45404211,5.87527417,-10.00000000,PASSIVE_SELL
2972,99.29182723,99.29331652,0.13414074,0.02054313,-451.25997998,5144.29292889,29092.73696945,19443.16918730,0.00051059,0.00047255,0.02043916,0.46496623,5.85983716,-9.00000000,PASSIVE_BUY
2973,99.19649747,99.19180559,0.12375837,0.02027558,-863.32080637,3746.69991933,34967.37119114,25406.03504495,0.00052440,0.00047740,-0.06707758,0.47345849,6.72794282,-10.00000000,PASSIVE_SELL
2974,99.26290195,99.26720317,0.16200271,0.02040676,816.99143159,4275.46034329,21327.89538711,16990.95942898,0.00052926,0.00047945,0.16173425,0.47345849,5.88181585,-9.00000000,PASSIVE_BUY
2975,99.24598292,99.24576342,0.06294574,0.02048686,-723.07731890,3046.66712137,34299.06468793,30590.78646074,0.00052997,0.00047645,-0.08332351,0.45997816,6.04433054,-10.00000000,PASSIVE_SELL
2976,99.23038944,99.22657555,-0.02526114,0.02015624,-539.72320943,1910.66875391,16345.90101080,19166.87619726,0.00051434,0.00047593,0.00132554,0.45997816,6.21034352,-11.00000000,PASSIVE_SELL
2977,99.22602758,99.21871843,0.11005404,0.02059717,-392.57435827,557.62777121,26161.54502125,18398.53213301,0.00051291,0.00047574,0.01123163,0.45411582,6.26862250,-12.00000000,PASSIVE_SELL
2978,99.23777351,99.24397087,0.00990620,0.02027286,570.27843864,278.98931080,22287.13587049,22904.80288636,0.00051239,0.00047542,0.01610778,0.45411582,5.88511742,-11.00000000,PASSIVE_BUY
2979,99.30326729,99.29721183,-0.24161164,0.02035978,169.48815431,1076.66799697,19958.86284041,27644.78759800,0.00050528,0.00047573,0.05374784,0.45411582,5.17486580,-12.00000000,PASSIVE_SELL
2980,99.45078641,99.45034279,0.12809252,0.02023813,811.66963254,1327.32593956,25355.18357597,18257.93908071,0.00054377,0.00048696,0.08202535,0.46152192,3.41475540,-13.00000000,PASSIVE_SELL
2981,99.47818065,99.48169751,0.08431685,0.02025852,769.02034748,1515.79573909,21135.87190379,19945.05662796,0.00054372,0.00048730,-0.12012488,0.46355909,5.65919720,-12.00000000,PASSIVE_BUY
2982,99.48983625,99.49193925,-0.20855957,0.02024667,594.93014795,1187.35154451,17136.00054068,34869.10659938,0.00054357,0.00048680,-0.01573863,0.48166663,5.65773014,-11.00000000,PASSIVE_BUY
2983,99.46281463,99.46344700,-0.00473266,0.02022069,-874.81982166,1165.46218212,24799.04717021,25880.18662526,0.00054463,0.00048701,-0.03867723,0.48166663,5.69499200,-10.00000000,PASSIVE_BUY
2984,99.49611891,99.50012298,-0.16144227,0.02036193,928.82549850,2691.52509940,19449.71334661,32757.26444579,0.00054515,0.00048750,0.06032590,0.47792419,5.67123307,-9.00000000,PASSIVE_BUY
2985,99.49716320,99.50228808,0.00143257,0.02046311,626.70004114,3901.74876033,24980.11592413,26809.70633572,0.00053886,0.00048721,-0.03225999,0.48231549,5.68001562,-8.00000000,PASSIVE_BUY
2986,99.43961530,99.44523036,0.13623065,0.02008733,-514.13809207,3023.85940310,32314.68243692,25994.32939014,0.00053357,0.00048899,-0.05859219,0.48231549,5.74892243,-7.00000000,PASSIVE_BUY
2987,99.40093462,99.39543172,0.07973525,0.02058410,-506.17467383,2903.35141125,34577.71086237,25078.53929188,0.00053507,0.00048978,0.01886722,0.48231549,6.02997922,-8.00000000,PASSIVE_SELL
2988,99.50933548,99.51349280,0.02751559,0.02019344,408.08017416,2720.82968388,20102.64116082,24186.00480685,0.00055503,0.00049221,0.14708153,0.48537163,5.67659080,-7.00000000,PASSIVE_BUY
2989,99.46758780,99.47325212,-0.01117079,0.02055236,-382.34406881,1639.95619294,23485.78829766,26579.77998812,0.00055647,0.00049289,-0.15014853,0.48537163,5.72753790,-6.00000000,PASSIVE_BUY
2990,99.46036594,99.46377486,-0.01614989,0.02107056,-665.84425598,1534.48399406,18807.93682042,28124.62150850,0.00054328,0.00049250,0.03452582,0.49730195,5.74399954,-5.00000000,PASSIVE_BUY
2991,99.49623025,99.48656922,-0.19433386,0.02039723,243.10174813,2393.02877617,21963.56206049,29868.10389972,0.00053914,0.00049225,0.04308616,0.49730195,5.57487664,-6.00000000,PASSIVE_SELL
2992,99.58331450,99.58583279,0.13344273,0.02070641,831.20520053,3706.23571342,29037.07193030,20820.64860665,0.00054941,0.00049500,0.05121995,0.49578428,5.63121230,-5.00000000,PASSIVE_BUY
2993,99.58120388,99.58697662,0.24745958,0.02019094,-459.59497317,3387.99101600,36555.16690976,21937.76025257,0.00054879,0.00049291,-0.08919487,0.49578428,5.64444934,-4.00000000,PASSIVE_BUY
2994,99.61882405,99.62619797,0.25060888,0.02069112,541.34637750,3873.81202198,24394.25009305,18424.64486050,0.00055015,0.00049293,0.03973078,0.50176608,5.61642447,-3.00000000,PASSIVE_BUY
2995,99.65705368,99.65521080,-0.04123692,0.02059115,423.33981757,4784.59895249,23476.59798602,23307.40581090,0.00054910,0.00049352,0.00060947,0.51147368,5.51203115,-4.00000000,PASSIVE_SELL
2996,99.67683292,99.68415888,-0.04725321,0.02069377,649.47867254,4687.21162869,23096.32215967,26303.70376018,0.00054912,0.00049227,-0.01845039,0.51147368,5.57313064,-3.00000000,PASSIVE_BUY
2997,99.70410098,99.71095297,0.08734702,0.02080067,495.92565209,4997.01270805,29091.75241001,27913.50117739,0.00054051,0.00049073,0.00748881,0.52039198,5.55615602,-2.00000000,PASSIVE_BUY
2998,99.71871467,99.72076179,0.02788750,0.02024114,543.40397979,4828.31893224,27394.86324427,25438.74277521,0.00054051,0.00049002,-0.01265436,0.52039198,5.55194265,-1.00000000,PASSIVE_BUY
2999,99.61689427,99.62378500,0.24862590,0.02016463,-530.82396615,5008.98546212,28963.92860386,15774.77406638,0.00055695,0.00049453,-0.11643410,0.51855606,5.66384537,0.00000000,PASSIVE_BUY
3000,99.52709671,99.53299735,0.06596544,0.02020956,-560.64446188,3781.71656345,22447.79445269,23388.48979994,0.00057107,0.00049658,0.01202284,0.51855606,5.67395015,1.00000000,PASSIVE_BUY
3001,99.47506332,99.46533105,-0.06319714,0.02045387,-840.59854042,2386.88138410,23227.94948062,17760.85645239,0.00057619,0.00049694,0.03776418,0.53146052,5.63214371,0.00000000,PASSIVE_SELL
3002,99.52859635,99.52109709,0.18405979,0.02024489,457.17408680,2987.99541291,29382.46754368,17349.02187618,0.00057475,0.00049837,0.10556641,0.53146052,5.64226616,-1.00000000,PASSIVE_SELL
3003,99.58571128,99.58505857,0.10538441,0.02018997,588.28376746,3425.33413691,36382.74878277,22847.54756988,0.00057894,0.00049490,0.00358191,0.53716030,5.59524621,-2.00000000,PASSIVE_SELL
3004,99.64107311,99.65019751,-0.07096414,0.02031612,590.73497431,4423.49079754,24877.91872594,30709.97649759,0.00057863,0.00049636,-0.00175309,0.53716030,5.55833313,-1.00000000,PASSIVE_BUY
3005,99.66441663,99.66708574,-0.01263397,0.02017466,292.23965237,4397.34693783,24604.09516319,27112.98660806,0.00056361,0.00049660,-0.03201831,0.53716030,5.54507693,0.00000000,PASSIVE_BUY
3006,99.72126414,99.72164733,0.02329504,0.02019524,643.81715950,4229.48658705,26957.83447423,23414.16928174,0.00056488,0.00049795,0.03350398,0.54235818,5.55517455,1.00000000,PASSIVE_BUY
3007,99.76055945,99.76283654,0.08090093,0.02106217,850.58817832,5516.50567946,21678.20886433,20603.63924443,0.00056571,0.00049842,-0.01755220,0.55597363,5.60500094,2.00000000,PASSIVE_BUY
3008,99.73293706,99.73373281,-0.07766018,0.02003171,-747.52035409,4318.50461344,20438.23365387,29145.68516843,0.00056798,0.00049886,-0.06691770,0.54830205,5.55977202,3.00000000,PASSIVE_BUY
3009,99.71011792,99.70416759,-0.21299129,0.02025991,-697.71357519,3439.00489728,18076.39722868,26018.60183535,0.00055712,0.00049910,0.00480325,0.54830205,5.51702620,2.00000000,PASSIVE_SELL
3010,99.79493977,99.79724733,0.15524399,0.02064111,757.69707114,4724.50354041,30578.88038214,22347.42123391,0.00054728,0.00050237,0.10764099,0.53806470,5.69699046,3.00000000,PASSIVE_BUY
3011,99.86167259,99.85305823,-0.02805657,0.02024727,326.28500737,5443.94395355,37561.61379473,33279.11775103,0.00054393,0.00050097,-0.01808903,0.53806470,5.64713008,2.00000000,PASSIVE_SELL
3012,99.86075614,99.85854968,-0.07630870,0.02017789,-190.19568465,5768.91808205,19173.50665395,19240.58188629,0.00050980,0.00049841,-0.06764927,0.53659676,5.65633726,1.00000000,PASSIVE_SELL
3013,99.93898392,99.94415064,-0.10364137,0.02064569,432.82829268,5691.57341075,16234.02813714,25987.84011882,0.00051521,0.00049995,0.07914422,0.53659676,5.74488789,2.00000000,PASSIVE_BUY
3014,99.88754995,99.88564999,-0.01921802,0.02048511,-648.01004327,4501.50288959,20650.23412512,26113.87415348,0.00052378,0.00050132,-0.12966175,0.53065936,5.65422308,1.00000000,PASSIVE_SELL
3015,99.85656993,99.85947025,0.12779578,0.02026782,-520.57284750,3479.26140514,27785.61387100,23469.70562885,0.00052307,0.00050189,0.02045396,0.53065936,5.63337698,2.00000000,PASSIVE_BUY
3016,99.77930281,99.77847563,-0.05223286,0.02063225,-746.46823607,2376.76283079,20988.90258800,27576.77748262,0.00053795,0.00050396,-0.04628711,0.53249675,5.57165418,1.00000000,PASSIVE_SELL
3017,99.83461005,99.82816937,-0.05969808,0.02026908,333.29200678,2463.14325847,20305.09958267,19452.80108726,0.00054042,0.00050470,0.13257437,0.53249675,5.63709596,0.00000000,PASSIVE_SELL
3018,99.83892056,99.84090420,-0.07397408,0.02050309,632.46740639,2611.07845181,14508.69894474,22856.08335193,0.00053874,0.00050467,-0.05099673,0.53446440,5.64734751,1.00000000,PASSIVE_BUY
3019,99.79037135,99.78640302,-0.10360519,0.02071307,-626.66985874,1505.76661710,17305.30903877,25417.33623720,0.00053877,0.00050560,-0.05285972,0.53446440,5.60915483,0.00000000,PASSIVE_SELL
3020,99.74907785,99.74773302,0.15880310,0.02004632,-592.09371140,1591.11502539,28613.46436177,18575.36488738,0.00054302,0.00050653,0.00725571,0.52911302,5.61917799,-1.00000000,PASSIVE_SELL
3021,99.80390888,99.81246263,-0.02727052,0.02004250,965.68292428,3220.69300403,27486.81357608,33022.40958471,0.00054083,0.00050624,0.09612453,0.51247559,5.57436822,0.00000000,PASSIVE_BUY
3022,99.83750202,99.83626425,-0.12483354,0.02112029,394.08963775,4066.04262176,21331.24865930,26774.01947539,0.00053905,0.00050275,-0.02123788,0.51247559,5.58492836,-1.00000000,PASSIVE_SELL
3023,99.76342306,99.76808708,0.06621142,0.02088591,-520.05873420,4409.30469392,19470.68522313,22038.82525075,0.00053119,0.00050564,-0.10767211,0.49545950,5.66945028,0.00000000,PASSIVE_BUY
3024,99.76755195,99.77149978,0.08551584,0.02091459,554.10727654,4146.42053888,23647.90297332,21549.33718773,0.00052530,0.00050552,0.07820785,0.49545950,5.67990758,1.00000000,PASSIVE_BUY
3025,99.82077299,99.81180176,-0.09513439,0.02012716,199.83732506,5069.33518284,22878.86335087,26049.43612448,0.00052725,0.00050550,0.04909215,0.50254951,5.74319220,0.00000000,PASSIVE_SELL
3026,99.79155572,99.79940748,0.07579977,0.02033156,-64.77709885,5544.28129342,22766.12141307,23425.44966322,0.00052900,0.00050526,-0.08243831,0.50254951,5.75335798,1.00000000,PASSIVE_BUY
3027,99.79555754,99.80120580,0.14159753,0.02026699,535.31469847,6472.17035016,28101.13871377,23214.61321167,0.00052863,0.00050447,0.03321909,0.49417538,5.76749330,2.00000000,PASSIVE_BUY
3028,99.73737584,99.74093591,-0.12182785,0.02028352,-538.54684379,5363.34506773,21001.44322695,25839.50493551,0.00053757,0.00050247,-0.06218352,0.49417538,5.66127166,3.00000000,PASSIVE_BUY
3029,99.68298500,99.68990722,-0.03781354,0.02053212,-149.18776609,5044.66914732,24773.02262862,28406.37034198,0.00053897,0.00050304,0.00379085,0.49417538,5.50836519,4.00000000,PASSIVE_BUY
3030,99.64918342,99.64565740,-0.09430239,0.02009937,-591.01735520,3641.98215957,26876.66575353,30940.17100581,0.00050295,0.00049744,0.02058926,0.50403498,5.63058449,3.00000000,PASSIVE_SELL
3031,99.63160821,99.63283392,0.18629082,0.02054215,-382.60118972,2490.36062237,27611.29707634,17051.36192566,0.00050269,0.00049763,0.01622637,0.50403498,5.58812994,4.00000000,PASSIVE_BUY
3032,99.68408742,99.68661571,0.03925770,0.02069185,735.35786344,2630.78833787,22654.53228720,26277.12333179,0.00050735,0.00049886,0.07005442,0.49759827,5.80839271,5.00000000,PASSIVE_BUY
3033,99.77257710,99.77635734,0.04102508,0.02019127,731.44141031,4237.04956983,22033.87688517,27012.61775686,0.00051897,0.00049602,0.03601047,0.50232857,6.26093675,6.00000000,PASSIVE_BUY
3034,99.72303766,99.72422452,0.01507923,0.02052157,-775.33616544,2532.88790590,27570.11063241,28284.14674103,0.00052327,0.00049732,-0.13802912,0.51130084,5.97396088,7.00000000,PASSIVE_BUY
3035,99.66721171,99.66550525,-0.05609349,0.02015250,-608.95334615,1297.23451861,29738.12587534,30782.61364841,0.00053008,0.00049479,-0.00628651,0.51130084,5.59927311,6.00000000,PASSIVE_SELL
3036,99.69632650,99.69795659,-0.01504096,0.02068397,242.91447525,2054.28708593,28814.34181439,27665.41184846,0.00052393,0.00049511,0.08494075,0.51130084,5.78430388,7.00000000,PASSIVE_BUY
3037,99.64643113,99.63879882,0.10782664,0.02006809,-513.76623405,2046.69552571,31098.49920257,22482.31552644,0.00052604,0.00049636,-0.07901017,0.52202437,5.57746118,6.00000000,PASSIVE_SELL
3038,99.62269559,99.61512586,-0.01923532,0.02083624,-511.48737108,1127.12798047,22416.49422495,23929.30315152,0.00050597,0.00049664,0.02615984,0.52202437,5.56222340,5.00000000,PASSIVE_SELL
3039,99.64034521,99.64847822,-0.01332994,0.02001874,738.77528784,2248.24733712,20351.69809921,25034.81598009,0.00050242,0.00049491,0.04138515,0.52202437,5.66048084,6.00000000,PASSIVE_BUY
3040,99.68677428,99.69418006,0.04915229,0.02003791,492.72433406,3406.81592717,29282.87580026,28271.55042365,0.00050577,0.00049269,0.02877946,0.50829859,5.94907425,7.00000000,PASSIVE_BUY
3041,99.56592430,99.56493770,0.06102075,0.02001862,-548.82555388,2614.88862516,29609.40876087,25602.32252993,0.00053339,0.00049939,-0.16727906,0.50829859,5.49124035,6.00000000,PASSIVE_SELL
3042,99.56657086,99.56695967,-0.01331494,0.02059784,522.89864658,2306.58207121,26874.51661859,26559.84258801,0.00051902,0.00049520,0.12149654,0.50813801,5.50541861,7.00000000,PASSIVE_BUY
3043,99.59860265,99.59856747,-0.20487272,0.02036993,606.55419589,3372.73124027,15724.65304772,24029.89567864,0.00052100,0.00049400,0.03138523,0.50813801,5.72964110,7.00000000,HOLD
3044,99.60959879,99.60625185,0.06739711,0.02062888,422.05429655,3253.43915931,29859.82731720,22444.89791322,0.00051849,0.00049390,-0.02103564,0.51505907,5.53619800,6.00000000,PASSIVE_SELL
3045,99.60435256,99.60306528,0.16586787,0.02042814,-692.37228183,2137.72705992,30506.39620230,19571.67527184,0.00051560,0.00049394,-0.01624238,0.51966531,5.54166771,5.00000000,PASSIVE_SELL
3046,99.58307251,99.58785426,0.07580590,0.02092618,-550.86624516,937.38214223,26839.63636224,24179.33617413,0.00051548,0.00049379,-0.01603383,0.51966531,5.44573052,6.00000000,PASSIVE_BUY
3047,99.57489105,99.57618867,0.01104466,0.02019961,-802.62263778,-361.16614765,26256.14648651,25181.08687901,0.00051385,0.00049311,0.01309859,0.52400327,5.40674155,7.00000000,PASSIVE_BUY
3048,99.54543281,99.54715908,0.01706730,0.02049450,-712.40655843,-1616.97668586,22855.01817315,27100.15399856,0.00051461,0.00048986,-0.02127677,0.53709818,5.21078114,8.00000000,PASSIVE_BUY
3049,99.56901379,99.57040351,0.01105552,0.02020488,537.93405850,-548.21866121,22489.14990840,21363.00010014,0.00049618,0.00048998,0.05303922,0.53709818,5.40953144,9.00000000,PASSIVE_BUY
3050,99.52921176,99.52637405,-0.01233150,0.02059186,-668.07264086,-655.64684020,30438.86667345,28624.61102899,0.00048292,0.00049079,-0.06338301,0.54178361,5.46050824,8.00000000,PASSIVE_SELL
3051,99.55162039,99.55202467,0.06528629,0.02031406,791.89976427,976.85146449,30268.48326905,26417.52862355,0.00047804,0.00048973,0.06221065,0.53938218,5.64993427,9.00000000,PASSIVE_BUY
3052,99.52656831,99.52271533,0.06634712,0.02062983,-512.42742606,7.24995162,24113.04702876,20587.28723222,0.00047354,0.00048859,-0.04746071,0.53938218,5.45751456,8.00000000,PASSIVE_SELL
3053,99.50476943,99.50821606,-0.12912161,0.02071794,-249.55349738,-830.58731321,17948.67444734,28084.39169157,0.00046728,0.00048880,0.00325320,0.53938218,5.29348251,9.00000000,PASSIVE_BUY
3054,99.52134899,99.52192263,-0.01632568,0.02002556,586.59613888,-834.72614864,27055.66935412,27958.68228561,0.00046088,0.00048763,0.03837843,0.53914025,5.45271129,10.00000000,PASSIVE_BUY
3055,99.51742889,99.51997053,0.11582315,0.02013435,-656.94504373,-1783.91084474,25807.28497414,25268.75523945,0.00045941,0.00048259,-0.02049965,0.53744515,5.42357752,11.00000000,PASSIVE_BUY
3056,99.48548867,99.48726454,0.26507683,0.02132130,-745.88490532,-3173.61290956,32871.72474946,16562.32945920,0.00045304,0.00048208,-0.02802012,0.55067403,5.08289577,12.00000000,PASSIVE_BUY
3057,99.53895830,99.54222816,0.02418523,0.02104981,745.44474288,-3278.75634499,25705.40703680,27962.13637804,0.00045626,0.00048137,0.08540985,0.55067403,5.73505625,13.00000000,PASSIVE_BUY
3058,99.64260795,99.64851785,0.12346934,0.02077059,559.67360772,-1971.56238318,28776.99687652,24011.24099326,0.00047954,0.00048652,0.05018001,0.54680507,7.09288689,14.00000000,PASSIVE_BUY
3059,99.62875301,99.63032209,0.03822363,0.02036825,-658.87400419,-1932.72281217,21902.11869189,25975.26215208,0.00047891,0.00048393,-0.11750458,0.53838732,6.90910190,15.00000000,PASSIVE_BUY
3060,99.64285822,99.64741796,0.00938307,0.02037094,810.58372365,-1879.83615965,22838.57664991,24557.45685024,0.00046328,0.00048391,0.02796014,0.53838732,7.13086548,16.00000000,PASSIVE_BUY
3061,99.58298229,99.58417860,-0.00567757,0.02001701,-719.52425322,-2925.64542024,21924.08203443,25386.97011809,0.00045905,0.00048571,-0.07398114,0.53933397,6.18285911,17.00000000,PASSIVE_BUY
3062,99.61844177,99.61225061,-0.03929409,0.02027587,342.80185823,-2392.64787735,18884.14331331,22355.53629002,0.00046263,0.00048615,0.09533541,0.53933397,5.46123759,16.00000000,PASSIVE_SELL
3063,99.65332062,99.65195816,0.07060514,0.02048169,743.18245180,-2082.29371824,22746.85387059,18877.37467574,0.00045088,0.00048650,-0.00058063,0.54265933,5.50481363,15.00000000,PASSIVE_SELL
3064,99.74274283,99.74333847,-0.03805845,0.02050026,476.81676867,-957.46690630,23355.83214980,26950.45678749,0.00046532,0.00049024,0.05454335,0.54265933,6.85639685,16.00000000,PASSIVE_BUY
3065,99.76189812,99.75919840,-0.12379461,0.02070991,198.01911580,-238.87494300,19860.43244617,20969.41313621,0.00046456,0.00048798,-0.07026691,0.54265933,5.60748542,15.00000000,PASSIVE_SELL
3066,99.80713722,99.81581447,0.25725368,0.02139293,365.09135817,872.68465124,31520.60478138,19666.85310343,0.00045637,0.00048596,0.02608380,0.54485325,6.29676829,16.00000000,PASSIVE_BUY
3067,99.87731167,99.88140448,0.02219665,0.02020235,479.34664687,1018.73929134,24072.83842364,23757.90989504,0.00046040,0.00048819,0.02493536,0.54485325,7.42966076,17.00000000,PASSIVE_BUY
3068,99.86878737,99.86631958,-0.10551220,0.02004770,-953.47989229,-567.20800735,26724.83604999,28854.87896055,0.00046056,0.00048747,-0.07869876,0.54012302,5.70197773,16.00000000,PASSIVE_SELL
3069,99.91730847,99.92043851,0.27647837,0.02043810,924.06875053,983.53060192,28279.30786184,17323.57916324,0.00045988,0.00048721,0.05704541,0.53686358,6.48853450,17.00000000,PASSIVE_BUY
3070,99.85715246,99.86630265,0.19661392,0.02014912,-443.05061704,1132.57369628,34109.00697258,23314.16832516,0.00046421,0.00048936,-0.10867712,0.53686358,5.47595689,18.00000000,PASSIVE_BUY
3071,99.81914290,99.82131383,0.00632852,0.02084392,-666.86451532,-499.97374332,24488.78676438,23340.53184347,0.00046132,0.00049028,0.02214645,0.53430199,4.80220671,19.00000000,PASSIVE_BUY
3072,99.88074228,99.88125134,0.15974880,0.02038902,608.39430405,-285.66907702,28101.44082473,20731.19665762,0.00046701,0.00049185,0.09960894,0.53430199,5.98278939,20.00000000,PASSIVE_BUY
3073,99.82084296,99.82068844,-0.04443287,0.02007743,-819.54345257,-585.15379539,18315.48673297,21263.44801133,0.00046283,0.00049394,-0.12149870,0.52180672,5.62778461,19.00000000,PASSIVE_SELL
3074,99.78637635,99.77862375,-0.32253370,0.02025844,-893.97781493,-2033.23888686,17105.56783604,31980.25710502,0.00046549,0.00049280,0.02543271,0.51302669,5.60181819,18.00000000,PASSIVE_SELL
3075,99.84646994,99.84652231,-0.14904990,0.02006025,903.91060783,-1329.16560409,22960.74764182,35169.03906400,0.00046715,0.00049212,0.09456019,0.52161683,6.68350272,18.00000000,HOLD
3076,99.84747744,99.85206315,-0.04204614,0.02028531,819.86484427,-444.52366097,19227.20364798,25588.38779495,0.00046521,0.00048967,-0.05908609,0.52161683,6.71178037,19.00000000,PASSIVE_BUY
3077,99.86064178,99.86002491,-0.05732826,0.02065643,342.85740587,-636.98095356,23957.88922612,25314.31262452,0.00046550,0.00048732,0.01215684,0.53144810,5.67055180,18.00000000,PASSIVE_SELL
3078,99.89948509,99.89342968,0.10557694,0.02019526,285.31807623,186.88396645,31073.24652469,22955.24554780,0.00046047,0.00048775,0.02567897,0.53144810,5.72341270,17.00000000,PASSIVE_SELL
3079,99.90376301,99.90505911,0.15601188,0.02028886,600.67665043,936.74838298,27546.07680294,18445.49350609,0.00045301,0.00048616,-0.03456539,0.54765646,5.80628179,18.00000000,PASSIVE_BUY
3080,99.91388824,99.91694820,0.12739180,0.02056006,546.04964217,2073.81538034,28700.09761326,26166.53839285,0.00044973,0.00048596,0.00584731,0.54765646,5.99881590,19.00000000,PASSIVE_BUY
3081,99.96817592,99.96709454,-0.00499131,0.02002729,472.10560147,2928.52217153,24010.68009697,25485.70817869,0.00045366,0.00048662,0.04416246,0.55032262,5.78458825,18.00000000,PASSIVE_SELL
3082,100.06997135,100.06303854,0.00805685,0.02108841,536.03895754,2729.20326563,32048.65549196,25633.89167601,0.00046857,0.00048904,0.04750775,0.55032262,5.88790836,17.00000000,PASSIVE_SELL
3083,100.08291727,100.08211014,0.12193365,0.02000698,807.40240045,2805.16425577,27343.91132876,16477.77480360,0.00045415,0.00048880,-0.08884951,0.56190664,5.91950921,16.00000000,PASSIVE_SELL
3084,100.19794839,100.20172071,0.03456364,0.02011705,880.97206497,4461.47248618,21741.40233620,21083.35827660,0.00047174,0.00049365,0.10208520,0.57525095,7.77006564,17.00000000,PASSIVE_BUY
3085,100.15665024,100.15487688,0.02504786,0.02043456,-963.68870820,4106.73712413,30208.35356315,26778.98643314,0.00046808,0.00049476,-0.15632926,0.56681693,5.98444895,16.00000000,PASSIVE_SELL
3086,100.26300722,100.26943779,-0.01037760,0.02034579,555.52827166,4419.35092053,24379.88274942,29768.10190295,0.00048649,0.00049923,0.14765512,0.56681693,7.69633346,17.00000000,PASSIVE_BUY
3087,100.31858550,100.31603722,0.32661665,0.02033079,188.59938646,5121.71654105,30938.48385292,14353.33606198,0.00048226,0.00049585,-0.05077870,0.56681693,6.14210563,16.00000000,PASSIVE_SELL
3088,100.21160987,100.21013824,-0.01255651,0.02025945,-670.19276067,4963.01115146,26806.21519058,24738.28758533,0.00050832,0.00050194,-0.16255391,0.55286362,6.04579476,15.00000000,PASSIVE_SELL
3089,100.24270459,100.23780281,0.00072735,0.02043706,577.44680467,4801.68266829,19761.99013519,23036.76250415,0.00050897,0.00050213,0.13807035,0.55286362,6.08586471,14.00000000,PASSIVE_SELL
3090,100.19456226,100.20435791,0.18978156,0.02098027,-91.92199712,4217.03633711,37346.45215836,26727.01569219,0.00051335,0.00050090,-0.07923705,0.55317113,5.42236228,15.00000000,PASSIVE_BUY
3091,100.22292719,100.22610523,-0.00728084,0.02061706,215.09558947,4980.95748046,25192.13992594,23744.41710501,0.00047825,0.00050100,0.07650726,0.55317113,5.85814476,16.00000000,PASSIVE_BUY
3092,100.28663461,100.28433836,0.09547252,0.02026932,410.36142155,4868.42025544,25146.47691725,19745.95854054,0.00048305,0.00050148,0.03534249,0.55301192,6.12757263,15.00000000,PASSIVE_SELL
3093,100.31996184,100.31463023,0.05583148,0.02032562,617.36667753,4879.23273708,34627.43733196,26406.50660394,0.00048313,0.00050099,-0.03038020,0.55820656,6.17066854,14.00000000,PASSIVE_SELL
3094,100.35892656,100.35237025,0.09797663,0.02007494,489.01794261,4946.19638314,37568.25718475,24394.69634062,0.00048430,0.00050097,0.00563750,0.55820656,6.22130019,13.00000000,PASSIVE_SELL
3095,100.36793137,100.36361704,-0.03558284,0.02024779,402.74924288,6041.31790786,26421.51483677,23191.29969270,0.00048352,0.00050093,-0.02995991,0.55820656,6.23939177,12.00000000,PASSIVE_SELL
3096,100.36710450,100.36675100,0.26021809,0.02022224,-510.35387188,6081.83028113,23897.00635877,13950.85991195,0.00048126,0.00050088,-0.00983169,0.54031952,6.24881655,11.00000000,PASSIVE_SELL
3097,100.32114404,100.31952745,0.08949503,0.02059481,-798.37424553,6086.07867337,29005.58102338,23294.79187692,0.00048782,0.00050197,-0.04513358,0.53211452,6.21129063,10.00000000,PASSIVE_SELL
3098,100.32367622,100.32378782,-0.02369870,0.02032227,795.38779353,7593.87302533,27935.24404790,27735.65776310,0.00048402,0.00050101,0.04849263,0.53211452,6.24677352,11.00000000,PASSIVE_BUY
3099,100.31010367,100.30703690,-0.21593867,0.02086369,-626.76157097,6429.17739586,27293.63656731,37718.45419700,0.00048557,0.00050080,-0.01610472,0.52942848,6.20066999,10.00000000,PASSIVE_SELL
3100,100.31142597,100.31558329,0.04495366,0.02079642,611.19954349,7708.44958021,25063.11253814,28315.12439598,0.00047965,0.00050073,0.01489484,0.52942848,6.22429117,11.00000000,PASSIVE_BUY
3101,100.30480247,100.29801976,0.09124599,0.02006279,-703.22356609,6213.32624985,31408.10743518,22214.34878297,0.00048055,0.00050022,-0.00794579,0.52506847,6.20074629,10.00000000,PASSIVE_SELL
3102,100.28400040,100.27685743,-0.03183072,0.02055881,-249.65307079,6476.10060512,18989.73990974,21845.47403840,0.00047985,0.00050005,-0.01417858,0.52506847,6.18799153,9.00000000,PASSIVE_SELL
3103,100.32012976,100.32267063,0.20402348,0.02066104,563.26469388,7288.91879638,27115.90415802,15334.91690554,0.00047775,0.00050010,0.05693144,0.52745904,6.52348631,10.00000000,PASSIVE_BUY
3104,100.36811110,100.37383242,0.06252042,0.02040989,601.25587485,7303.57853234,32746.50575208,32984.74059549,0.00047978,0.00050087,0.01185198,0.52745904,7.01350469,11.00000000,PASSIVE_BUY
3105,100.36520115,100.35736176,-0.11811911,0.02049268,-813.84074040,7146.68283568,22684.29995856,28244.36634545,0.00047969,0.00050033,-0.05089130,0.52353943,6.25201538,10.00000000,PASSIVE_SELL
3106,100.38465811,100.37665078,0.17625237,0.02024593,489.02425210,8381.59199309,32581.98996550,16964.54400825,0.00047455,0.00050037,0.02236691,0.52353943,6.28270565,9.00000000,PASSIVE_SELL
3107,100.36916076,100.36781278,0.09277493,0.02023407,-413.23667583,7222.91057439,24355.54522720,17755.97791745,0.00047401,0.00050062,-0.03495430,0.50868852,6.27737279,8.00000000,PASSIVE_SELL
3108,100.38277602,100.38441983,0.03737590,0.02051950,828.60913635,7491.84610301,23176.19752882,23366.74325940,0.00045725,0.00050058,0.02911260,0.51386702,6.39655456,9.00000000,PASSIVE_BUY
3109,100.40037767,100.39569093,0.02974501,0.02018898,466.97999399,8617.70010119,27424.64120626,25254.29902517,0.00045542,0.00050011,0.00398641,0.51386702,6.30949880,8.00000000,PASSIVE_SELL
3110,100.36157918,100.35442126,-0.05948262,0.02076853,-504.03170340,7303.08467414,30231.05433167,29934.05240608,0.00046167,0.00050110,-0.05640015,0.51386702,6.27905615,7.00000000,PASSIVE_SELL
3111,100.34839602,100.33962095,0.12220964,0.02001450,-539.89473695,7482.71419041,28947.81642946,19594.65167022,0.00045108,0.00050130,0.02561534,0.50519491,6.27814232,6.00000000,PASSIVE_SELL
3112,100.38471415,100.38500708,0.12956497,0.02010353,947.62251113,8087.53484331,29101.29675618,21459.38031693,0.00045113,0.00050086,0.04950129,0.51335911,6.50610289,7.00000000,PASSIVE_BUY
3113,100.38171681,100.37685097,0.08000846,0.02050031,-565.48954741,6778.86284410,27533.12016324,23303.80646527,0.00045095,0.00049995,-0.03931548,0.51335911,6.30792585,6.00000000,PASSIVE_SELL
3114,100.34742337,100.34921826,0.01746140,0.02021170,-303.43137449,5998.61470093,21239.85087260,21321.79081168,0.00044295,0.00049969,-0.03129609,0.52018003,6.11227108,7.00000000,PASSIVE_BUY
3115,100.32785710,100.32824953,0.17732444,0.02050397,-803.00414040,4997.59144474,32893.35318353,22460.99958232,0.00044501,0.00049872,0.01472716,0.52370651,5.98555914,8.00000000,PASSIVE_BUY
3116,100.37114488,100.36920678,0.07202795,0.02013132,730.57500901,5363.07509557,23667.82078236,20138.72458172,0.00044469,0.00049560,0.06285406,0.52370651,6.30433716,7.00000000,PASSIVE_SELL
3117,100.35248886,100.36034988,0.16046756,0.02024629,-342.84237878,4540.88606992,25143.56965710,19968.01812879,0.00043846,0.00049573,-0.06194382,0.52540770,6.18386810,8.00000000,PASSIVE_BUY
3118,100.24250426,100.24737399,0.15094488,0.02108908,-349.85876390,5144.50719831,28137.97292842,24027.59679053,0.00046860,0.00050101,-0.09132856,0.52540770,5.31453591,9.00000000,PASSIVE_BUY
3119,100.32561631,100.32588001,0.15291745,0.02011577,473.03754701,4693.47599478,28046.84198324,17044.16398943,0.00047700,0.00050163,0.19309664,0.51713175,6.07260220,10.00000000,PASSIVE_BUY
3120,100.30078113,100.30187403,-0.13373154,0.02001612,-624.12087548,4512.40573634,21983.07211599,30909.75344506,0.00046936,0.00050210,-0.10794723,0.51713175,5.83425846,11.00000000,PASSIVE_BUY
3121,100.33142284,100.32840038,0.10401371,0.02000196,532.98423103,5712.25448269,30322.41791118,24651.26427290,0.00046545,0.00049677,0.05547689,0.51754048,6.26628981,10.00000000,PASSIVE_SELL
3122,100.31258549,100.31286336,0.15798357,0.02007730,-417.73205765,4686.12812099,38454.24944379,27967.11490236,0.00046127,0.00049695,-0.04947907,0.51754048,6.08795491,11.00000000,PASSIVE_BUY
3123,100.39065012,100.39117621,-0.24738671,0.02061955,666.41127551,6172.08284907,16094.99403485,31305.16024597,0.00046061,0.00049818,0.09690199,0.51434606,6.95697564,12.00000000,PASSIVE_BUY
3124,100.33776634,100.33204847,-0.26257202,0.02057798,-677.36141163,6388.69925237,15530.12723237,31081.66899225,0.00046491,0.00049928,-0.13094841,0.50392635,6.25974897,11.00000000,PASSIVE_SELL
3125,100.25661655,100.26067583,0.02220892,0.02050753,-156.16303669,5328.62560785,20144.55278904,18625.73229296,0.00047688,0.00050305,-0.02826602,0.50392635,5.37735505,12.00000000,PASSIVE_BUY
3126,100.32577748,100.32381333,-0.01400416,0.02073048,302.50411695,4811.26488052,32454.79153530,32217.41270529,0.00048426,0.00050120,0.15031071,0.50392635,6.25547195,11.00000000,PASSIVE_SELL
3127,100.30570932,100.29907812,-0.01413303,0.02019062,-522.18323832,3946.22423633,24692.81799337,24438.82296303,0.00048599,0.00050128,-0.08922908,0.49303885,6.24819841,10.00000000,PASSIVE_SELL
3128,100.29623693,100.29982451,0.16582501,0.02063283,-291.35029328,3369.55586682,30602.99941443,22942.31671065,0.00048473,0.00050128,0.01059577,0.49303885,6.16379098,11.00000000,PASSIVE_BUY
3129,100.32602744,100.32380277,-0.02546973,0.02019577,460.40625161,3229.28546800,27486.85548954,29016.86197497,0.00048565,0.00049726,0.03926290,0.49037816,6.27121011,10.00000000,PASSIVE_SELL
3130,100.39683159,100.39133016,-0.02493799,0.02024856,437.79316151,3121.02898735,23426.65507639,21257.17081236,0.00049338,0.00049905,0.04101363,0.49037816,6.35190096,9.00000000,PASSIVE_SELL
3131,100.47297780,100.46793267,0.03850186,0.02070498,315.17343325,2964.09681913,32526.45844919,29607.48908178,0.00049817,0.00050124,0.00534206,0.48865010,6.43657400,8.00000000,PASSIVE_SELL
3132,100.51222258,100.50903088,-0.20849453,0.02003602,450.61750092,2878.67536250,23549.24290871,31422.64591734,0.00048257,0.00050172,-0.03690142,0.48865010,6.48817816,7.00000000,PASSIVE_SELL
3133,100.55085715,100.54851575,-0.06227249,0.02050677,617.38321544,2688.65617749,30527.19458153,33369.62479190,0.00048432,0.00050197,-0.00061022,0.48934782,6.53565385,6.00000000,PASSIVE_SELL
3134,100.46610228,100.46090347,-0.12875511,0.02076044,-608.81254726,1198.87156525,22782.35646833,29236.72735423,0.00047775,0.00050578,-0.12338944,0.48934782,6.46064504,5.00000000,PASSIVE_SELL
3135,100.49107382,100.48560392,-0.08243244,0.02052839,466.56252092,2629.12279437,21731.90524870,22956.97308555,0.00047381,0.00050423,0.10972641,0.48498395,6.49634486,4.00000000,PASSIVE_SELL
3136,100.49088442,100.48623735,-0.00527844,0.02026569,-401.79365722,1671.80086550,31150.07064464,27863.89262604,0.00045205,0.00050095,-0.02516093,0.48498395,6.50668236,3.00000000,PASSIVE_SELL
3137,100.49870494,100.49938393,-0.25044388,0.02017517,650.84066674,2134.04214577,18754.28993492,35214.60616265,0.00044621,0.00050035,0.00800991,0.47011977,6.54023149,4.00000000,PASSIVE_BUY
3138,100.56035839,100.55615586,-0.00277036,0.02038454,488.59795446,3292.83286090,32586.69341088,31074.38517834,0.00042464,0.00050185,0.05383294,0.47011977,6.57913746,3.00000000,PASSIVE_SELL
3139,100.52748755,100.53099235,0.23369030,0.02035503,-320.57193780,2394.81411842,20950.67114943,17253.00629718,0.00042678,0.00050198,-0.09452430,0.45712710,6.49070243,4.00000000,PASSIVE_BUY
3140,100.41857186,100.41570128,-0.16239362,0.02017008,-726.32010671,1760.41600883,19866.72456399,25249.47394308,0.00044972,0.00050471,-0.07604484,0.45991591,6.45087554,3.00000000,PASSIVE_SELL
3141,100.36286554,100.36908127,0.41408087,0.02056058,-332.88662980,1212.43378956,29268.86795871,12075.11974672,0.00045609,0.00050506,0.05320937,0.45991591,6.29403688,4.00000000,PASSIVE_BUY
3142,100.28227931,100.27873913,-0.20327864,0.02004174,-515.32741301,286.74495500,18617.77582538,22705.42705960,0.00046220,0.00050845,-0.02487991,0.45991591,6.33372924,3.00000000,PASSIVE_SELL
3143,100.35732220,100.36458191,0.01095849,0.02008101,687.47225626,356.85053373,19415.26355029,21835.58805039,0.00047176,0.00051060,0.15562912,0.45722593,6.56889843,4.00000000,PASSIVE_BUY
3144,100.34186448,100.34646191,-0.06636710,0.02013967,-547.96287782,-680.13028670,23203.85545830,31639.97971352,0.00046911,0.00051083,-0.09050061,0.45722593,6.51713738,5.00000000,PASSIVE_BUY
3145,100.25110449,100.26057594,0.20100187,0.02031343,-386.79238012,-1469.67190971,27061.17675626,19838.08019062,0.00048554,0.00051488,-0.07530227,0.47269528,6.07349414,6.00000000,PASSIVE_BUY
3146,100.37269307,100.37549535,0.09377250,0.02025409,467.89890965,-491.41912818,23315.05609930,18744.80941248,0.00051543,0.00052127,0.21234857,0.47269528,6.81315268,7.00000000,PASSIVE_BUY
3147,100.27878616,100.27641610,-0.49050922,0.02027335,-610.46163161,-303.50651425,8885.00689781,27417.23552510,0.00052814,0.00052328,-0.21549549,0.46751606,6.28339597,6.00000000,PASSIVE_SELL
3148,100.26957333,100.26814639,-0.10191495,0.02027601,-327.81058265,-1426.70489042,18098.13083212,23727.89707654,0.00052824,0.00052338,0.08469408,0.46751606,6.28431450,5.00000000,PASSIVE_SELL
3149,100.25918175,100.26526777,0.01768631,0.02012911,-220.61680175,-1020.56012120,24893.14245016,25024.79917109,0.00052811,0.00052203,-0.00117875,0.46751606,6.24242114,6.00000000,PASSIVE_BUY
3150,100.26416561,100.26766284,-0.17779079,0.02066921,311.41537899,-1320.34428571,18702.59637920,25761.61244297,0.00052817,0.00052107,0.01537545,0.45438749,6.28265892,7.00000000,PASSIVE_BUY
3151,100.19612768,100.18932660,-0.03457858,0.02003092,-413.20331518,-1030.32403480,24265.47895888,22870.28455239,0.00053638,0.00052337,-0.07302179,0.45438749,6.20941135,6.00000000,PASSIVE_SELL
3152,100.20193996,100.20322825,0.00545571,0.02038353,635.50211873,-145.16884528,24138.62611916,25374.74479667,0.00053583,0.00052197,0.07385021,0.44971175,6.25447679,7.00000000,PASSIVE_BUY
3153,100.13690704,100.13912179,0.06037755,0.02016357,-613.30104036,-1321.73457952,27497.02060393,22352.64943824,0.00054026,0.00052431,-0.07084520,0.44971175,5.80932813,8.00000000,PASSIVE_BUY
3154,100.08058631,100.07848504,0.11670251,0.02099387,-415.78935412,-2338.77980848,26367.96110384,18969.66497207,0.00054008,0.00052519,0.00871220,0.44971175,6.09267979,7.00000000,PASSIVE_SELL
3155,100.03352417,100.02995012,0.03950350,0.02014580,-555.67542430,-2080.61449239,32594.01185725,22300.95101757,0.00054314,0.00052179,0.00925858,0.45277555,6.05823474,6.00000000,PASSIVE_SELL
3156,100.10267727,100.10377241,-0.00004342,0.02123795,621.41396813,-1948.22477636,28728.96153826,26312.25061079,0.00055229,0.00052285,0.11621525,0.45277555,6.48377232,7.00000000,PASSIVE_BUY
3157,100.16490080,100.16335681,-0.07627748,0.02102986,441.84904192,-1093.13905861,25232.11426645,27280.39291551,0.00056015,0.00052433,-0.00692957,0.45713177,6.18047819,6.00000000,PASSIVE_SELL
3158,100.21099103,100.20362178,-0.06988336,0.02007813,375.89871813,-1545.84947683,22462.22448566,25845.51176527,0.00056402,0.00052505,-0.01613331,0.45713177,6.23898682,5.00000000,PASSIVE_SELL
3159,100.18677331,100.19157114,-0.04403851,0.02045207,-175.30813802,-2188.13760884,19374.23037132,21710.40210708,0.00056395,0.00052177,-0.07030794,0.44415387,6.12812426,6.00000000,PASSIVE_BUY
3160,100.19416315,100.18554858,-0.21833726,0.02046240,199.58458498,-1484.52132046,24315.02451651,37430.99570466,0.00056201,0.00051678,0.03160755,0.44415387,6.22880420,5.00000000,PASSIVE_SELL
3161,100.23634695,100.23319720,0.09162598,0.02073720,664.90723165,-279.71935186,30175.85085055,19831.20591362,0.00056539,0.00051553,0.03479396,0.43960742,6.28080700,4.00000000,PASSIVE_SELL
3162,100.35349003,100.34467488,-0.37293093,0.02037653,490.55677982,-736.78508317,17977.37965225,31198.12546384,0.00058719,0.00051375,0.07495928,0.43960742,6.40867935,3.00000000,PASSIVE_SELL
3163,100.30283703,100.30347103,-0.23016427,0.02025736,-432.28432504,-603.57986080,16048.08780053,30046.55184638,0.00059133,0.00051438,-0.16779608,0.43968769,6.26684904,4.00000000,PASSIVE_BUY
3164,100.28291018,100.27881246,-0.14817190,0.02004398,-906.85381680,-1207.00230311,26668.51203167,34471.69095869,0.00059009,0.00051465,0.03072615,0.43850201,6.35617453,3.00000000,PASSIVE_SELL
3165,100.23749070,100.23160083,0.02109982,0.02047290,-626.09145550,-1030.08961821,27182.75367431,27180.01552403,0.00059278,0.00051433,-0.02549263,0.43850201,6.32056258,2.00000000,PASSIVE_SELL
3166,100.28516046,100.28988775,-0.22156989,0.02026194,741.21418350,-1019.45044372,17832.70380027,30659.96775250,0.00059348,0.00051519,0.09308924,0.42843043,6.42603307,3.00000000,PASSIVE_BUY
3167,100.30098409,100.29590696,0.04114518,0.02040089,146.64942518,-529.95863976,30100.99533400,29218.08494645,0.00059348,0.00051479,-0.03184613,0.42843043,6.37499120,2.00000000,PASSIVE_SELL
3168,100.26539451,100.26787477,-0.06451029,0.02001612,-190.46095256,-370.56082842,20021.13364481,24459.86451232,0.00057512,0.00051492,-0.05141321,0.42843043,6.31382009,3.00000000,PASSIVE_BUY
3169,100.26026538,100.25220476,-0.30843969,0.02004917,-689.68854368,-1533.28691911,21328.64479755,37472.86266724,0.00056297,0.00051304,0.03046046,0.43426245,6.35304771,2.00000000,PASSIVE_SELL
3170,100.20799792,100.20519694,-0.11661971,0.02024099,-465.45903042,-1374.62507405,18158.98218989,23980.20691663,0.00056654,0.00051455,-0.04713834,0.44021036,6.31080483,1.00000000,PASSIVE_SELL
3171,100.19549672,100.20475593,0.21247781,0.02018165,-252.95753539,-2160.56684047,34687.56565020,23388.87420850,0.00056482,0.00051331,0.03976626,0.44021036,6.30839446,2.00000000,PASSIVE_BUY
3172,100.21768149,100.21337939,-0.01387551,0.02047916,92.16261803,-1650.67216478,21687.21277737,25090.29054854,0.00056540,0.00051293,0.03468597,0.44021036,6.33684466,1.00000000,PASSIVE_SELL
3173,100.17048903,100.17241517,-0.07939657,0.02045430,-183.75643273,-2500.83987302,20521.27427532,25306.20234624,0.00055717,0.00050927,-0.06937723,0.43853047,6.29987935,2.00000000,PASSIVE_BUY
3174,100.20963016,100.21242490,0.03740827,0.02004992,295.16475406,-1528.31370733,22438.32839516,22429.82432952,0.00055607,0.00050796,0.08633359,0.43853047,6.38818658,3.00000000,PASSIVE_BUY
3175,100.25039436,100.25065522,0.16907924,0.02049686,470.99017038,-901.16050026,36253.29694518,22598.16805162,0.00054780,0.00050835,0.00162306,0.44071760,6.52072760,4.00000000,PASSIVE_BUY
3176,100.27035124,100.26423253,-0.01305345,0.02006285,449.88022249,-753.78439472,25506.80159657,26622.84288334,0.00053967,0.00050824,-0.02080731,0.44071760,6.39038912,3.00000000,PASSIVE_SELL
3177,100.31786705,100.31763935,0.06930731,0.02040999,765.12470962,533.52355322,34395.20228624,28195.97507498,0.00054318,0.00050906,0.02755893,0.44128176,6.44776278,2.00000000,PASSIVE_SELL
3178,100.24919028,100.24860683,-0.26733987,0.02025985,-723.41725582,101.45659068,18590.85216046,31041.49091090,0.00055151,0.00051171,-0.11619259,0.44128176,6.38929100,1.00000000,PASSIVE_SELL
3179,100.24143130,100.24578128,0.44165153,0.02096963,-468.99181844,-827.94147938,32686.95783678,14105.35617184,0.00054984,0.00050996,0.06091779,0.43450725,6.39201683,2.00000000,PASSIVE_BUY
3180,100.20492609,100.20963573,0.04415393,0.02011929,-476.61373578,-1742.34837667,25365.04644700,26122.20314977,0.00054208,0.00050049,-0.02874622,0.43184816,6.32906607,3.00000000,PASSIVE_BUY
3181,100.09155561,100.09312765,0.18675144,0.02043614,-592.08678298,-2649.60859289,33266.62592201,21387.75083615,0.00055105,0.00050695,-0.07686528,0.43184816,5.99917270,4.00000000,PASSIVE_BUY
3182,100.06930652,100.06916385,0.04900615,0.02062193,-423.88373300,-3524.10982681,20004.89452364,21614.88868144,0.00054734,0.00050723,0.09112139,0.43184816,6.25648785,3.00000000,PASSIVE_SELL
3183,100.06703312,100.07622611,0.26639510,0.02065410,-262.78959546,-4404.28263771,26668.50442504,16829.97271508,0.00054326,0.00050679,0.01997569,0.43179249,6.25999470,4.00000000,PASSIVE_BUY
3184,100.11810563,100.11598547,0.10796745,0.02143789,34.93058675,-3760.53950370,27156.43084239,20363.71152552,0.00053908,0.00050747,0.05334591,0.43179249,6.31019884,3.00000000,PASSIVE_SELL
3185,100.14696761,100.15533345,0.27634797,0.02048818,227.90986300,-3999.19216163,33625.01230213,18987.77611315,0.00053958,0.00050779,-0.02221053,0.43179249,6.40702887,4.00000000,PASSIVE_BUY
3186,100.12993416,100.12377540,-0.08141610,0.02130467,-298.89036795,-3896.28887235,24826.64046915,28905.06191252,0.00053968,0.00050615,-0.04589543,0.43179249,6.32018586,3.00000000,PASSIVE_SELL
3187,100.16884798,100.17643511,0.01137271,0.02090522,507.71845900,-4039.41108009,29904.55470774,34305.41691933,0.00054314,0.00050587,0.05594727,0.43181927,6.44737993,4.00000000,PASSIVE_BUY
3188,100.21974625,100.22226180,0.01135507,0.02058258,302.52194845,-4225.48708610,15787.84884577,19939.85454843,0.00054070,0.00050146,0.01198446,0.43181927,6.66126433,5.00000000,PASSIVE_BUY
3189,100.11117368,100.11295677,0.10373121,0.02010914,-541.97281863,-4446.88796692,26971.70076956,21107.61412938,0.00055807,0.00050664,-0.15947085,0.43234068,6.12845605,6.00000000,PASSIVE_BUY
3190,100.12439435,100.13125855,0.07759107,0.02060643,403.12179482,-3317.44606539,30496.58134733,21892.69523428,0.00054012,0.00050663,0.12179324,0.43234068,6.21808326,7.00000000,PASSIVE_BUY
3191,100.13510356,100.14065881,0.08375971,0.02100292,98.94600265,-2885.61343294,23838.28428206,22259.97488905,0.00053589,0.00050613,-0.00251146,0.43234068,6.30354918,8.00000000,PASSIVE_BUY
3192,100.06303629,100.05982340,0.00351999,0.02014149,-560.81915103,-2931.10517096,26389.82782211,23566.41684370,0.00053366,0.00050535,-0.08277648,0.43804481,6.21357691,7.00000000,PASSIVE_SELL
3193,100.10981544,100.10680229,0.19753777,0.02008602,585.14458365,-3033.43284357,30010.60570595,18532.76312399,0.00052673,0.00050631,0.11884642,0.43804481,6.27056548,6.00000000,PASSIVE_SELL
3194,100.16646900,100.16361781,-0.07606603,0.02017965,446.05502332,-2039.41494243,22061.12556860,20262.66871628,0.00053347,0.00050713,0.00987440,0.43927995,6.33707479,5.00000000,PASSIVE_SELL
3195,100.07027233,100.07314094,0.09200609,0.02038760,-477.96083685,-2130.58339916,25931.51859391,24015.00299479,0.00053534,0.00051126,-0.15285023,0.43927995,5.86628522,6.00000000,PASSIVE_BUY
3196,100.08764198,100.08977928,-0.20361734,0.02024528,574.97849153,-2023.50381728,15205.43795533,25492.37853941,0.00050585,0.00051122,0.11356633,0.42315937,5.98062578,7.00000000,PASSIVE_BUY
3197,100.07567405,100.07068769,0.01393284,0.02027893,-477.11093329,-1890.15311897,31980.57307023,29363.39491839,0.00049014,0.00051100,-0.02933758,0.42315937,6.26673037,6.00000000,PASSIVE_SELL
3198,100.09529745,100.08599253,0.04420704,0.02106089,143.22465065,-1419.11788567,34584.05536323,29954.30679283,0.00049119,0.00051107,0.03159133,0.42315937,6.29492931,5.00000000,PASSIVE_SELL
3199,100.05390353,100.05367302,0.02302348,0.02020449,-433.67068122,-1632.17176514,20838.06127656,21468.50035273,0.00049397,0.00050666,-0.06101732,0.42999192,6.26535044,4.00000000,PASSIVE_SELL
3200,100.02960364,100.02867533,0.02748957,0.02063676,-733.51125964,-2677.09840377,25537.43839543,24106.08357053,0.00049459,0.00050277,0.01709403,0.43253605,6.25072052,3.00000000,PASSIVE_SELL
3201,100.06434550,100.06509318,-0.00334794,0.02006877,827.41214369,-1436.48294489,26007.96140210,27028.37519530,0.00048920,0.00050178,0.05904175,0.44411849,6.36498048,4.00000000,PASSIVE_BUY
3202,100.09154085,100.08579041,-0.09502879,0.02066077,458.55717857,-1613.42788505,21655.93771305,26460.01186271,0.00049085,0.00050078,-0.00754651,0.44411849,6.30903645,3.00000000,PASSIVE_SELL
3203,100.04061297,100.04099778,0.14353974,0.02033606,-137.04453162,-1137.17137630,29483.78051994,20197.95350915,0.00048765,0.00050070,-0.07812323,0.44411849,6.16642084,4.00000000,PASSIVE_BUY
3204,100.06957669,100.06681217,-0.13105776,0.02010462,172.18770836,-549.19431383,24181.94765917,32817.66681992,0.00048323,0.00049964,0.07989160,0.44411849,6.30548501,3.00000000,PASSIVE_SELL
3205,100.16012390,100.16725853,0.12561746,0.02035603,345.80981912,352.29092959,32771.83085648,27174.47313246,0.00049479,0.00050329,0.06158350,0.45378671,6.58730466,4.00000000,PASSIVE_BUY
3206,100.16038501,100.16511319,-0.00299382,0.02021499,327.53643724,58.41339870,22834.75315847,24573.68160468,0.00048556,0.00050180,-0.09028610,0.45378671,6.59845659,5.00000000,PASSIVE_BUY
3207,100.14037242,100.13599009,0.15601027,0.02022027,-460.28851244,-843.72415567,33230.07382532,22311.38945497,0.00047849,0.00050135,-0.02027370,0.45378671,6.33786188,4.00000000,PASSIVE_SELL
3208,100.15337394,100.14731919,-0.05944471,0.02030730,286.86490403,-932.75796977,28744.15241088,28079.44040057,0.00047429,0.00050097,0.03301411,0.45865460,6.36088650,3.00000000,PASSIVE_SELL
3209,100.20438554,100.20275267,-0.00356127,0.02040738,590.37615478,-167.07367696,25722.14401552,23129.69043978,0.00047863,0.00050183,0.03801008,0.45865460,6.42200171,2.00000000,PASSIVE_SELL
3210,100.29020499,100.28377797,-0.07564619,0.02075584,299.89430786,-66.76395409,27109.92263323,27230.64671561,0.00049324,0.00050188,0.03480784,0.47666456,6.51802484,1.00000000,PASSIVE_SELL
3211,100.40716101,100.40766997,-0.17082434,0.02080875,637.48390385,-94.18728188,19861.58067136,33687.77961447,0.00051586,0.00050627,0.03113658,0.47666456,6.64538524,2.00000000,PASSIVE_BUY
3212,100.38172947,100.37274955,-0.06905757,0.02020686,-599.04168484,-1183.78574654,22768.41374867,20396.36714309,0.00049116,0.00050665,-0.14238756,0.47666456,6.56146246,1.00000000,PASSIVE_SELL
3213,100.39093605,100.38862680,-0.00406719,0.02003347,467.75065498,-283.75076652,23848.86278209,27979.71549833,0.00048583,0.00050383,0.03463812,0.47666456,6.58068578,0.00000000,PASSIVE_SELL
3214,100.37449878,100.37148107,0.15871123,0.02021828,-488.55932840,134.54372188,25459.76209193,15464.75591445,0.00048555,0.00050256,-0.02564385,0.48046835,6.59079492,-1.00000000,PASSIVE_SELL
3215,100.36641519,100.36154445,0.12214230,0.02048006,-723.20561479,37.42956260,31459.28365410,20495.36462943,0.00048110,0.00050206,0.00835368,0.47938166,6.60911853,-2.00000000,PASSIVE_SELL
3216,100.30522268,100.31373183,-0.13228397,0.02061009,-195.51044758,-899.29506848,20899.19659838,28782.66278493,0.00048478,0.00050088,-0.05310893,0.47938166,6.65609467,-1.00000000,PASSIVE_BUY
3217,100.31724053,100.31527140,0.06491911,0.02036288,322.49104530,-723.45344836,28671.34640826,23586.06693756,0.00048457,0.00049953,0.07321037,0.47656301,6.65425825,-2.00000000,PASSIVE_SELL
3218,100.25566338,100.26235958,-0.10566217,0.02052006,-350.39520915,-883.38770495,19875.52684355,28439.14451786,0.00048973,0.00050155,-0.07359501,0.47656301,6.72190614,-1.00000000,PASSIVE_BUY
3219,100.20979683,100.20793964,-0.07698417,0.02030603,-627.64026715,-821.33942841,24703.40869175,28195.83659709,0.00049384,0.00050141,0.01571061,0.47864283,6.77792571,-2.00000000,PASSIVE_SELL
3220,100.25146013,100.24193925,-0.15417859,0.02108674,382.05589171,26.17549372,19837.10631841,24585.29643286,0.00049185,0.00050123,0.08752985,0.47864283,6.70514248,-3.00000000,PASSIVE_SELL
3221,100.21555216,100.21679608,-0.00346745,0.02001586,-357.29007942,-78.15705032,25476.65943611,29836.44503482,0.00049420,0.00050057,-0.07757127,0.48026847,6.74905832,-2.00000000,PASSIVE_BUY
3222,100.26008465,100.25951456,0.02184523,0.02099885,737.51705409,567.19738573,32343.29949524,27109.60763385,0.00049714,0.00050096,0.08044046,0.47299798,6.67049276,-3.00000000,PASSIVE_SELL
3223,100.16402232,100.16486021,0.21272387,0.02002333,-606.80537080,144.14844766,31234.58845390,17176.02398430,0.00051104,0.00050284,-0.14059483,0.47299798,6.82226437,-2.00000000,PASSIVE_BUY
3224,100.13408406,100.14070773,-0.25197016,0.02028916,-335.84695038,-486.86325678,14420.03913638,33805.63756126,0.00050957,0.00050334,0.06612408,0.47850524,6.86221429,-1.00000000,PASSIVE_BUY
3225,100.09260924,100.09980746,-0.01793890,0.02056057,-462.09988752,-1419.95331468,22740.72978429,26374.18990837,0.00050895,0.00050293,-0.01153656,0.47850524,6.91396940,0.00000000,PASSIVE_BUY
3226,100.07777322,100.08174768,-0.19163132,0.02028324,-517.02936405,-2386.86290121,22628.75311207,35503.79700589,0.00050812,0.00050259,0.02663880,0.47850524,6.92411102,1.00000000,PASSIVE_BUY
3227,100.07783648,100.07658884,0.02585642,0.02023829,436.28561336,-2715.70199747,33093.69637811,27885.24477620,0.00050287,0.00050259,0.01489927,0.47705823,6.93429341,0.00000000,PASSIVE_SELL
3228,100.00290301,99.99867063,0.09159288,0.02053421,-829.27685974,-2821.56160139,29196.18435596,23002.87244629,0.00050458,0.00050371,-0.07499672,0.48675158,6.94456052,-1.00000000,PASSIVE_SELL
3229,100.06419263,100.06400819,-0.03872903,0.02002926,932.52372756,-1420.04605539,25420.67842240,30889.06493117,0.00051298,0.00050391,0.13622310,0.49123792,6.89328553,-2.00000000,PASSIVE_SELL
3230,100.15052290,100.14984107,-0.07918924,0.02009859,823.24624458,-120.18607503,25452.31327122,30274.09990906,0.00052584,0.00050676,0.02504065,0.50812429,6.73067428,-3.00000000,PASSIVE_SELL
3231,100.13446866,100.13251807,0.14295064,0.02066559,-694.50295323,-222.60224529,30278.39495573,19026.22351441,0.00050143,0.00050673,-0.10238451,0.50812429,6.78916981,-4.00000000,PASSIVE_SELL
3232,100.16198348,100.16668246,0.03246028,0.02061533,569.61908308,770.90057079,32200.26675804,30685.16889499,0.00050169,0.00050579,0.04356907,0.50812429,6.84988236,-3.00000000,PASSIVE_BUY
3233,100.11058636,100.10899739,0.20998551,0.02049302,-594.64060182,439.04956443,29534.79034093,17901.49105981,0.00050716,0.00050348,-0.07891195,0.51480507,7.01432024,-4.00000000,PASSIVE_SELL
3234,100.08784126,100.08559724,0.36967409,0.02056203,-652.86922631,-248.75024863,34363.81247415,12152.27549806,0.00050307,0.00050246,0.02865203,0.52857860,7.11558163,-5.00000000,PASSIVE_SELL
3235,100.22283769,100.21598373,0.10396826,0.02095048,467.23839876,-9.42171287,26446.94755164,18883.36474136,0.00053625,0.00050946,0.15774152,0.52857860,6.45107472,-6.00000000,PASSIVE_SELL
3236,100.20294868,100.20404662,-0.01873726,0.02076739,-167.36376417,122.10489091,21106.02403761,21133.79510954,0.00053646,0.00050936,-0.15488544,0.52857860,6.78753782,-5.00000000,PASSIVE_BUY
3237,100.18389077,100.17449546,0.09771563,0.02024649,-593.26183859,-978.87540668,33452.91261530,18524.47194022,0.00053450,0.00050823,0.00083110,0.52553117,6.89295061,-6.00000000,PASSIVE_SELL
3238,100.19679681,100.20077896,0.28869074,0.02036457,573.33506681,-708.06228832,33547.79495358,17105.50963627,0.00052995,0.00050793,0.03196395,0.52553117,6.79473684,-5.00000000,PASSIVE_BUY
3239,100.23383414,100.24118842,0.13927218,0.02037339,430.65250624,264.56303654,22324.92724044,22882.52234757,0.00050942,0.00050839,0.02413129,0.52553117,6.76786856,-4.00000000,PASSIVE_BUY
3240,100.28585339,100.27693634,-0.17837531,0.02010352,84.91209148,-53.64666679,26930.54491463,37390.55094604,0.00051391,0.00050863,0.01498192,0.52051312,6.56984331,-5.00000000,PASSIVE_SELL
3241,100.27991120,100.28294210,-0.00314294,0.02017529,-128.97500465,-281.56767409,23581.40372477,22282.22648509,0.00051395,0.00050099,-0.05796144,0.52051312,6.73654019,-4.00000000,PASSIVE_BUY
3242,100.31641966,100.31523749,0.16433247,0.02001418,371.93956887,651.19104580,29121.18785506,18539.77759902,0.00050469,0.00050152,0.04245065,0.52625351,6.60051344,-5.00000000,PASSIVE_SELL
3243,100.35576274,100.34971167,-0.13613810,0.02029478,414.26414629,480.31060845,27336.64712162,34094.02979439,0.00050355,0.00050174,0.00283462,0.52625351,6.41394545,-6.00000000,PASSIVE_SELL
3244,100.34079616,100.34748391,-0.14880790,0.02081511,-169.57570048,-135.32011535,19697.12464603,33983.42026544,0.00049880,0.00050189,-0.05430965,0.52395185,6.68973623,-5.00000000,PASSIVE_BUY
3245,100.37400460,100.37412051,-0.09020898,0.02010297,528.99520750,871.63592900,19277.67775335,25778.69894720,0.00047965,0.00050228,0.04817501,0.52395185,6.66800357,-4.00000000,PASSIVE_BUY
3246,100.33709788,100.33319802,0.03102131,0.02017146,-834.98444957,-538.32701210,24894.08054201,19613.71452092,0.00048308,0.00050278,-0.07011516,0.52173863,6.82571619,-5.00000000,PASSIVE_SELL
3247,100.33984572,100.34207488,-0.01587440,0.02034565,833.59137185,772.37529304,27425.60474240,35248.95920204,0.00048249,0.00050271,0.03965456,0.52259151,6.69844452,-4.00000000,PASSIVE_BUY
3248,100.29438920,100.29259419,-0.18116125,0.02041079,-928.70273497,-299.55209258,20967.07542008,31775.64748643,0.00048717,0.00050335,-0.04820436,0.52985458,6.89047600,-5.00000000,PASSIVE_SELL
3249,100.33613342,100.32996594,0.04885604,0.02007607,593.18189380,727.30048245,30013.91106614,23824.12535484,0.00048557,0.00050387,0.08720074,0.52985458,6.69179293,-6.00000000,PASSIVE_SELL
3250,100.31202125,100.31025380,0.17154014,0.02029813,-462.53939073,998.27235135,31157.84375483,20002.80700587,0.00048554,0.00050330,-0.06585639,0.51596079,6.84661499,-7.00000000,PASSIVE_SELL
3251,100.30245369,100.29851826,-0.11107063,0.02029302,-659.52699062,-488.66678296,26532.86327708,32940.07672255,0.00048419,0.00050321,0.01454461,0.51596079,6.92373441,-8.00000000,PASSIVE_SELL
3252,100.32580023,100.31943447,-0.02423852,0.02036681,490.82623625,-456.39772528,20834.76043082,18402.88227400,0.00048386,0.00050298,0.03291410,0.51465042,6.74714553,-9.00000000,PASSIVE_SELL
3253,100.31082725,100.30672509,-0.22295570,0.02011273,-569.17895922,-888.53215287,21892.47199446,31714.51023362,0.00047818,0.00050283,-0.03831951,0.51465042,6.89195869,-10.00000000,PASSIVE_SELL
3254,100.18787314,100.18465632,-0.09981625,0.02075403,-559.20541301,-1619.92527424,24814.06985305,29451.79384430,0.00050933,0.00051062,-0.10798114,0.52802579,8.13187683,-11.00000000,PASSIVE_SELL
3255,100.15851855,100.15887425,-0.01466070,0.02034927,-613.31708330,-2579.05217666,24389.29456152,24977.49503434,0.00049531,0.00051111,0.09359953,0.53699065,6.80353150,-10.00000000,PASSIVE_BUY
3256,100.18662896,100.18413307,-0.03103451,0.02055541,651.31691429,-2255.27169961,24747.68795763,25990.33626763,0.00049687,0.00051079,0.05746500,0.52705400,6.53270510,-11.00000000,PASSIVE_SELL
3257,100.17891800,100.18221855,-0.05119783,0.02024212,-270.57439693,-2065.55758409,28160.80829439,31247.73969009,0.00049616,0.00050961,-0.03582138,0.52705400,6.78802904,-10.00000000,PASSIVE_BUY
3258,100.14755592,100.15635670,-0.00817294,0.02026782,-117.69390110,-2470.11638922,24325.49296096,28244.17058875,0.00049785,0.00050514,-0.02365111,0.52705400,6.82940939,-9.00000000,PASSIVE_BUY
3259,100.11551776,100.11397897,-0.09120641,0.02026840,-835.80745168,-3896.29999568,18421.56343770,24017.97097104,0.00049437,0.00050559,-0.00067607,0.53980849,7.12788698,-10.00000000,PASSIVE_SELL
3260,100.15361596,100.15171680,-0.21293088,0.02110336,725.01497793,-3471.17932561,17494.19675235,27917.69826442,0.00048188,0.00050615,0.07013635,0.54323434,6.75745671,-11.00000000,PASSIVE_SELL
3261,100.14237836,100.15015541,0.07462117,0.02075026,-347.05446987,-4455.71769933,25916.17549476,26120.56289449,0.00045083,0.00050430,-0.04933579,0.54323434,6.82364345,-10.00000000,PASSIVE_BUY
3262,100.20011317,100.19511824,-0.07734455,0.02009477,181.28053157,-3675.39548292,29817.04691864,29193.04823334,0.00045835,0.00050525,0.06897241,0.54323434,6.25634273,-11.00000000,PASSIVE_SELL
3263,100.13574969,100.14095283,0.01342612,0.02023058,-256.93624052,-4400.08237842,20813.87843321,23726.18674493,0.00046572,0.00050695,-0.12209828,0.53317829,6.83971591,-10.00000000,PASSIVE_BUY
3264,100.18800255,100.19408451,-0.00238560,0.02003551,382.70099404,-3528.82205598,29435.92456530,29089.42019696,0.00047224,0.00050440,0.11661633,0.53317829,6.79835860,-9.00000000,PASSIVE_BUY
3265,100.22862050,100.23769158,-0.01580527,0.02001799,522.44609813,-2283.17034307,24956.47868634,29323.61998462,0.00047623,0.00050498,-0.01163491,0.54368486,6.76781972,-8.00000000,PASSIVE_BUY
3266,100.13002778,100.12931152,0.08882035,0.02068996,-952.47958640,-3040.13948188,24077.62840241,18042.52834762,0.00048812,0.00050903,-0.13921067,0.54751861,7.56690650,-9.00000000,PASSIVE_SELL
3267,100.11980234,100.11471146,-0.04544270,0.02005054,-694.94244734,-4057.57297452,17535.65319728,16319.55781030,0.00048770,0.00050676,0.08836728,0.54751861,7.66896077,-10.00000000,PASSIVE_SELL
3268,99.99851869,99.99735035,-0.16476749,0.02075151,-330.06758665,-4037.24535203,22376.81441208,32516.47540995,0.00050854,0.00051402,-0.11105821,0.54751861,8.89217302,-11.00000000,PASSIVE_SELL
3269,100.04479948,100.04067782,0.09788315,0.02120843,363.83301664,-3045.77206824,24310.54463427,18171.37779744,0.00051015,0.00051392,0.16756444,0.55023935,8.39368851,-12.00000000,PASSIVE_SELL
3270,99.96988191,99.97120844,0.00849824,0.02074134,-402.62742284,-3830.45538279,25628.53280562,27509.85948637,0.00051570,0.00051489,-0.12119836,0.55394580,6.94791898,-11.00000000,PASSIVE_BUY
3271,100.01892167,100.01057414,-0.21144816,0.02036919,328.09229558,-3145.07300778,25459.04700995,32958.63597145,0.00051943,0.00051529,0.12395733,0.55394580,6.41866618,-12.00000000,PASSIVE_SELL
3272,100.08162957,100.07382072,0.09852002,0.02029235,526.26284157,-3356.32722030,35228.09359128,23606.53068477,0.00052344,0.00051535,0.01366814,0.55661969,5.67631753,-13.00000000,PASSIVE_SELL
3273,100.04524840,100.04637195,0.00922995,0.02060871,-458.57304535,-3208.09489485,23110.27884130,22222.78702906,0.00050889,0.00051422,-0.09908907,0.55661969,6.87843890,-12.00000000,PASSIVE_BUY
3274,100.05479150,100.05560449,0.25018849,0.02052937,865.10253750,-2007.14540697,24521.11571270,14465.63481401,0.00050762,0.00051363,0.04592427,0.54804418,6.87959688,-11.00000000,PASSIVE_BUY
3275,100.04963016,100.04213656,-0.02983755,0.02060942,-809.58134681,-2354.62686626,28515.50529708,26545.22028427,0.00050445,0.00051195,-0.01470444,0.53425860,6.94667633,-12.00000000,PASSIVE_SELL
3276,100.00578035,100.01152276,0.11467735,0.02034451,-107.71181560,-1945.30931780,28505.40527508,24317.68953764,0.00050768,0.00051293,-0.03868848,0.53425860,6.93081633,-11.00000000,PASSIVE_BUY
3277,100.04597011,100.05135193,0.05741218,0.02128304,350.50596046,-2031.08897071,24321.66436541,20242.22893032,0.00051102,0.00051360,0.08403958,0.53425860,6.89657544,-10.00000000,PASSIVE_BUY
3278,100.09106488,100.09897394,0.15857554,0.02062260,418.28540008,-783.52671089,24902.74622316,18708.30447731,0.00050369,0.00051385,0.00490502,0.52136503,6.86476397,-9.00000000,PASSIVE_BUY
3279,100.10372879,100.10052195,-0.08842909,0.02009200,276.62599231,-1439.42444613,27184.09213255,27386.52803475,0.00049676,0.00051391,-0.03243087,0.52136503,6.76083478,-10.00000000,PASSIVE_SELL
3280,100.18843510,100.18049011,-0.27822227,0.02109707,504.89519880,-1757.77549190,19829.56123508,32497.77531031,0.00049619,0.00051725,0.07204240,0.52594700,5.92432023,-11.00000000,PASSIVE_SELL
3281,100.14810357,100.15187594,-0.01456996,0.02037614,-210.65137657,-1273.92391525,26172.86962728,27096.01477731,0.00049899,0.00051671,-0.12503784,0.52594700,6.81227317,-10.00000000,PASSIVE_BUY
3282,100.13653443,100.13813240,0.09794287,0.02012653,-680.84461972,-2524.38761804,28853.97131171,23679.55435058,0.00049772,0.00051180,0.02876240,0.52083003,6.83502879,-9.00000000,PASSIVE_BUY
3283,99.99402469,100.00025147,0.13480577,0.02005015,-528.16485169,-2457.91186791,20308.81350871,20575.72460817,0.00053151,0.00052153,-0.13094061,0.51593690,6.98786916,-8.00000000,PASSIVE_BUY
3284,99.99724083,99.99470786,-0.02867950,0.02058523,220.15527531,-1584.88736629,24441.53171673,27039.42937835,0.00053076,0.00051509,0.14572589,0.51593690,6.97243262,-9.00000000,PASSIVE_SELL
3285,99.97905068,99.98608688,-0.05722989,0.02043083,-227.97525520,-2280.10102025,23502.32459425,30806.47385082,0.00049395,0.00051445,-0.02140630,0.51593690,7.00412563,-8.00000000,PASSIVE_BUY
3286,99.95929864,99.95160549,-0.26840261,0.02015297,-832.20682716,-2944.94408325,20183.93527063,32290.00147050,0.00049395,0.00050899,-0.00156188,0.51723487,7.17221842,-9.00000000,PASSIVE_SELL
3287,99.93626358,99.94015418,-0.02199664,0.02048553,-139.88147396,-2491.56371862,21675.83671553,27469.65868977,0.00049421,0.00050761,-0.00328302,0.51723487,7.04678127,-8.00000000,PASSIVE_BUY
3288,99.86361191,99.86293836,-0.09138600,0.02040736,-610.23283619,-3675.13162162,25349.11806271,26251.21586370,0.00050250,0.00050466,-0.04961661,0.52889810,7.63819829,-9.00000000,PASSIVE_SELL
3289,99.84626598,99.85309243,0.21013932,0.02060650,-394.82198534,-4500.60611319,37891.32855840,25937.57005130,0.00049881,0.00050424,0.05530574,0.52889810,7.13055490,-8.00000000,PASSIVE_BUY
3290,99.89515649,99.89226258,0.04960477,0.02026602,104.25971729,-4481.25848738,28525.07178146,25933.37718509,0.00049812,0.00050445,0.06623644,0.52889810,6.74956381,-9.00000000,PASSIVE_SELL
3291,99.94548443,99.94158631,-0.24880886,0.02032586,348.97755112,-4003.30593161,17555.56764497,33297.14226457,0.00050474,0.00050534,0.00143743,0.52434602,6.30677529,-10.00000000,PASSIVE_SELL
3292,99.95432266,99.94987434,0.02684032,0.02050513,658.73618851,-3716.50931197,28605.73154182,24513.72669382,0.00050150,0.00050330,-0.04148971,0.52288185,6.22864561,-11.00000000,PASSIVE_SELL
3293,99.99687860,99.98961964,-0.13565866,0.02056457,573.78117866,-3556.99227960,23374.89433311,27654.62813066,0.00050214,0.00050366,0.03371771,0.52288185,5.77081255,-12.00000000,PASSIVE_SELL
3294,99.94470498,99.95183306,0.36627772,0.02062429,-160.91392959,-3548.33050872,28387.76871485,14308.55540677,0.00050599,0.00050410,-0.09472956,0.52248767,7.04185235,-11.00000000,PASSIVE_BUY
3295,99.99912505,99.99090802,-0.27081652,0.02053695,119.93899726,-3957.38671896,22317.16754033,31451.23071346,0.00051031,0.00050562,0.10659369,0.52248767,6.45350000,-12.00000000,PASSIVE_SELL
3296,100.02154394,100.01322232,-0.18124779,0.02006538,317.67785590,-2804.72441348,23255.31755023,34861.36220455,0.00051024,0.00050591,-0.03200119,0.52248767,6.19450606,-13.00000000,PASSIVE_SELL
3297,99.92659677,99.91765973,-0.23797346,0.02068231,-458.33790285,-4096.65368818,22273.23104182,25118.54962547,0.00052491,0.00050922,-0.11736605,0.51565110,7.43916037,-14.00000000,PASSIVE_SELL
3298,99.84739774,99.84708900,-0.09253320,0.02076877,-522.69073035,-3690.64168356,22707.38927772,30038.10203969,0.00053182,0.00051213,0.01574814,0.51727126,8.55833115,-15.00000000,PASSIVE_SELL
3299,99.88594405,99.89187861,0.20967168,0.02027069,934.71663907,-3349.10693830,33491.10664247,23208.31984328,0.00053126,0.00051288,0.11774533,0.51727126,7.07851654,-14.00000000,PASSIVE_BUY
3300,99.87631162,99.87982179,0.19955264,0.02029632,-603.27611459,-3489.84366216,30431.67924443,20215.32577813,0.00053083,0.00051290,-0.04817873,0.50632597,7.09813049,-13.00000000,PASSIVE_BUY
3301,99.81925884,99.81310395,-0.02704626,0.02012358,-798.78264171,-3629.09931325,28729.96569792,23817.98239932,0.00053514,0.00051435,-0.04742035,0.50632597,7.84987840,-14.00000000,PASSIVE_SELL
3302,99.82219477,99.82075489,-0.07810940,0.02017903,842.61426181,-3277.31128770,24207.48171785,29521.86954405,0.00053339,0.00051420,0.05998871,0.49932086,7.81886491,-15.00000000,PASSIVE_SELL
3303,99.79993180,99.80444273,-0.16588068,0.02013511,-481.94945110,-3190.08177958,16054.49502586,31010.30252759,0.00053363,0.00051367,-0.02519890,0.49261046,7.16069525,-14.00000000,PASSIVE_BUY
3304,99.74981740,99.75425817,0.02685245,0.02013078,-431.38460340,-3062.26096997,26252.49701580,28324.71350460,0.00051232,0.00051352,-0.02785143,0.49261046,7.22090319,-13.00000000,PASSIVE_BUY
3305,99.76669925,99.77144319,0.32669409,0.02000452,393.84708320,-2055.09680348,31938.95764361,18517.39076522,0.00051270,0.00051371,0.06699624,0.49261046,7.21478115,-12.00000000,PASSIVE_BUY
3306,99.83706619,99.83716955,0.03241325,0.02035172,429.56313431,-2276.85058346,27532.82324754,28014.84696955,0.00052200,0.00051609,0.05348510,0.48004316,7.15268045,-11.00000000,PASSIVE_BUY
3307,99.89830834,99.89734818,0.12114137,0.02069912,698.30480393,-1307.97138261,24774.08000785,18461.54063671,0.00053068,0.00051798,-0.00912479,0.48608489,6.48936631,-12.00000000,PASSIVE_SELL
3308,99.84912707,99.84439375,0.01385455,0.02052650,-801.15147852,-1991.42896002,28672.43748431,25876.20856759,0.00053301,0.00051891,-0.11042343,0.47814160,7.08980482,-13.00000000,PASSIVE_SELL
3309,99.88081281,99.87689484,0.07367755,0.02127821,588.67239281,-566.94911554,30740.98655476,27462.63267141,0.00053425,0.00051928,0.08086701,0.47814160,6.68852932,-14.00000000,PASSIVE_SELL
3310,99.86644939,99.87226838,0.03007021,0.02011519,-230.45040831,-1522.41450178,33289.49706653,32109.96750077,0.00053089,0.00051872,-0.04604916,0.47814160,7.11713825,-13.00000000,PASSIVE_BUY
3311,99.88445279,99.88643341,0.12645533,0.02027116,209.90923296,-965.45079895,29276.45105957,22063.85843667,0.00053187,0.00051886,0.03236682,0.48108311,7.10833461,-12.00000000,PASSIVE_BUY
3312,99.89715686,99.89953796,0.18561508,0.02011828,169.61972826,-977.11160227,30837.70973434,22211.88918415,0.00052494,0.00051826,-0.00529933,0.48108311,7.10653051,-11.00000000,PASSIVE_BUY
3313,99.85667937,99.86182150,0.06821311,0.02008196,-193.24555256,-913.42091431,28199.20573171,23114.36295949,0.00052071,0.00051895,-0.05318156,0.48108311,7.15723058,-10.00000000,PASSIVE_BUY
3314,99.73839223,99.73798371,-0.07920685,0.02038313,-546.53301543,-1842.65492378,21927.69384475,25052.02460187,0.00053741,0.00052489,-0.07780965,0.48021973,8.35029351,-11.00000000,PASSIVE_SELL
3315,99.70091273,99.70905715,-0.01939839,0.02025821,-211.21570383,-2576.31672574,23582.03419175,22914.09697298,0.00053413,0.00052533,0.08080764,0.48021973,7.30329003,-10.00000000,PASSIVE_BUY
3316,99.68615518,99.67819823,-0.11240520,0.02017458,-590.39208734,-2214.22922668,27871.21776880,29865.27107722,0.00051925,0.00052437,0.02272195,0.48021973,7.46095281,-11.00000000,PASSIVE_SELL
3317,99.67696209,99.67295385,-0.15910505,0.02032753,-287.63182336,-1806.91860270,22481.25114518,31245.37378291,0.00051924,0.00052427,0.00556446,0.48832628,7.57224057,-12.00000000,PASSIVE_SELL
3318,99.70627322,99.71213862,0.13757426,0.02033124,491.80115221,-985.04986384,27005.39454114,18697.55567555,0.00049638,0.00051933,0.03850422,0.48832628,7.28758536,-11.00000000,PASSIVE_BUY
3319,99.74673501,99.73988927,-0.12957207,0.02069852,154.34554871,-1194.53733177,23915.57208192,32214.79527195,0.00049525,0.00051670,0.01115066,0.48832628,6.85285492,-12.00000000,PASSIVE_SELL
3320,99.71385861,99.70801358,-0.19842744,0.02063035,-498.94885856,-1290.85876749,21926.92527453,33410.40408307,0.00048698,0.00051690,-0.07333819,0.48032064,7.25768694,-13.00000000,PASSIVE_SELL
3321,99.71107694,99.70687796,-0.23962706,0.02082561,-526.72041235,-2145.67147543,14112.75719954,24435.48003496,0.00048081,0.00051636,0.03009473,0.47471725,7.30426149,-14.00000000,PASSIVE_SELL
3322,99.67136270,99.67260845,-0.20706115,0.02019496,-544.81373448,-3216.74805148,17864.27640807,33151.45683303,0.00047281,0.00051689,-0.03693256,0.47471725,7.31115554,-13.00000000,PASSIVE_BUY
3323,99.61217558,99.61614303,-0.07299400,0.02022181,-521.46050490,-3279.63551102,26353.54803814,30771.66313988,0.00047664,0.00051520,-0.01947289,0.49314582,7.38029248,-12.00000000,PASSIVE_BUY
3324,99.64088565,99.64002318,0.05387277,0.02017212,262.65118537,-3882.08686315,21089.23276455,21211.17008814,0.00047887,0.00051454,0.08789719,0.49314582,7.04585775,-13.00000000,PASSIVE_SELL
3325,99.57545327,99.57367509,-0.03338340,0.02090547,-657.19738669,-3729.70290303,19528.47551211,19174.92815808,0.00048553,0.00051351,-0.09414244,0.48758577,7.90693138,-14.00000000,PASSIVE_SELL
3326,99.67269577,99.67877307,0.36779993,0.02014289,925.62006269,-2696.37102475,33553.28919168,16091.35558209,0.00050550,0.00051592,0.16267488,0.48758577,7.31247406,-13.00000000,PASSIVE_BUY
3327,99.66531842,99.67037261,-0.11452479,0.02021747,-635.97026217,-3682.84724738,22499.88511690,34249.19449232,0.00050105,0.00051579,-0.10461986,0.47759004,7.32951268,-12.00000000,PASSIVE_BUY
3328,99.65349956,99.64440564,-0.16608557,0.02089851,-952.17200612,-5053.30465357,21009.64743440,24908.90890260,0.00049538,0.00051581,-0.00444150,0.47091643,7.48178826,-13.00000000,PASSIVE_SELL
3329,99.65713653,99.65707694,0.15947860,0.02003662,877.36557608,-4452.56506981,37075.83580409,25755.15017755,0.00049476,0.00051531,0.01545583,0.47091643,7.43450764,-13.00000000,HOLD
3330,99.68071708,99.67240148,-0.03144865,0.02043651,417.10852036,-4540.35174826,22864.23769949,26110.73783654,0.00047883,0.00051300,0.01994358,0.48050499,7.13817875,-14.00000000,PASSIVE_SELL
3331,99.60873890,99.61149206,0.04306027,0.02087868,-219.72371905,-4549.42409073,24024.94277786,24690.72892800,0.00048490,0.00051217,-0.09555873,0.48050499,7.37519226,-13.00000000,PASSIVE_BUY
3332,99.64879698,99.64924901,0.06250867,0.02016859,547.74301920,-3320.83645181,29822.40741457,29226.49818506,0.00049013,0.00051222,0.11203627,0.46848226,7.34947900,-12.00000000,PASSIVE_BUY
3333,99.60165670,99.60157382,0.09136064,0.02078215,-774.96455156,-3567.63615168,23790.36388058,19759.05709375,0.00045551,0.00051221,-0.08719837,0.47644446,7.91516237,-12.00000000,HOLD
3334,99.61559921,99.61705076,0.13787097,0.02028753,632.93259873,-3154.85882826,32206.62487758,22032.44919963,0.00045628,0.00050926,0.06108279,0.47644446,7.39216638,-11.00000000,PASSIVE_BUY
3335,99.59507213,99.58628506,-0.14748623,0.02037485,-708.65734712,-3635.54092018,21383.56562527,26336.23870658,0.00045641,0.00050897,-0.03446960,0.46786155,7.62815176,-12.00000000,PASSIVE_SELL
3336,99.54317816,99.54200669,0.08297327,0.02005718,-450.68955454,-3254.02364755,30296.58070937,20018.44996021,0.00046035,0.00051007,-0.03136687,0.46786155,8.26090788,-13.00000000,PASSIVE_SELL
3337,99.60077207,99.60058445,0.04719504,0.02007651,824.45373720,-2289.68843639,26167.24749234,24201.49501720,0.00046903,0.00051190,0.10948786,0.46078714,7.52222542,-14.00000000,PASSIVE_SELL
3338,99.58783760,99.58419812,-0.17214412,0.02002803,-783.82309932,-2463.27869951,20297.82378769,25358.84888953,0.00045958,0.00050981,-0.07052837,0.46929139,7.71332195,-15.00000000,PASSIVE_SELL
3339,99.58675184,99.58866196,0.14169978,0.02015495,-502.41357411,-2570.87028829,31957.24305904,25568.84127778,0.00045931,0.00050943,0.01184871,0.46929139,7.38779797,-14.00000000,PASSIVE_BUY
3340,99.56304746,99.56414806,-0.13143320,0.02024828,-862.86444452,-3537.99445010,19498.68581928,31162.58305499,0.00045340,0.00050429,-0.02261862,0.48476689,7.42101984,-13.00000000,PASSIVE_BUY
3341,99.53299351,99.52518770,-0.16356149,0.02011916,-953.14247553,-4840.11447676,25096.44491010,26964.00610974,0.00044712,0.00050332,-0.00634958,0.49142927,7.82178085,-14.00000000,PASSIVE_SELL
3342,99.50824746,99.50459255,0.00749348,0.02057985,-411.20479218,-5910.05545745,26692.22874992,23834.12981769,0.00044703,0.00050063,0.00530791,0.49142927,8.17851548,-15.00000000,PASSIVE_SELL
3343,99.60829588,99.61521143,0.08779910,0.02027736,761.32627385,-5722.51036226,31057.04370280,26352.33063883,0.00046728,0.00050298,0.12479447,0.48492128,7.36250790,-14.00000000,PASSIVE_BUY
3344,99.64925654,99.64652281,-0.01079023,0.02031249,180.64471900,-5380.95171367,30067.46538783,28826.31615964,0.00046780,0.00050390,-0.05908776,0.48492128,6.79921485,-15.00000000,PASSIVE_SELL
3345,99.64048693,99.64538450,0.04936371,0.02075300,-180.80749037,-5681.69820130,20923.78595651,21613.73232219,0.00045980,0.00050013,-0.04973028,0.48492128,7.33130885,-14.00000000,PASSIVE_BUY
3346,99.61027701,99.60906200,0.08163537,0.02026608,-606.32360267,-6605.69965987,24230.05210013,19556.89596345,0.00045893,0.00049266,-0.02144030,0.49226283,7.76438077,-15.00000000,PASSIVE_SELL
3347,99.70892618,99.71004426,-0.01190753,0.02029955,759.19634422,-5388.16541279,24795.15326844,26036.55849600,0.00046590,0.00049384,0.12885910,0.49542867,7.26517032,-14.00000000,PASSIVE_BUY
3348,99.71692855,99.72532113,0.17161657,0.02127187,758.44022471,-4107.03445773,27949.43683842,20853.43445246,0.00045369,0.00049388,-0.09064681,0.49542867,7.26148384,-13.00000000,PASSIVE_BUY
3349,99.67809994,99.67578105,0.26840967,0.02024076,-640.64532214,-5682.39641894,27813.93400198,14747.51219837,0.00045259,0.00049451,-0.04683097,0.48441703,7.77637609,-14.00000000,PASSIVE_SELL
3350,99.67093621,99.66501529,-0.10892632,0.02001721,-606.61651991,-5685.73682425,29205.11500395,31177.34090117,0.00045255,0.00049449,0.03166488,0.48441703,7.88667691,-15.00000000,PASSIVE_SELL
3351,99.69359826,99.69658965,0.33410723,0.02033166,907.65685284,-3979.29732971,29967.99700071,17440.48866362,0.00044762,0.00049267,0.02982578,0.46629250,7.27739489,-14.00000000,PASSIVE_BUY
3352,99.67995494,99.67635726,0.02318391,0.02039654,-657.64366791,-5479.55525942,24119.47607824,20271.61468460,0.00044782,0.00049269,-0.03630536,0.46629250,7.47859952,-15.00000000,PASSIVE_SELL
3353,99.70113130,99.70699858,-0.03263101,0.02061565,632.41797565,-4365.18783267,26967.09654183,29071.17460557,0.00044818,0.00049099,0.03481966,0.46437413,7.26846397,-14.00000000,PASSIVE_BUY
3354,99.74857415,99.74356628,0.02236156,0.02044797,143.90063801,-3789.90259126,26030.06486402,29830.36688435,0.00044804,0.00049074,0.02626650,0.46437413,6.61448799,-15.00000000,PASSIVE_SELL
3355,99.75928453,99.75934594,0.11555916,0.02034516,372.41576476,-3811.33390970,34824.34760397,25920.81728378,0.00044766,0.00048976,-0.03673247,0.46437413,6.45383225,-15.00000000,HOLD
3356,99.73520631,99.73767719,0.20358989,0.02019192,-544.91854116,-4785.81558516,28768.57691377,22411.41380676,0.00043727,0.00048746,-0.03478860,0.44504652,7.24167483,-14.00000000,PASSIVE_BUY
3357,99.77535137,99.77590048,0.09983677,0.02012065,680.31127776,-4803.80911133,23767.58108052,21109.14057848,0.00043213,0.00048626,0.06422328,0.44771545,7.21205336,-13.00000000,PASSIVE_BUY
3358,99.73493899,99.74297980,-0.08472780,0.02032690,-435.75139313,-4438.40902594,21156.00775646,28068.16264921,0.00043041,0.00048583,-0.08055744,0.44771545,7.26139169,-12.00000000,PASSIVE_BUY
3359,99.74013761,99.74421322,0.01395362,0.02061049,380.17385861,-4646.90756015,30049.86505841,32714.09082584,0.00042781,0.00048561,0.04561101,0.44863966,7.26493856,-11.00000000,PASSIVE_BUY
3360,99.82810387,99.82764320,0.12058538,0.02062455,560.34945969,-3856.10769214,22310.17337115,18633.58569282,0.00044597,0.00048973,0.08276763,0.45456364,6.30762205,-12.00000000,PASSIVE_SELL
3361,99.83310225,99.83306409,0.10207675,0.02044411,789.07842853,-3276.93849656,26249.85452830,19825.54523763,0.00044524,0.00048877,-0.08296787,0.45456364,6.24764150,-12.00000000,HOLD
3362,99.86411570,99.86213095,-0.09559174,0.02158833,572.50580243,-2874.05242239,22847.83913575,27826.17518195,0.00044711,0.00048204,0.02601507,0.46130763,5.88627423,-13.00000000,PASSIVE_SELL
3363,99.83410590,99.82769061,-0.01530715,0.02014891,-601.56617182,-3282.37304165,23622.62954056,22018.53203064,0.00044548,0.00048124,-0.06102326,0.46130763,6.28647614,-14.00000000,PASSIVE_SELL
3364,99.78337418,99.79232904,0.06466323,0.02101870,-103.76788726,-2839.60791349,23768.00185963,26529.64170976,0.00041888,0.00048230,-0.02072192,0.46139482,7.22492863,-13.00000000,PASSIVE_BUY
3365,99.81605502,99.81597087,0.10778563,0.02047610,415.37429669,-2213.01791297,28649.18989317,25327.80546412,0.00041753,0.00048197,0.08341256,0.46139482,6.80007767,-13.00000000,HOLD
3366,99.85525981,99.85480104,0.01758355,0.02010844,647.23285785,-975.39296777,25011.14487951,27735.06496120,0.00041995,0.00048158,0.00652395,0.46436034,6.30046963,-14.00000000,PASSIVE_SELL
3367,99.88082611,99.88027297,-0.02753994,0.02005168,461.98237770,-225.77876672,23922.99172189,22975.39726449,0.00042069,0.00048182,-0.01363849,0.46436034,5.95256723,-15.00000000,PASSIVE_SELL
3368,99.94307452,99.94660761,0.21529414,0.02064771,575.89944110,-141.68047783,29366.75515323,19443.39387376,0.00042712,0.00048336,0.03668211,0.46454315,7.07115946,-14.00000000,PASSIVE_BUY
3369,99.82870436,99.83721206,0.00798639,0.02062155,-390.50150491,-686.52753144,30716.69268070,33892.25658935,0.00045535,0.00048987,-0.17661858,0.46454315,7.19601042,-13.00000000,PASSIVE_BUY
3370,99.78364318,99.77656132,0.09660610,0.02058934,-644.21271919,-831.79139207,27330.94512617,19455.32656730,0.00045751,0.00048954,0.06930898,0.47146069,7.79210049,-14.00000000,PASSIVE_SELL
3371,99.79602010,99.80550422,-0.14403875,0.02045589,821.49213309,516.42115337,12525.19890320,30070.44385086,0.00045773,0.00048959,0.05743811,0.47146069,7.22794181,-13.00000000,PASSIVE_BUY
3372,99.76570114,99.76309239,-0.09797810,0.02046379,-868.26574483,192.96914303,24557.77407258,27343.40824694,0.00045620,0.00048970,-0.04269588,0.46833296,7.63232019,-14.00000000,PASSIVE_SELL
3373,99.74351062,99.73652681,0.10538171,0.02038763,-611.40722030,103.02242762,34284.36697345,23756.79167597,0.00044913,0.00048887,0.00812844,0.46833296,7.95318128,-15.00000000,PASSIVE_SELL
3374,99.70115566,99.70704211,-0.13026070,0.02031723,-162.17395497,-321.80271272,9700.44352912,24507.33488343,0.00045190,0.00048882,-0.02016444,0.47814342,7.31068315,-14.00000000,PASSIVE_BUY
3375,99.76340838,99.76497084,-0.18654474,0.02036318,575.96239638,911.35707035,14374.56972599,25951.60581118,0.00044955,0.00049002,0.10460768,0.47814342,7.25831337,-13.00000000,PASSIVE_BUY
3376,99.75845778,99.75912723,0.01586561,0.02009797,-797.11239947,-811.37539181,25435.26828196,25097.62443923,0.00042921,0.00048977,-0.06720331,0.46176039,7.27490416,-12.00000000,PASSIVE_BUY
3377,99.79579704,99.79188689,0.08868969,0.02050018,532.14425648,356.73912684,31974.98298321,20322.91316525,0.00043188,0.00048931,0.04228986,0.46110416,6.83708311,-13.00000000,PASSIVE_SELL
3378,99.76509295,99.76497497,0.15678867,0.02121381,-433.77812156,875.13301139,29909.69736426,19616.37482871,0.00043396,0.00048749,-0.06804335,0.46110416,7.24684319,-14.00000000,PASSIVE_SELL
3379,99.81686532,99.81273623,-0.03776874,0.02025597,315.41841266,313.18584798,24285.84576162,22616.45860819,0.00043949,0.00048898,0.08247646,0.44771171,6.53215805,-15.00000000,PASSIVE_SELL
3380,99.81533893,99.81819768,0.08319078,0.02100957,-231.71392748,-335.63659986,26955.17071222,25937.27477211,0.00043856,0.00048837,-0.05329875,0.44771171,7.20290060,-14.00000000,PASSIVE_BUY
3381,99.85083849,99.84140948,-0.03586943,0.02073199,149.67965306,33.76677224,28516.97056347,24106.31371598,0.00042755,0.00048267,0.03702594,0.44771171,6.71627287,-15.00000000,PASSIVE_SELL
3382,99.85101467,99.85085794,0.14216627,0.02023344,-14.89725026,-528.87349722,37532.66215437,27696.12961282,0.00042459,0.00048244,-0.03532337,0.45081978,6.72374685,-16.00000000,PASSIVE_SELL
3383,99.85042728,99.85355269,0.24870342,0.02073181,-573.13592789,-327.04487355,29700.56717290,17180.08887169,0.00041828,0.00048244,-0.00076357,0.43697187,7.16629352,-15.00000000,PASSIVE_BUY
3384,99.83515486,99.83830972,0.18629555,0.02029017,-328.78850938,-1288.76598166,27106.53874860,22016.93165132,0.00041902,0.00048112,-0.01468504,0.43697187,7.19480249,-14.00000000,PASSIVE_BUY
3385,99.79486607,99.79667162,-0.02349388,0.02033325,-402.15931512,-982.26794966,21748.24842227,23037.47731145,0.00042228,0.00048142,-0.02501637,0.43697187,7.24497786,-13.00000000,PASSIVE_BUY
3386,99.82714918,99.82471849,-0.11408983,0.02011318,213.71396767,-317.86442746,20848.65526539,27997.85839981,0.00041634,0.00048190,0.07257191,0.44146534,6.83535392,-14.00000000,PASSIVE_SELL
3387,99.84584918,99.84129198,-0.03165933,0.02024518,312.03997205,-830.27819262,26770.83594339,25144.92098616,0.00041010,0.00048127,-0.01358313,0.44146534,6.58367665,-15.00000000,PASSIVE_SELL
3388,99.89875782,99.89152000,-0.14515411,0.02041733,536.76128862,490.30619532,20030.18899174,21880.25017748,0.00041471,0.00048139,0.03420866,0.44652077,5.80025563,-16.00000000,PASSIVE_SELL
3389,99.80985181,99.80692863,-0.20291862,0.02023854,-480.39150552,512.32826391,19581.49235846,27179.40686240,0.00043557,0.00047943,-0.14181465,0.44652077,7.23287102,-17.00000000,PASSIVE_SELL
3390,99.78400690,99.78523696,0.02535760,0.02045385,-275.93555967,1099.25714876,27695.71220677,22967.51249496,0.00043585,0.00047962,0.06306110,0.44652077,7.24109837,-16.00000000,PASSIVE_BUY
3391,99.79866664,99.78942273,-0.06242090,0.02065274,66.16338728,2118.56301157,23570.93414936,20891.22229159,0.00043325,0.00047968,0.04050465,0.45042780,7.01686892,-17.00000000,PASSIVE_SELL
3392,99.73663177,99.74249882,0.12654999,0.02030589,-96.15163324,2433.61617050,28243.65930061,21992.05491915,0.00044152,0.00047901,-0.07669461,0.45042780,7.29165460,-16.00000000,PASSIVE_BUY
3393,99.75867012,99.75138462,-0.18467869,0.02010198,152.16985400,1824.45975066,21172.27580460,28156.66407421,0.00042060,0.00047808,0.08407321,0.45043299,6.94909202,-17.00000000,PASSIVE_SELL
3394,99.71382725,99.71474785,0.06060662,0.02003213,-462.54872515,1181.26630651,26972.25212962,25962.03203167,0.00042227,0.00047725,-0.06688122,0.45043299,7.31899714,-16.00000000,PASSIVE_BUY
3395,99.67262857,99.68054053,0.20445551,0.02022100,-502.91577536,859.15802152,25289.88715967,21231.59133255,0.00042626,0.00047342,0.00364419,0.45304121,7.36888981,-15.00000000,PASSIVE_BUY
3396,99.64731576,99.65497004,-0.07697012,0.02142607,-329.64564297,1135.83598122,26616.65169984,35696.34494986,0.00042560,0.00047350,0.01588587,0.45304121,7.39648013,-14.00000000,PASSIVE_BUY
3397,99.66023043,99.66479480,-0.09113847,0.02059844,322.18517874,698.82481573,25511.78568101,31717.19693868,0.00040229,0.00047357,0.03822748,0.45855469,7.39924429,-13.00000000,PASSIVE_BUY
3398,99.66970852,99.66098855,-0.05001175,0.02044772,131.87699281,72.26158383,23274.36735856,21122.35579333,0.00040236,0.00047340,-0.00343659,0.45855469,7.28625309,-14.00000000,PASSIVE_SELL
3399,99.66619264,99.66711138,-0.04197598,0.02027688,-314.60213769,398.30476828,24623.94961155,30690.67867682,0.00039871,0.00047258,-0.01299396,0.45851205,7.39735438,-13.00000000,PASSIVE_BUY
3400,99.76429320,99.77348681,-0.04993572,0.02036924,621.87939714,1626.80068532,19480.93308180,22721.96421096,0.00042176,0.00047757,0.10161644,0.45851205,7.30888430,-12.00000000,PASSIVE_BUY
3401,99.70850626,99.70806790,-0.21778463,0.02026650,-624.63480602,94.50902647,17565.58156162,29658.43860500,0.00042830,0.00047843,-0.15388751,0.45711480,7.98846087,-13.00000000,PASSIVE_SELL
3402,99.68438772,99.67748696,0.04031064,0.02029336,-734.31659582,17.83609856,27620.64009067,20485.78818129,0.00042924,0.00047825,0.03166840,0.45711480,8.31214862,-14.00000000,PASSIVE_SELL
3403,99.71804016,99.71798926,-0.20244152,0.02023193,629.23239506,14.65051797,20773.03291173,30976.30435853,0.00043083,0.00047765,0.05777098,0.45711480,7.84101444,-14.00000000,HOLD
3404,99.69032693,99.69106852,-0.16193626,0.02099024,-498.07771245,-627.32783249,18337.84670314,27656.95872011,0.00042721,0.00047751,-0.06136567,0.46305578,7.36215115,-13.00000000,PASSIVE_BUY
3405,99.71689883,99.71278181,-0.01744288,0.02040384,406.31093025,-593.43266699,21884.30140937,25613.52257198,0.00042867,0.00047345,0.05428513,0.46305578,7.02691835,-14.00000000,PASSIVE_SELL
3406,99.83887336,99.84396269,0.02608676,0.02048642,543.79527469,495.28114886,27824.40059560,25573.70504785,0.00046057,0.00048152,0.09540262,0.45363116,7.22000398,-13.00000000,PASSIVE_BUY
3407,99.84035855,99.84884710,-0.15054190,0.02002622,549.58208118,364.55195228,20051.19922237,32307.59862517,0.00045733,0.00048134,-0.12048933,0.45363116,7.23129312,-12.00000000,PASSIVE_BUY
3408,99.77405204,99.77369249,0.17203594,0.02027912,-858.20487345,-57.90152804,33241.45007413,21613.18187016,0.00046347,0.00048340,-0.06779170,0.45129778,8.03711074,-13.00000000,PASSIVE_SELL
3409,99.73746942,99.73951102,-0.10494498,0.02016515,-683.49186929,-1121.56725594,20506.25136198,26710.50259373,0.00046637,0.00048257,0.02972388,0.45660292,7.32986783,-12.00000000,PASSIVE_BUY
3410,99.77424106,99.77303313,0.11645953,0.02085647,483.33889044,-1198.57782519,30169.00192644,20257.44990409,0.00045228,0.00047934,0.07335426,0.45660292,6.89903639,-13.00000000,PASSIVE_SELL
3411,99.80456262,99.80191553,0.09411609,0.02060984,518.54016509,-1469.11608864,22130.04371760,15572.76768814,0.00045436,0.00047243,-0.00645008,0.45536419,6.51516102,-14.00000000,PASSIVE_SELL
3412,99.81744507,99.82146065,0.02618452,0.02017285,882.79351831,-1158.82837275,22701.50065477,28956.90362038,0.00045254,0.00047230,-0.01743911,0.45180853,7.25010365,-13.00000000,PASSIVE_BUY
3413,99.88823732,99.88762357,-0.19177534,0.02060092,594.76904022,37.50683929,18176.52658826,27281.72924624,0.00046153,0.00047508,0.05790981,0.46776193,6.34010480,-14.00000000,PASSIVE_SELL
3414,99.87851479,99.87387035,-0.05980099,0.02028973,-876.49704867,-735.22232212,27950.86930352,27317.40163028,0.00045583,0.00047501,-0.08051478,0.46776193,6.48636504,-15.00000000,PASSIVE_SELL
3415,99.93758664,99.93670936,0.22320695,0.02063103,786.25384138,-364.34277743,30775.20261729,14507.72701853,0.00046087,0.00047697,0.06879437,0.45912469,5.61060285,-16.00000000,PASSIVE_SELL
3416,99.92022139,99.92472436,0.02437594,0.02021829,-356.04841577,-1367.62405105,22353.35408569,24212.93560588,0.00045863,0.00047527,-0.07643710,0.45912469,7.14640038,-15.00000000,PASSIVE_BUY
3417,99.94845725,99.94704097,0.04931460,0.02032291,268.71847868,-1560.88795007,35379.70010864,30328.64983263,0.00045893,0.00047565,0.04560110,0.44610491,6.73302402,-16.00000000,PASSIVE_SELL
3418,99.92162251,99.92550176,-0.05890513,0.02111213,-447.04274035,-2583.83013152,18514.68020492,28002.78623939,0.00045217,0.00047411,-0.05507059,0.44610491,7.14177403,-15.00000000,PASSIVE_BUY
3419,99.86722951,99.87062776,0.05001002,0.02023845,-622.46627185,-2815.79489847,21342.57374021,20363.98342919,0.00042910,0.00047455,-0.02755826,0.45870447,7.21240200,-14.00000000,PASSIVE_BUY
3420,99.78607911,99.78605562,-0.24148187,0.02008869,-760.39711204,-2931.97929131,19342.01871359,32602.26047348,0.00043969,0.00047686,-0.02675741,0.47721848,8.34850764,-14.00000000,HOLD
3421,99.83938606,99.83096634,-0.17063448,0.02075342,537.43034200,-3216.04108241,26432.92399627,34504.59110516,0.00044570,0.00047787,0.13445736,0.47721848,7.61258702,-15.00000000,PASSIVE_SELL
3422,99.78016555,99.77206394,-0.21330576,0.02042954,-367.66044276,-2715.43578034,21432.05867313,26664.27598107,0.00045156,0.00047845,-0.11252746,0.46825991,8.51110946,-16.00000000,PASSIVE_SELL
3423,99.73546660,99.73520851,-0.01137342,0.02032334,-459.35830575,-2563.38686580,27480.43202373,29143.77437521,0.00045491,0.00047481,0.01452156,0.46825991,9.23645438,-17.00000000,PASSIVE_SELL
3424,99.80181032,99.79981537,0.14412546,0.02051514,510.03247578,-1891.18043505,24158.65564394,17280.60288462,0.00046019,0.00047685,0.11104268,0.45973763,8.11886863,-18.00000000,PASSIVE_SELL
3425,99.86566722,99.87459182,0.05200595,0.02077294,373.21279613,-2093.93003530,25109.46597781,26185.44523962,0.00046060,0.00047825,-0.00248683,0.45973763,7.16651950,-17.00000000,PASSIVE_BUY
3426,99.86428812,99.85741391,-0.23713897,0.02024904,-460.48923981,-1757.30687563,20192.54972405,31096.52419603,0.00046051,0.00047815,-0.06523600,0.45973763,7.20008871,-18.00000000,PASSIVE_SELL
3427,99.86947147,99.86804612,0.11388323,0.02041728,440.01005224,-1849.44107987,24665.84736346,18376.36745675,0.00045778,0.00047817,0.00656245,0.46495864,7.11699695,-19.00000000,PASSIVE_SELL
3428,99.83514940,99.83910245,0.12225407,0.02007972,-322.94887434,-1738.61183264,31759.39965565,24360.86942286,0.00045831,0.00047589,-0.03950543,0.46495864,7.19483430,-18.00000000,PASSIVE_BUY
3429,99.79985948,99.80277826,0.16259178,0.02032349,-469.46247362,-2523.49271892,32922.36065919,22556.15522156,0.00045536,0.00047446,-0.00096784,0.46803221,7.23821396,-17.00000000,PASSIVE_BUY
3430,99.83152888,99.82274924,0.05973695,0.02015243,248.43007681,-2043.34871463,26321.72046030,22034.66051059,0.00045756,0.00047098,0.06695933,0.46803221,6.70991028,-18.00000000,PASSIVE_SELL
3431,99.86940918,99.86556561,-0.04897314,0.02041583,314.15872572,-1878.86964197,31323.71719781,34735.82658781,0.00045794,0.00047169,0.00621089,0.46803221,6.03827287,-19.00000000,PASSIVE_SELL
3432,99.77867803,99.77213075,-0.14832073,0.02018284,-407.78935756,-2271.76174927,22484.32318892,24063.91397044,0.00047543,0.00047545,-0.12861144,0.46851880,7.77225608,-20.00000000,PASSIVE_SELL
3433,99.80331566,99.79587979,-0.07649913,0.02018342,326.20562808,-1372.42019330,33720.82665356,32299.30944616,0.00047684,0.00047452,0.11536878,0.46851880,7.28959520,-21.00000000,PASSIVE_SELL
3434,99.76259227,99.76404271,0.20535752,0.02011636,-340.92186228,-1384.55354619,32218.33768830,22533.90051367,0.00047970,0.00047510,-0.06536102,0.46790975,7.25480214,-20.00000000,PASSIVE_BUY
3435,99.76878679,99.77300184,0.10741306,0.02058001,483.29940951,-499.09482156,33187.73892481,23958.58304521,0.00047657,0.00046519,0.04691790,0.46790975,7.25449294,-19.00000000,PASSIVE_BUY
3436,99.83960952,99.83234333,-0.14009653,0.02057625,138.98252313,-573.82626610,21769.36989975,24139.53681736,0.00048489,0.00046788,0.06462822,0.46790975,5.91914909,-20.00000000,PASSIVE_SELL
3437,99.87387454,99.87063028,-0.18875237,0.02022708,341.45506787,-544.41117029,16905.27230992,28569.61495049,0.00048656,0.00046841,-0.03655772,0.47380348,5.24396233,-21.00000000,PASSIVE_SELL
3438,99.98843579,99.97988940,0.10056344,0.02102587,160.26075290,-920.91170601,31919.38286294,24591.58367525,0.00050707,0.00047542,0.08029624,0.47380348,2.84868894,-22.00000000,PASSIVE_SELL
3439,100.02162134,100.01827781,0.07635600,0.02017030,616.11769893,175.59749845,29278.73764376,23056.03100558,0.00049193,0.00047528,-0.08137571,0.47426497,2.12869208,-23.00000000,PASSIVE_SELL
3440,100.01692312,100.02256611,-0.22428203,0.02015006,-284.08891358,167.44414454,16708.37089156,34354.65993680,0.00049023,0.00047380,-0.03788377,0.47426497,7.01176431,-22.00000000,PASSIVE_BUY
3441,99.98549987,99.98363058,0.15754984,0.02016349,-469.96165968,-368.68090242,24336.48293981,17063.11391443,0.00049259,0.00047426,-0.02672502,0.47426497,7.71315739,-23.00000000,PASSIVE_SELL
3442,99.94825344,99.94848914,0.04851077,0.02043064,-508.18989019,-780.71915937,38238.94317914,35392.03998634,0.00048712,0.00047417,-0.00582319,0.46960883,7.07699805,-22.00000000,PASSIVE_BUY
3443,99.95949851,99.95965116,-0.07829524,0.02087598,546.36731558,-386.52169778,22691.82108434,29375.53743998,0.00048656,0.00047337,0.04849150,0.46515087,7.07151484,-21.00000000,PASSIVE_BUY
3444,99.92482339,99.91791148,-0.03196255,0.02019631,-594.09671144,-518.06968407,31451.16104444,27887.55651913,0.00048470,0.00047384,-0.04592019,0.46515087,7.80979054,-22.00000000,PASSIVE_SELL
3445,99.92158110,99.92149468,-0.01476582,0.02035798,-303.52868079,-318.68258951,24467.60780530,25561.75280225,0.00048046,0.00047319,0.03143283,0.46515087,7.88112093,-22.00000000,HOLD
3446,99.88620481,99.89011494,-0.06129693,0.02014586,-280.69756227,-269.73450881,17223.80393071,19042.43267124,0.00048193,0.00047314,-0.03213400,0.47483875,7.15146709,-21.00000000,PASSIVE_BUY
3447,99.82821100,99.82465376,-0.03150393,0.02025266,-469.33370718,-1061.25339473,33132.52445328,34948.93686026,0.00048972,0.00047476,-0.02261753,0.47483875,8.37946356,-22.00000000,PASSIVE_SELL
3448,99.86834309,99.85963786,-0.24472075,0.02026783,388.54500249,-804.58538504,19474.82482972,28798.20196112,0.00049236,0.00047474,0.09812591,0.47289247,7.50669141,-23.00000000,PASSIVE_SELL
3449,99.80863281,99.80844523,0.09148381,0.02018528,-356.78442787,-846.76767522,31748.91893781,25401.54601769,0.00050032,0.00047546,-0.09984237,0.47289247,8.89012047,-24.00000000,PASSIVE_SELL
3450,99.72127944,99.72780271,0.16254277,0.02071470,-376.02059597,-1844.66766833,26805.71372840,22333.41187956,0.00049703,0.00047898,-0.02764310,0.47289247,7.28612034,-23.00000000,PASSIVE_BUY
3451,99.62761264,99.62678305,0.14212779,0.02064753,-365.80797081,-1585.84083313,28136.20960745,20293.74319726,0.00050819,0.00048325,-0.00631342,0.48694456,9.45078043,-24.00000000,PASSIVE_SELL
3452,99.65679449,99.65134577,-0.08096242,0.02048941,148.99541050,-702.52882681,27139.74447627,30870.66596211,0.00050895,0.00048343,0.12284864,0.48694456,8.76066086,-25.00000000,PASSIVE_SELL
3453,99.74628464,99.74262517,-0.15403096,0.02002741,271.37745444,-1060.38376742,24275.54623092,30012.53352375,0.00052236,0.00048780,0.06030831,0.48694456,6.53342064,-26.00000000,PASSIVE_SELL
3454,99.76360224,99.76052679,-0.21318258,0.02098444,244.99647704,-317.30957794,19922.74953625,33846.13139497,0.00052129,0.00048054,-0.07217256,0.48694456,6.09365533,-27.00000000,PASSIVE_SELL
3455,99.74256843,99.74537031,0.06759380,0.02051205,-222.24359697,-945.86410516,21875.99724915,22635.69979930,0.00052096,0.00048035,-0.03835141,0.48871485,7.23598425,-26.00000000,PASSIVE_BUY
3456,99.69744609,99.69680530,-0.16570726,0.02040689,-755.33585250,-2244.99523235,20404.82685162,28640.64818073,0.00049480,0.00048083,-0.02408852,0.50070850,8.41936843,-27.00000000,PASSIVE_SELL
3457,99.76618700,99.76479654,-0.10075650,0.02025184,675.93623464,-2118.64107889,22971.49072664,29225.12528029,0.00050488,0.00048344,0.11386324,0.50070850,6.57348990,-28.00000000,PASSIVE_SELL
3458,99.75960159,99.76086767,0.04248193,0.02032636,-507.56261775,-1767.99882319,26328.12613773,23276.62752491,0.00049637,0.00048301,-0.07532632,0.50179967,7.21179972,-27.00000000,PASSIVE_BUY
3459,99.77599186,99.77538670,0.04609440,0.02012166,571.22847026,-513.27848365,30309.64659445,26496.55143722,0.00049414,0.00048271,0.02297569,0.50179967,6.77932313,-28.00000000,PASSIVE_SELL
3460,99.72664943,99.72797550,-0.15770090,0.02125915,-458.19826340,-1454.81563748,18055.57508226,31223.61740123,0.00049631,0.00048305,-0.06573271,0.49956681,7.23393324,-27.00000000,PASSIVE_BUY
3461,99.66912809,99.66328031,-0.34022179,0.02024459,-481.62840898,-2454.98421154,18391.63219260,31727.23650409,0.00050049,0.00048460,-0.00817891,0.49956681,8.79713166,-28.00000000,PASSIVE_SELL
3462,99.67507405,99.68218832,-0.02132275,0.02095818,834.87929538,-2502.89843448,20382.25709981,27383.23055654,0.00050015,0.00048277,0.06346730,0.49806138,7.28810806,-27.00000000,PASSIVE_BUY
3463,99.65681858,99.65812483,-0.16155570,0.02030936,-522.56472363,-3620.23219833,22858.68455551,30203.08604115,0.00048931,0.00048092,-0.02420143,0.49806138,7.32495280,-26.00000000,PASSIVE_BUY
3464,99.65218094,99.66039923,0.07422366,0.02005098,-81.01380345,-2824.74895311,24704.84776856,24734.09603932,0.00048926,0.00047936,0.01361784,0.49806138,7.34284569,-25.00000000,PASSIVE_BUY
3465,99.67919455,99.67228580,-0.13058028,0.02033971,130.80050583,-3480.20228866,22941.46768623,23737.08516713,0.00048294,0.00047885,0.03165125,0.48247888,6.67767528,-26.00000000,PASSIVE_SELL
3466,99.69728969,99.70062244,-0.05475802,0.02022631,827.17821393,-2296.97565896,25035.37532949,28815.50255131,0.00048371,0.00047424,-0.00891847,0.48247888,7.29744880,-25.00000000,PASSIVE_BUY
3467,99.68567841,99.68425786,0.09796822,0.02116754,-610.33021145,-3176.02434909,22399.32446407,19256.27194592,0.00048153,0.00047426,-0.02970642,0.46425274,7.59831457,-26.00000000,PASSIVE_SELL
3468,99.73197715,99.73729030,0.15640077,0.02073181,612.53877421,-2116.44283453,21178.72354131,17003.71964078,0.00048587,0.00046791,0.05791002,0.46425274,7.25704474,-25.00000000,PASSIVE_BUY
3469,99.75524484,99.76076685,0.03368923,0.02057294,525.57305923,-968.40350345,26277.35442168,30755.65379035,0.00048184,0.00046703,-0.02303105,0.47208867,7.24596992,-24.00000000,PASSIVE_BUY
3470,99.77304770,99.76383880,-0.29056787,0.02001417,143.66307886,-64.34331256,16708.76169534,30403.66384486,0.00046913,0.00046431,-0.00546483,0.47208867,6.82870840,-25.00000000,PASSIVE_SELL
3471,99.82393778,99.83039069,0.07431006,0.02044547,709.99991722,108.22626267,29544.93239759,25690.15778100,0.00046859,0.00046441,0.03308722,0.47232069,7.18026677,-24.00000000,PASSIVE_BUY
3472,99.79683037,99.79654676,-0.09531441,0.02004098,-727.49239894,-251.60569351,25756.75554830,29586.58882298,0.00046261,0.00046258,-0.07799749,0.46869577,7.84086506,-25.00000000,PASSIVE_SELL
3473,99.71138302,99.70850652,-0.02031035,0.02001076,-925.95002134,-718.19740909,25862.15916154,22123.05127128,0.00047398,0.00046573,-0.05833994,0.46869577,9.98705407,-26.00000000,PASSIVE_SELL
3474,99.82469421,99.82971317,0.20225255,0.02004157,818.32010137,-409.90978350,24282.09186729,14131.51878398,0.00049154,0.00047271,0.19875853,0.46567143,7.17031937,-25.00000000,PASSIVE_BUY
3475,99.75053329,99.75274369,0.07882220,0.02014774,-385.48197199,-1168.60455162,22313.41512389,22204.11067115,0.00049393,0.00047552,-0.18747210,0.46567143,7.25328018,-24.00000000,PASSIVE_BUY
3476,99.74194447,99.74496625,0.19314065,0.02005029,-255.72053855,-963.83585036,34697.74526206,25281.30797385,0.00049401,0.00047460,0.06557210,0.46567143,7.27301476,-23.00000000,PASSIVE_BUY
3477,99.74836360,99.75308696,-0.04001050,0.02031347,266.96533822,-1136.88056438,24107.27454219,27258.61222169,0.00049405,0.00047372,0.01500795,0.47618455,7.27385738,-22.00000000,PASSIVE_BUY
3478,99.65220775,99.65469587,0.06487339,0.02025987,-206.12990739,-1020.06159744,25943.57569546,20863.35675755,0.00050948,0.00047727,-0.10257498,0.47618455,7.38070604,-21.00000000,PASSIVE_BUY
3479,99.66400853,99.66188200,-0.08997896,0.02042426,356.77566900,-193.82345482,25836.36105062,30923.38641006,0.00050789,0.00047725,0.10795663,0.47618455,7.14310180,-22.00000000,PASSIVE_SELL
3480,99.69746902,99.70654697,-0.23760503,0.02003899,764.81597237,322.56244074,15168.34188658,32421.33592846,0.00050814,0.00047396,0.02165971,0.46712781,7.33911455,-21.00000000,PASSIVE_BUY
3481,99.60089757,99.60124347,0.07692128,0.02039509,-858.52255580,-850.11884077,28032.89222587,21911.63877005,0.00052148,0.00047789,-0.13003195,0.47637029,7.44232251,-20.00000000,PASSIVE_BUY
3482,99.60348095,99.60222044,-0.05827553,0.02067817,745.48548060,303.15599739,32144.22712466,33745.16704858,0.00050704,0.00047786,0.09915483,0.47741025,7.40099405,-21.00000000,PASSIVE_SELL
3483,99.57409328,99.58336509,0.09326321,0.02124898,-375.67374636,-398.72337705,24452.76377678,27996.31734620,0.00050669,0.00046788,-0.03197104,0.47741025,7.46211580,-20.00000000,PASSIVE_BUY
3484,99.58981198,99.58996178,0.04286391,0.02063274,423.52430215,365.72278737,25401.87846041,27998.83609976,0.00050479,0.00046804,0.04510636,0.48084491,7.46256776,-19.00000000,PASSIVE_BUY
3485,99.60205497,99.59325354,-0.04899664,0.02076306,417.61250895,300.03588681,30263.47297530,27341.74173165,0.00050510,0.00046801,-0.00347570,0.48084491,7.24033247,-20.00000000,PASSIVE_SELL
3486,99.64378243,99.64629275,-0.17140689,0.02037830,469.92855477,630.98191846,23045.75868619,32901.42130974,0.00049814,0.00046885,0.02948447,0.48084491,7.41253433,-19.00000000,PASSIVE_BUY
3487,99.62680064,99.61891716,-0.26171368,0.02056446,-391.59198587,-102.06513528,18556.06406679,26175.04038141,0.00049543,0.00046873,-0.05870925,0.47279745,7.74547050,-20.00000000,PASSIVE_SELL
3488,99.66283608,99.66661585,0.03014549,0.02132124,478.94128770,216.61539953,26651.48184794,25886.88519012,0.00046902,0.00046675,0.05301722,0.47279745,7.38516874,-19.00000000,PASSIVE_BUY
3489,99.68567287,99.68639536,0.05593657,0.02001915,149.16398043,-250.33831898,25506.30979869,25868.90339950,0.00046750,0.00046691,-0.01319864,0.47279745,7.38406033,-18.00000000,PASSIVE_BUY
3490,99.63296455,99.63749895,0.11342781,0.02011211,-274.27650307,-240.52590847,26289.26082947,25613.18138766,0.00047193,0.00046701,-0.07554511,0.47427076,7.44603448,-17.00000000,PASSIVE_BUY
3491,99.64645105,99.64498401,-0.16803815,0.02014847,380.58482731,610.02057852,25806.88717810,38300.05002602,0.00047161,0.00046569,0.06619481,0.47427076,7.22683833,-18.00000000,PASSIVE_SELL
3492,99.59131549,99.58541518,-0.18309199,0.02016340,-404.12156411,714.08890460,22735.18193554,32723.04639382,0.00047461,0.00046718,-0.06862205,0.47427076,8.22936000,-19.00000000,PASSIVE_SELL
3493,99.48328095,99.49069697,0.02148494,0.02047633,-109.63114286,58.09044615,27396.25243859,30290.01438904,0.00049453,0.00047213,-0.05289899,0.46850770,7.58320334,-18.00000000,PASSIVE_BUY
3494,99.50612801,99.50300790,0.09113415,0.02051658,267.19966238,919.38681997,23376.82566660,17889.50904426,0.00049526,0.00047116,0.13088161,0.46850770,7.18221453,-19.00000000,PASSIVE_SELL
3495,99.46983518,99.46863634,0.01671911,0.02050031,-627.91703892,594.99846184,32360.41317098,30838.13592337,0.00049675,0.00047005,-0.05913989,0.45182344,7.88202843,-20.00000000,PASSIVE_SELL
3496,99.43364317,99.43276934,-0.23007593,0.02007477,-573.33388691,302.36213720,18321.62178496,33907.68622080,0.00049686,0.00047032,0.00010081,0.45611601,8.61590610,-21.00000000,PASSIVE_SELL
3497,99.40954921,99.41681678,0.02243129,0.02007472,-236.74484820,534.95099618,28338.76525670,26016.30898955,0.00049242,0.00046602,0.01209806,0.45611601,7.64127519,-20.00000000,PASSIVE_BUY
3498,99.44641148,99.43855034,-0.04045021,0.02148753,106.00357743,252.40957113,30694.67401250,30688.65387571,0.00049182,0.00046367,0.06095623,0.45611601,6.91477351,-21.00000000,PASSIVE_SELL
3499,99.52233401,99.52061180,-0.16492784,0.02041928,610.91668625,1220.11068524,20157.31218156,27280.03017246,0.00050025,0.00046608,0.03906025,0.46367646,5.33061012,-22.00000000,PASSIVE_SELL
3500,99.53699552,99.52804464,0.02923936,0.02006511,205.96932457,1802.10060579,27359.75205257,19652.74394732,0.00048712,0.00046619,-0.06126101,0.46367646,5.01808933,-23.00000000,PASSIVE_SELL
3501,99.54875239,99.54598674,0.04177179,0.02042933,709.50356695,2877.41214355,32973.84676873,24833.16788604,0.00047013,0.00046462,-0.00290465,0.46354202,4.75789600,-24.00000000,PASSIVE_SELL
3502,99.59183981,99.59043413,-0.03810157,0.02044369,816.71214491,3545.12887795,28200.97046908,30456.78287253,0.00047237,0.00046568,0.03133055,0.47597598,3.73401989,-25.00000000,PASSIVE_SELL
3503,99.51740506,99.51307456,-0.10372434,0.02040220,-764.94851068,2508.80291282,24043.52530640,25141.24944866,0.00046504,0.00046834,-0.11752217,0.47597598,5.60508978,-26.00000000,PASSIVE_SELL
3504,99.40084627,99.39431424,-0.27891628,0.02058560,-598.88119985,1664.92523594,21592.39345631,31593.73068203,0.00048982,0.00047417,-0.04212404,0.48458113,8.64591112,-27.00000000,PASSIVE_SELL
3505,99.34480491,99.34597232,0.00090138,0.02001902,-264.79690053,1622.37193237,24486.39649955,23676.08652450,0.00049429,0.00047554,0.06051744,0.48458113,7.67759966,-26.00000000,PASSIVE_BUY
3506,99.34547649,99.34026316,-0.14651048,0.02051588,323.27104593,2700.97883080,20743.94500576,27421.19148660,0.00049154,0.00047275,0.05671293,0.48112166,7.67039653,-27.00000000,PASSIVE_SELL
3507,99.29350640,99.29541746,0.13561409,0.02010599,-416.01800421,1609.02459196,30720.38228863,27240.78205454,0.00048329,0.00047188,-0.05264167,0.48135362,7.72858658,-26.00000000,PASSIVE_BUY
3508,99.35985690,99.36940191,-0.06138660,0.02013320,707.00160872,2823.58881844,21180.45571336,31794.30782130,0.00049495,0.00047330,0.11832058,0.48135362,7.67196249,-25.00000000,PASSIVE_BUY
3509,99.35836089,99.36423093,-0.11485745,0.02024292,-577.82002980,1674.54031838,15182.62014099,27868.93761613,0.00049381,0.00047268,-0.06784650,0.48028678,7.68226332,-24.00000000,PASSIVE_BUY
3510,99.34975327,99.35525394,-0.03066255,0.02037159,-621.14943749,1511.58914429,24275.76426954,30006.40896055,0.00049032,0.00047262,-0.00711161,0.48028678,7.69957702,-23.00000000,PASSIVE_BUY
3511,99.36218327,99.37068333,0.19003613,0.02002686,418.99411671,2412.21166998,28260.43062198,17303.61365831,0.00048579,0.00047252,0.02103763,0.48228086,7.70095246,-22.00000000,PASSIVE_BUY
3512,99.29080869,99.29163833,-0.01207404,0.02018548,-619.03562608,958.29674852,30199.87948022,28800.79255546,0.00049405,0.00047491,-0.08380459,0.48228086,7.78075427,-21.00000000,PASSIVE_BUY
3513,99.32396913,99.32426384,0.01889303,0.02051016,685.67574015,2166.53721230,25190.94502775,22818.33271170,0.00049713,0.00047485,0.10453502,0.47135468,7.75460219,-20.00000000,PASSIVE_BUY
3514,99.22596253,99.22292160,0.06472329,0.02065647,-483.84965362,1763.70136212,23065.01172709,17877.32555488,0.00051353,0.00047263,-0.13116704,0.47135468,9.72506245,-21.00000000,PASSIVE_SELL
3515,99.19000861,99.19202904,-0.09809651,0.02048239,-178.01606815,1454.88478814,22554.09997010,27939.83979629,0.00051239,0.00047259,0.06205268,0.47135468,7.88513967,-20.00000000,PASSIVE_BUY
3516,99.17373463,99.16947398,0.08809923,0.02001492,-382.45314105,245.25343316,29192.17702610,21990.36316482,0.00051089,0.00047261,0.01967994,0.47306088,8.22062682,-21.00000000,PASSIVE_SELL
3517,99.21287637,99.21879002,0.07343703,0.02040022,717.80510909,1573.38875370,25176.83158656,27215.29991667,0.00051566,0.00047351,0.05541573,0.47306088,7.86324181,-20.00000000,PASSIVE_BUY
3518,99.26681117,99.27291207,-0.11463842,0.02114712,572.62770087,1533.47768036,18719.76312692,29657.29156725,0.00051749,0.00047467,0.01479305,0.47244541,7.81278498,-19.00000000,PASSIVE_BUY
3519,99.24239654,99.23277914,-0.09454982,0.02020377,-934.90360421,73.00101692,28889.89849496,29895.74163811,0.00051579,0.00047396,-0.07834942,0.47244541,8.28676480,-20.00000000,PASSIVE_SELL
3520,99.14921900,99.14662264,0.03548251,0.02000813,-483.40223755,-554.06429948,33013.30880472,27740.85271295,0.00052720,0.00047785,-0.06876292,0.46511249,10.16031981,-21.00000000,PASSIVE_SELL
3521,99.15379401,99.15504534,-0.15110362,0.02054738,767.92217495,-496.14204176,18600.04773380,26353.23779202,0.00051997,0.00047788,0.09775256,0.46637278,7.91612836,-20.00000000,PASSIVE_BUY
3522,99.17566402,99.18179273,0.15778945,0.02051104,413.51528094,644.86563812,31997.13917938,24289.04183992,0.00052194,0.00047748,0.01729499,0.46637278,7.90485904,-19.00000000,PASSIVE_BUY
3523,99.21944607,99.21498310,0.15419422,0.02094617,170.73351732,1741.54917678,26589.80188222,18660.30949332,0.00051716,0.00047689,0.02191204,0.46637278,7.08347317,-20.00000000,PASSIVE_SELL
3524,99.21130340,99.20778141,-0.10446858,0.02045539,-406.23512891,516.99394649,23636.71720952,25852.85377043,0.00048618,0.00047641,-0.05192472,0.46400064,7.25655419,-21.00000000,PASSIVE_SELL
3525,99.22431665,99.22401672,-0.07868148,0.02000043,578.40382674,1480.87974522,20530.04499475,26751.24151013,0.00047925,0.00047440,0.02115592,0.46400064,6.99327615,-22.00000000,PASSIVE_SELL
3526,99.28940555,99.29209126,0.07225728,0.02062993,577.84657167,2314.44685544,29495.17114660,27312.86372423,0.00049097,0.00047157,0.05207564,0.46322428,7.77803309,-21.00000000,PASSIVE_BUY
3527,99.31888612,99.31483498,-0.04250280,0.02014943,340.20702985,2387.68854707,27637.52622016,29242.21713614,0.00049351,0.00047208,-0.03560832,0.46322428,7.16901573,-22.00000000,PASSIVE_SELL
3528,99.35809404,99.35761918,-0.02566471,0.02013201,853.97334249,3447.79179695,26506.17772495,25721.16301997,0.00048168,0.00047292,0.00972735,0.46316368,6.31650748,-23.00000000,PASSIVE_SELL
3529,99.48223585,99.48868236,0.07568994,0.02050085,859.28071509,3950.29684304,24336.53983167,27753.27882381,0.00051486,0.00048123,0.08493388,0.48084252,7.58228404,-22.00000000,PASSIVE_BUY
3530,99.64034936,99.63395731,0.08027663,0.02003590,114.62773622,3300.10860689,34802.39861125,30600.15904005,0.00056078,0.00049395,0.03397171,0.48084252,4.11380474,-23.00000000,PASSIVE_SELL
3531,99.68881278,99.69272362,-0.07621077,0.02049101,329.35311662,4487.98427931,19140.36672010,26940.30052993,0.00054794,0.00049249,-0.10965009,0.48084252,7.38356621,-22.00000000,PASSIVE_BUY
3532,99.68504503,99.67626900,-0.12279777,0.02040915,-711.53829114,3030.96050757,22416.48869512,18834.33709981,0.00054799,0.00049169,-0.05223117,0.47251846,7.47666123,-23.00000000,PASSIVE_SELL
3533,99.69430849,99.69272021,-0.11097193,0.02048950,805.15083247,4211.78508640,27851.22260215,33070.20052263,0.00054627,0.00049058,0.01303120,0.47251846,7.27384662,-24.00000000,PASSIVE_SELL
3534,99.69990499,99.70968566,-0.07479589,0.02087529,777.19224704,4565.45303129,18110.26164103,24383.38545753,0.00054596,0.00049050,-0.00366695,0.48076647,7.35977928,-23.00000000,PASSIVE_BUY
3535,99.64729293,99.64114445,-0.14044901,0.02049327,-697.57371738,3450.26680497,22558.96589877,26734.68847149,0.00055113,0.00049171,-0.05820856,0.48076647,8.58010324,-24.00000000,PASSIVE_SELL
3536,99.65330494,99.65335311,0.09201542,0.02058084,560.61097020,3540.94922040,26821.79742426,22962.04875021,0.00054808,0.00049032,0.05862407,0.46780475,8.43581498,-24.00000000,HOLD
3537,99.63298256,99.63339041,0.01337635,0.02010230,-654.60216259,3277.93904367,31295.58787667,30172.42057240,0.00054831,0.00048885,-0.02633439,0.47835139,7.43387421,-23.00000000,PASSIVE_BUY
3538,99.56740707,99.56956897,-0.16765786,0.02026461,-655.15234765,2143.84540833,21983.89302559,32731.58961562,0.00055347,0.00049098,-0.04525310,0.47835139,7.50779666,-22.00000000,PASSIVE_BUY
3539,99.56978985,99.56354841,-0.06145652,0.02076467,265.26183269,2259.94326059,24472.71634397,25388.51490129,0.00055237,0.00049098,0.06795826,0.47877388,7.46575790,-23.00000000,PASSIVE_SELL
3540,99.52466771,99.52687163,0.09948818,0.02071358,-330.28104345,2203.93872021,31755.12022677,27550.75792187,0.00055109,0.00049174,-0.04750492,0.47877388,7.54681735,-22.00000000,PASSIVE_BUY
3541,99.51522796,99.52147324,-0.09866619,0.02028538,-427.86627531,1395.48761759,24838.91691665,32311.38701774,0.00055072,0.00049132,0.03568240,0.47877388,7.57089591,-21.00000000,PASSIVE_BUY
3542,99.52359160,99.51944813,0.04565232,0.02028208,232.65021800,2032.25939970,27883.25460351,26032.83158522,0.00054573,0.00049105,0.01780338,0.46886791,7.40540053,-22.00000000,PASSIVE_SELL
3543,99.50699578,99.50615688,0.06479059,0.02017113,-583.63497668,1558.25556588,29356.21352976,26008.54086814,0.00052438,0.00048599,-0.02495946,0.46298023,7.78059418,-23.00000000,PASSIVE_SELL
3544,99.48816692,99.49340097,0.14044672,0.02054893,-473.76084005,817.29506345,23007.21252840,21119.05795557,0.00052407,0.00048527,-0.00223304,0.46298023,7.58681402,-22.00000000,PASSIVE_BUY
3545,99.48114463,99.47453542,0.09937255,0.02016617,-777.49132247,667.72077990,27964.61608651,20668.95701859,0.00052162,0.00048525,0.01180658,0.46656404,7.75138740,-23.00000000,PASSIVE_SELL
3546,99.45086866,99.45625073,-0.14796365,0.02018466,-186.85344319,1054.20122362,19648.91965883,28582.41147895,0.00052086,0.00048526,-0.02325368,0.46656404,7.62851690,-22.00000000,PASSIVE_BUY
3547,99.42489943,99.41755141,0.02907639,0.02000224,-707.65683178,583.28924004,30312.96619145,23691.70193549,0.00052104,0.00048039,0.00430674,0.48525533,8.20984109,-23.00000000,PASSIVE_SELL
3548,99.45221083,99.45020196,0.11995823,0.02026014,587.54249585,1064.82815846,23255.16030664,19340.17743406,0.00051986,0.00048078,0.05328063,0.48525533,7.59180889,-24.00000000,PASSIVE_SELL
3549,99.42993362,99.42760826,0.11654449,0.02046099,-492.00374538,-38.09227317,31450.55810875,23848.96246177,0.00050918,0.00048027,-0.04958861,0.46730200,8.13669246,-25.00000000,PASSIVE_SELL
3550,99.40414694,99.39764522,-0.05250376,0.02038117,-565.53242282,-809.59402057,29535.00221327,27470.58312673,0.00050971,0.00048057,-0.00350947,0.46730200,8.79155008,-26.00000000,PASSIVE_SELL
3551,99.35471716,99.34838847,0.15029835,0.02042804,-483.75735673,-2002.85494425,36148.10312380,23935.41550718,0.00051348,0.00048147,-0.02364310,0.48099403,10.08693846,-27.00000000,PASSIVE_SELL
3552,99.30034811,99.29361488,0.01411402,0.02016656,-273.93766715,-3093.50475630,25772.92960857,25112.34174585,0.00051381,0.00048285,-0.00493926,0.48099403,11.56498601,-28.00000000,PASSIVE_SELL
3553,99.31160024,99.30958489,0.09467334,0.02011549,502.38506273,-1826.17118289,30856.46633930,20405.83899370,0.00050477,0.00048267,0.06562117,0.46961437,11.25998418,-29.00000000,PASSIVE_SELL
3554,99.29792865,99.29521561,-0.01198723,0.02076247,-639.50511817,-1866.79510121,26879.17450045,25165.60059452,0.00047853,0.00048146,-0.02492371,0.46961437,11.66684141,-30.00000000,PASSIVE_SELL
3555,99.26691544,99.27104907,0.11052141,0.02014052,-385.42266825,-1987.42086893,33418.87818029,29422.24990332,0.00047410,0.00048180,-0.01734163,0.48402865,7.72680385,-29.00000000,PASSIVE_BUY
3556,99.25408602,99.25454558,0.02897576,0.02053880,-789.71531877,-3100.40723363,23854.34442966,23548.18539054,0.00047435,0.00048161,0.01818380,0.48402865,7.74432675,-28.00000000,PASSIVE_BUY
3557,99.26707021,99.26811960,0.01216524,0.02009920,420.23616519,-2264.15306424,26026.01912531,25022.23536997,0.00046924,0.00048079,0.02581360,0.48215909,7.74732682,-27.00000000,PASSIVE_BUY
3558,99.25287406,99.25838493,0.20210211,0.02083896,-228.74687172,-3199.90154468,30994.52763973,22888.23652532,0.00045960,0.00048011,-0.02718034,0.48215909,7.76232562,-26.00000000,PASSIVE_BUY
3559,99.23683985,99.23220832,-0.29019218,0.02072688,-544.15838925,-3166.23990414,21523.87585450,38436.60701475,0.00046002,0.00048018,-0.00183806,0.48215909,8.18957842,-27.00000000,PASSIVE_SELL
3560,99.19765303,99.20099054,0.07730044,0.02026001,-185.92345696,-2731.01392361,29141.00063700,25366.95205990,0.00046287,0.00047655,-0.02315262,0.49937353,7.82495937,-26.00000000,PASSIVE_BUY
3561,99.16731209,99.15936009,0.09330511,0.02070930,-505.99025653,-3655.99829685,32392.17125455,26325.71160535,0.00046390,0.00047691,0.00884589,0.49937353,8.62417831,-27.00000000,PASSIVE_SELL
3562,99.18996395,99.19445295,0.19193572,0.02068540,660.57072771,-2376.39194306,30619.62617896,22751.93581375,0.00045502,0.00047665,0.05299279,0.49118613,7.82696602,-26.00000000,PASSIVE_BUY
3563,99.23177758,99.22588672,-0.10556044,0.02077005,244.57092930,-2817.49675391,26401.32943007,29865.33873104,0.00045655,0.00047735,0.01916178,0.49118613,6.75019665,-27.00000000,PASSIVE_SELL
3564,99.26682833,99.26660526,-0.00841731,0.02049259,770.60456458,-1563.04253570,26790.84945108,28017.29803850,0.00043785,0.00047690,-0.00676288,0.50534909,5.81407273,-28.00000000,PASSIVE_SELL
3565,99.25130286,99.24685589,-0.18360849,0.02070120,-824.29250124,-2209.31896878,19642.68532976,29364.94935083,0.00043531,0.00047633,-0.05057622,0.50534909,6.25913646,-29.00000000,PASSIVE_SELL
3566,99.25385571,99.25771323,-0.04216447,0.02064151,587.06563931,-1239.80018843,24005.05240050,30838.51976068,0.00043458,0.00047541,0.01807833,0.50819933,7.75132707,-28.00000000,PASSIVE_BUY
3567,99.22131846,99.21885861,0.05753014,0.02025327,-537.14802162,-2494.75331914,25921.77717149,21962.89290656,0.00043377,0.00047543,-0.03509011,0.50819933,8.67249692,-29.00000000,PASSIVE_SELL
3568,99.21866379,99.21880192,-0.01873262,0.02093344,-495.75301725,-3563.13403726,20988.09508169,23062.26929929,0.00042681,0.00047315,0.02988259,0.52124585,7.78216110,-28.00000000,PASSIVE_BUY
3569,99.20700002,99.21321400,0.17397256,0.02134199,-425.95160270,-3054.18203575,28506.50382693,21449.90525017,0.00042577,0.00046662,-0.00900910,0.52124585,7.79898047,-27.00000000,PASSIVE_BUY
3570,99.23652867,99.23790793,-0.10405692,0.02055691,494.72518996,-2076.05460823,28695.15288046,36124.16454677,0.00040638,0.00046624,0.04119242,0.50763761,7.78993628,-26.00000000,PASSIVE_BUY
3571,99.15627660,99.16439106,0.10345231,0.02044166,-425.20771365,-3269.18449683,23428.61013300,25158.42253102,0.00042249,0.00046936,-0.10978072,0.49753592,7.88184987,-25.00000000,PASSIVE_BUY
3572,99.20541696,99.20343343,-0.10043028,0.02053499,301.51427128,-3381.18550649,22383.07472971,27967.36688621,0.00042709,0.00047043,0.12939243,0.49753592,6.66360840,-26.00000000,PASSIVE_SELL
3573,99.20103977,99.20197980,0.01274201,0.02004066,-459.49877915,-4011.41780295,24937.19207160,26740.61728754,0.00042257,0.00047023,-0.05351755,0.48557929,7.84457673,-25.00000000,PASSIVE_BUY
3574,99.16788729,99.15817950,-0.03125815,0.02052256,-611.96081130,-4217.14348534,31726.99295282,29558.39663146,0.00042498,0.00046989,-0.02877529,0.48557929,8.68365007,-26.00000000,PASSIVE_SELL
3575,99.21580875,99.20890432,-0.22563352,0.02034127,440.28654361,-4355.26076847,18656.19478805,28890.09959318,0.00043012,0.00046902,0.08107395,0.48557929,7.44786259,-27.00000000,PASSIVE_SELL
3576,99.21237113,99.20628125,-0.21870341,0.02099163,-523.20715847,-5456.31449861,19000.44611223,25847.40015942,0.00041975,0.00046902,-0.05135909,0.48836139,7.55117413,-28.00000000,PASSIVE_SELL
3577,99.19265628,99.19288737,0.08199933,0.02017011,-349.21368703,-6145.73521548,30082.36037446,24074.64982544,0.00041810,0.00046830,-0.01627724,0.48836139,7.83316290,-27.00000000,PASSIVE_BUY
3578,99.20229139,99.20244565,0.21968382,0.02006744,473.02237936,-6526.68617862,20911.05407102,11564.79163390,0.00041418,0.00046797,0.02934997,0.47726389,7.83489626,-26.00000000,PASSIVE_BUY
3579,99.20878650,99.20742852,-0.06432049,0.02032369,392.49609190,-6993.47080181,25721.56860168,23710.19281601,0.00037202,0.00046641,-0.00314000,0.47726389,7.67618517,-27.00000000,PASSIVE_SELL
3580,99.29675319,99.30233398,0.18827144,0.02008766,627.35568298,-6480.74285505,32318.01122714,23953.41660517,0.00031926,0.00047087,0.08147158,0.48244328,7.74117023,-26.00000000,PASSIVE_BUY
3581,99.28670082,99.28446017,-0.01202097,0.02010889,-919.95904608,-7730.05501775,26509.25161130,25746.42309761,0.00030926,0.00047013,-0.09801906,0.48258356,8.01258635,-27.00000000,PASSIVE_SELL
3582,99.34776379,99.34961012,0.06943636,0.02058915,908.69331168,-6109.82341493,29913.90968648,27914.75472592,0.00032421,0.00047231,0.07111534,0.48258356,7.68426312,-26.00000000,PASSIVE_BUY
3583,99.37200421,99.37564977,0.12053913,0.02003185,488.83113187,-6426.14311553,26521.20633913,23197.08314899,0.00032639,0.00047269,-0.03682255,0.48655338,7.67700491,-25.00000000,PASSIVE_BUY
3584,99.37481514,99.37712186,0.10439105,0.02000496,124.82509927,-7078.51026329,29005.76177680,21130.02677752,0.00032621,0.00047261,-0.02142949,0.48655338,7.68451914,-24.00000000,PASSIVE_BUY
3585,99.34431502,99.33577451,-0.15102208,0.02042113,-265.76906022,-6646.70560614,20784.70051091,25726.35012252,0.00032137,0.00047227,-0.03331105,0.48655338,8.42673244,-25.00000000,PASSIVE_SELL
3586,99.38049718,99.38744260,0.03024929,0.02006295,666.51112763,-6540.80544872,24518.56021223,27132.84086727,0.00032644,0.00047243,0.06668227,0.48655338,7.67775870,-24.00000000,PASSIVE_BUY
3587,99.30989632,99.31452283,-0.09478157,0.02044638,-581.58626150,-6467.78954763,26636.61117245,37223.97970088,0.00033855,0.00047468,-0.10678302,0.48335030,7.75417333,-23.00000000,PASSIVE_BUY
3588,99.31155357,99.30743878,-0.03059388,0.02057171,357.37957874,-5455.25762124,29653.26212474,29980.88025483,0.00032791,0.00047304,0.07225811,0.49098119,7.72634242,-24.00000000,PASSIVE_SELL
3589,99.33088667,99.33483702,0.05638750,0.02009178,835.14668082,-4885.37277311,28750.42109031,26856.55488585,0.00032956,0.00046935,0.01767585,0.49098119,7.73800719,-23.00000000,PASSIVE_BUY
3590,99.40058784,99.40044019,0.05077976,0.02062168,265.75644046,-4289.33528921,29320.04162160,27956.61253305,0.00034063,0.00047183,0.05036807,0.49098119,6.14519107,-24.00000000,PASSIVE_SELL
3591,99.44882385,99.44191280,-0.35489387,0.02005910,200.28993083,-3661.17908307,18505.02234223,31172.60694509,0.00034785,0.00047302,-0.02146516,0.50526194,4.99755634,-25.00000000,PASSIVE_SELL
3592,99.46894059,99.46883229,-0.05587540,0.02019322,629.97184353,-3263.85745754,22845.31133754,23591.19776579,0.00034891,0.00047133,-0.02811928,0.50526194,4.50473457,-26.00000000,PASSIVE_SELL
3593,99.57302204,99.57459909,0.21101575,0.02064883,530.49764744,-2149.72483341,24727.20553415,15993.48838428,0.00037815,0.00047694,0.08396472,0.52106541,7.48395185,-25.00000000,PASSIVE_BUY
3594,99.60104430,99.60611698,0.08743743,0.02034200,639.53925254,-1036.42474082,31109.00595925,30714.52151466,0.00037885,0.00047635,-0.07605919,0.52106541,7.46978257,-24.00000000,PASSIVE_BUY
3595,99.49251507,99.50092252,0.06861782,0.02115060,-411.83813667,-670.77155502,21321.41026660,22634.87520758,0.00040953,0.00048161,-0.13655149,0.52866834,7.57958819,-23.00000000,PASSIVE_BUY
3596,99.55365558,99.55062996,-0.08253400,0.02007015,215.97290641,-267.94520542,25484.77426249,33467.12184793,0.00041591,0.00048329,0.16966974,0.52866834,6.18339165,-24.00000000,PASSIVE_SELL
3597,99.59239500,99.59151881,0.11715947,0.02025296,588.86539796,1028.57702432,31946.42578288,22097.89165097,0.00041706,0.00048400,-0.02240108,0.53774654,5.26377187,-25.00000000,PASSIVE_SELL
3598,99.54181669,99.54003118,0.26479737,0.02094140,-324.81902451,116.21550396,37235.98415407,22944.20617989,0.00042238,0.00048525,-0.08931774,0.53774654,6.53870032,-26.00000000,PASSIVE_SELL
3599,99.52601017,99.52327326,0.03467690,0.02073957,-382.36520560,225.85404373,28761.52833378,27897.06085423,0.00042173,0.00048537,0.03477179,0.53774654,6.96003968,-27.00000000,PASSIVE_SELL
3600,99.44762298,99.44598942,0.18650728,0.02007820,-487.97087871,303.41558785,33894.12901740,19348.53887887,0.00043500,0.00048337,-0.06258066,0.54119834,9.08653282,-28.00000000,PASSIVE_SELL
3601,99.49438832,99.49397539,0.08859412,0.02025628,737.98037374,1525.15331832,33310.87504892,22073.29647923,0.00043357,0.00048303,0.12515252,0.53243554,7.78723157,-29.00000000,PASSIVE_SELL
3602,99.57353737,99.57671671,0.01812218,0.02038403,737.76719852,2536.85818400,22299.73716279,20616.84741251,0.00043864,0.00048608,0.03238371,0.53243554,7.46725937,-28.00000000,PASSIVE_BUY
3603,99.60252118,99.60533617,0.02068080,0.02005398,479.19105172,2513.66417299,23373.11476387,21585.01154462,0.00043982,0.00048593,-0.05016524,0.53005529,7.45275825,-27.00000000,PASSIVE_BUY
3604,99.57024794,99.56832689,0.10907381,0.02116571,-416.14967901,2737.01961214,19340.74767075,15693.76624496,0.00044225,0.00048607,-0.06125705,0.53005529,8.33471857,-28.00000000,PASSIVE_SELL
3605,99.52591744,99.51815332,-0.23593292,0.02001218,-304.83557120,2817.60670919,21301.05164343,32199.43651206,0.00044484,0.00048667,-0.01205726,0.53005529,9.58597870,-29.00000000,PASSIVE_SELL
3606,99.52770485,99.52104801,0.06412031,0.02017367,329.81785945,3937.13988742,30081.65482315,21663.71819740,0.00044412,0.00047877,0.04611791,0.52345392,9.54423070,-30.00000000,PASSIVE_SELL
3607,99.52885332,99.53550722,0.13527799,0.02000285,658.36336558,4175.26708781,25683.09074398,23256.52428864,0.00044402,0.00047877,-0.00063894,0.52345392,7.50299004,-29.00000000,PASSIVE_BUY
3608,99.51773161,99.51517631,0.12016226,0.02001552,-596.55905656,3807.45490297,29724.10779151,19959.69127120,0.00044377,0.00047661,-0.01227018,0.52518113,7.83552727,-30.00000000,PASSIVE_SELL
3609,99.48654830,99.49169962,0.05932972,0.02058856,-333.65155249,4017.96173974,24699.57124572,25614.86041249,0.00044574,0.00047642,-0.02006161,0.52518113,7.53739143,-29.00000000,PASSIVE_BUY
3610,99.42406451,99.42313126,0.08488149,0.02032025,-740.83464363,3463.05055307,25553.32639720,23349.76340716,0.00045156,0.00047762,-0.03130048,0.53306923,9.35958144,-30.00000000,PASSIVE_SELL
3611,99.40146409,99.40912816,0.09978649,0.02014978,-302.95107754,3666.08973206,25255.08624548,24132.65379818,0.00045047,0.00047731,0.03988337,0.53306923,7.62721757,-29.00000000,PASSIVE_BUY
3612,99.40014566,99.40577488,0.06221780,0.02071211,-557.14024941,2448.37875493,25578.81134135,21652.08411422,0.00044980,0.00047719,0.02128198,0.54969801,7.63101946,-28.00000000,PASSIVE_BUY
3613,99.43468395,99.44145381,-0.02801730,0.02017745,459.41824111,2663.22606675,27725.21230771,29949.54488989,0.00044867,0.00047510,0.03585672,0.54969801,7.61378781,-27.00000000,PASSIVE_BUY
3614,99.47417810,99.47644211,-0.09134787,0.02020946,521.31810480,2413.93960696,20761.33508920,27717.71340148,0.00044932,0.00047599,0.00495586,0.56075650,7.58398217,-26.00000000,PASSIVE_BUY
3615,99.57849043,99.57265009,0.18554086,0.02065408,323.96757265,3562.19968085,32932.91188608,23594.22031594,0.00046987,0.00048000,0.06481819,0.56075650,4.88218851,-27.00000000,PASSIVE_SELL
3616,99.48848073,99.49202221,0.12951034,0.02027333,-112.82553871,2862.30850283,27666.54001409,24624.63096960,0.00048911,0.00048393,-0.19432203,0.56075650,7.57350133,-26.00000000,PASSIVE_BUY
3617,99.51544354,99.51829239,-0.16901089,0.02036874,563.79382651,3963.25035096,17985.85852634,28096.50621474,0.00048710,0.00048390,0.11697250,0.57325287,7.55553030,-25.00000000,PASSIVE_BUY
3618,99.49571199,99.49954790,0.06744222,0.02030449,-614.71262808,3844.29074013,24533.91516589,25818.74853528,0.00048830,0.00048374,-0.04669434,0.57325287,7.58618506,-24.00000000,PASSIVE_BUY
3619,99.41268507,99.42172259,0.15432893,0.02062172,-301.57810946,3968.66423337,29494.93247102,23093.96978616,0.00050348,0.00048574,-0.06329538,0.56806006,7.67587475,-23.00000000,PASSIVE_BUY
3620,99.50632809,99.50176991,-0.28168054,0.02017728,147.25764065,3621.19668406,16908.31098386,31848.97760480,0.00051790,0.00048724,0.17666994,0.56806006,5.53217395,-24.00000000,PASSIVE_SELL
3621,99.56011390,99.55291127,0.07981630,0.02074618,381.77452404,4428.17892175,23460.13141356,18247.99134642,0.00050725,0.00048727,-0.03985721,0.56806006,4.25168755,-25.00000000,PASSIVE_SELL
3622,99.59052135,99.59878121,0.15016673,0.02093052,706.97034437,4833.63499484,28264.16824899,24473.96873689,0.00050484,0.00048605,-0.02337837,0.56881640,7.49546264,-24.00000000,PASSIVE_BUY
3623,99.55590945,99.55284087,0.10323811,0.02080070,-476.79294349,4816.34083050,25234.22974781,19544.61560881,0.00050808,0.00048565,-0.06501934,0.56881640,8.33654850,-25.00000000,PASSIVE_SELL
3624,99.55201371,99.55066430,0.03142987,0.02029023,-405.24589871,5023.05574308,26176.52109552,26814.15951343,0.00050504,0.00048330,0.03071615,0.56310403,8.44408715,-26.00000000,PASSIVE_SELL
3625,99.59705085,99.59826449,0.06120664,0.02042582,665.69332379,5248.46252325,28369.74945991,25410.37297310,0.00050456,0.00048221,0.04893288,0.56310403,7.48330714,-25.00000000,PASSIVE_BUY
3626,99.58761555,99.59198310,-0.10403155,0.02068021,-408.10182561,5363.56785611,22482.19954863,28648.30944811,0.00050490,0.00048225,-0.05447244,0.56101151,7.50002994,-24.00000000,PASSIVE_BUY
3627,99.65799558,99.66393118,-0.06746841,0.02069020,584.81515029,6297.59669343,23692.66044985,31526.15388920,0.00051093,0.00048490,0.07981533,0.56101151,7.43988004,-23.00000000,PASSIVE_BUY
3628,99.61432805,99.60952092,0.07951103,0.02002212,-929.36644522,4895.20786885,26061.27166590,18344.10566923,0.00051633,0.00048527,-0.11404757,0.55723471,8.45424441,-24.00000000,PASSIVE_SELL
3629,99.61435643,99.61518586,-0.11960279,0.02040095,301.72503822,4804.43681517,21306.27346245,29669.78546370,0.00051645,0.00048466,0.04369592,0.55393508,7.48572966,-23.00000000,PASSIVE_BUY
3630,99.59982949,99.59481672,0.00673926,0.02040739,-863.77032703,3313.31080517,27663.36907691,23681.75043685,0.00050436,0.00048420,-0.01455532,0.55393508,7.83005301,-24.00000000,PASSIVE_SELL
3631,99.60014061,99.59807040,0.05600002,0.02013350,685.17657842,4918.44642966,29239.75199803,26250.40092850,0.00050390,0.00048341,0.01483806,0.53732100,7.83265284,-25.00000000,PASSIVE_SELL
3632,99.59252750,99.58726043,-0.00430061,0.02050536,-688.22878090,3321.52433708,31812.56405889,24300.03211734,0.00049802,0.00047924,-0.00792423,0.53732100,8.03323320,-26.00000000,PASSIVE_SELL
3633,99.55003748,99.55358480,0.06854308,0.02047771,-350.68636681,2482.00683840,24676.20330165,21932.72676479,0.00050162,0.00047980,-0.03487692,0.53195263,7.52913248,-25.00000000,PASSIVE_BUY
3634,99.60367352,99.60832477,-0.02691065,0.02117291,562.05424696,2919.23598609,27775.18583240,31838.19185914,0.00050653,0.00048054,0.09612608,0.52966170,7.47774043,-24.00000000,PASSIVE_BUY
3635,99.59079569,99.59148111,0.20075798,0.02008773,-525.08885702,2659.91618929,32422.23961820,19161.84595791,0.00050466,0.00048059,-0.06651388,0.52966170,7.51314171,-23.00000000,PASSIVE_BUY
3636,99.56064173,99.56491749,-0.01838099,0.02020841,-281.15671953,1712.24834213,27511.23992195,28674.89239677,0.00050498,0.00047833,-0.01727612,0.52966170,7.55207244,-22.00000000,PASSIVE_BUY
3637,99.55968739,99.56393181,-0.00886379,0.02029941,-392.24281334,1901.59179029,30084.65648633,32311.45329463,0.00049366,0.00047766,0.02919962,0.53123226,7.56222091,-21.00000000,PASSIVE_BUY
3638,99.59774205,99.59567829,0.06807543,0.02012294,416.81722734,1961.02943889,27362.18176797,22334.28976240,0.00049581,0.00047136,0.03900900,0.53123226,6.77313451,-22.00000000,PASSIVE_SELL
3639,99.67376622,99.66893684,-0.06031868,0.02004759,505.49419424,1631.37695231,23849.80791418,22779.65754067,0.00050524,0.00047394,0.03796950,0.53678833,5.11062666,-23.00000000,PASSIVE_SELL
3640,99.73526735,99.73734980,-0.03963956,0.02038681,911.18504513,2276.80555698,16785.48458357,20693.73181207,0.00050326,0.00047604,-0.01452303,0.53624125,7.38394393,-22.00000000,PASSIVE_BUY
3641,99.74202347,99.74216616,0.03760746,0.02061597,743.59558151,2820.11120766,22153.35938144,20044.74661165,0.00049971,0.00047560,-0.05474502,0.55393280,7.38508959,-21.00000000,PASSIVE_BUY
3642,99.72910329,99.72873011,-0.14488528,0.02014130,-794.77164996,1395.36771417,19893.13402877,26874.37148137,0.00049996,0.00047499,-0.01967630,0.55393280,7.66648407,-22.00000000,PASSIVE_SELL
3643,99.77402319,99.77667895,0.16983495,0.02012194,508.21577897,1373.08584570,34088.07792829,24533.39197416,0.00048296,0.00047602,0.05784008,0.55054663,7.35836925,-21.00000000,PASSIVE_BUY
3644,99.75851384,99.75208045,-0.11456985,0.02030357,-657.80905674,75.73753642,24414.53532412,31749.05143191,0.00048247,0.00047553,-0.06042925,0.55054663,7.69421737,-22.00000000,PASSIVE_SELL
3645,99.83278302,99.83131014,-0.01293298,0.02028156,833.61697916,1321.19265226,28638.76071414,27556.51156248,0.00046520,0.00047848,0.08977853,0.53971554,6.07043610,-23.00000000,PASSIVE_SELL
3646,99.84832084,99.84859311,0.00358646,0.02034101,614.10144758,1719.32119344,21020.35377599,17699.81328401,0.00045882,0.00047797,-0.05873137,0.53971554,7.27534800,-22.00000000,PASSIVE_BUY
3647,99.86780096,99.86563657,0.19856350,0.02038958,341.10590799,1471.56170346,28419.48596569,18831.48171140,0.00045683,0.00047640,0.00394230,0.53396500,6.85698020,-23.00000000,PASSIVE_SELL
3648,99.95963747,99.95825119,-0.00675658,0.02007696,605.16895061,2401.54967859,30220.44371125,27612.49232396,0.00046526,0.00047996,0.07235639,0.53156576,4.75477897,-24.00000000,PASSIVE_SELL
3649,99.98841777,99.99621722,0.11366754,0.02002791,564.48073955,3348.39562374,24372.07899661,18549.21106374,0.00046480,0.00047846,-0.06305621,0.53156576,7.13566510,-23.00000000,PASSIVE_BUY
3650,100.09176635,100.09805775,0.10377423,0.02038698,504.50769491,4340.87419736,25257.56366509,23117.83044621,0.00046572,0.00047976,0.07456828,0.53156576,7.03856019,-22.00000000,PASSIVE_BUY
3651,100.12796351,100.13499992,0.25311423,0.02004574,383.11265941,3986.00648303,28556.24123938,18769.37095615,0.00046437,0.00047552,-0.06715142,0.54980214,7.01596896,-21.00000000,PASSIVE_BUY
3652,100.08497580,100.09266335,-0.06418983,0.02019944,-303.57805730,2944.66122720,26876.11089664,35421.76357830,0.00046076,0.00047622,-0.07918487,0.54980214,7.06751939,-20.00000000,PASSIVE_BUY
3653,100.09980419,100.09820230,-0.01859206,0.02016001,181.83197982,2647.30215530,30173.48253060,33003.99125138,0.00046003,0.00047224,0.05781610,0.54980214,6.78103160,-21.00000000,PASSIVE_SELL
3654,100.11939937,100.12851854,-0.11760379,0.02023512,573.01570241,3636.46753672,21104.10689181,28670.19819326,0.00045619,0.00047228,0.00476678,0.54296207,7.03442388,-20.00000000,PASSIVE_BUY
3655,100.19529274,100.19519442,-0.20733859,0.02034793,175.14601314,4116.44912105,19601.04284394,27953.81037793,0.00045799,0.00047487,0.05629820,0.54296207,5.51655632,-20.00000000,HOLD
3656,100.19206348,100.19407868,-0.17014120,0.02023732,-393.85081710,3392.78044450,22144.90597655,33168.92089727,0.00045830,0.00047369,-0.07912264,0.53769743,6.97185754,-19.00000000,PASSIVE_BUY
3657,100.25383442,100.25057540,0.01979676,0.02077194,451.17139357,3185.58847249,32921.81831700,26502.45859039,0.00046289,0.00047320,0.06500021,0.53769743,5.80859558,-20.00000000,PASSIVE_SELL
3658,100.35967156,100.35886271,0.00787546,0.02193004,837.17135774,4619.31888679,22796.78557205,23346.85519025,0.00047850,0.00047871,0.04406620,0.53925662,3.70281775,-21.00000000,PASSIVE_SELL
3659,100.33790526,100.34529363,0.00594171,0.02015266,-481.62703942,4471.34339986,26125.56360843,30921.87108771,0.00047675,0.00047893,-0.12760345,0.53081641,6.82960465,-20.00000000,PASSIVE_BUY
3660,100.30975771,100.30130947,0.02634288,0.02047169,-684.61829114,4527.55975235,24880.81739879,18759.78908794,0.00046749,0.00047800,-0.00638125,0.53081641,7.40279158,-21.00000000,PASSIVE_SELL
3661,100.27725900,100.27890650,0.04242979,0.02068409,-297.78788936,4532.72294053,29221.23524926,26833.15695508,0.00046936,0.00047673,-0.00435116,0.53046597,6.88482917,-20.00000000,PASSIVE_BUY
3662,100.19968987,100.19335142,-0.07079164,0.02111962,-713.41056970,4376.45262024,23114.08399413,22842.86242746,0.00048721,0.00048008,-0.04507042,0.53046597,8.44677151,-21.00000000,PASSIVE_SELL
3663,100.20434146,100.20135707,-0.08630424,0.02028319,599.12671720,4516.16109632,23923.80398875,27124.48049202,0.00048672,0.00047986,0.08222072,0.53374997,8.35922969,-22.00000000,PASSIVE_SELL
3664,100.18696847,100.18234154,0.18742405,0.02003142,-613.71238358,3381.13060795,30821.27965236,17167.58609173,0.00048758,0.00048004,-0.02202458,0.53374997,8.75145122,-23.00000000,PASSIVE_SELL
3665,100.14812161,100.15639739,0.33198429,0.02056193,-163.53963284,2893.62340246,27915.61529473,15696.85832670,0.00047555,0.00048061,-0.02147387,0.53067642,6.98678103,-22.00000000,PASSIVE_BUY
3666,100.14839641,100.14529129,-0.20438824,0.02018962,62.12905785,3068.57799903,18153.06888607,33124.63453707,0.00045313,0.00048048,0.03912166,0.53067642,6.99083016,-23.00000000,PASSIVE_SELL
3667,100.19070072,100.19034717,0.01879585,0.02001895,133.27662567,2638.06079819,28063.29732588,30114.55913235,0.00045455,0.00048120,0.04202951,0.53067642,6.02784049,-24.00000000,PASSIVE_SELL
3668,100.22650307,100.22505741,-0.22167028,0.02053459,235.52027837,3488.29370464,16630.96369927,25257.09030614,0.00045305,0.00048077,-0.00650196,0.53067642,5.17885142,-25.00000000,PASSIVE_SELL
3669,100.13834924,100.14458665,0.10800619,0.02027394,-237.45569782,3552.41611628,29345.94139180,26480.44977555,0.00045504,0.00048476,-0.12395618,0.52983745,6.98660135,-24.00000000,PASSIVE_BUY
3670,100.17254172,100.17588173,-0.01037214,0.02013263,548.83033871,3953.98881433,22344.10167546,23193.03877534,0.00044160,0.00048516,0.12234631,0.52983745,6.96410032,-23.00000000,PASSIVE_BUY
3671,100.11762133,100.12487862,0.05247230,0.02025736,-541.61703015,3030.59726015,31644.66230174,31106.70364468,0.00044780,0.00048556,-0.08911287,0.51832804,7.02777734,-22.00000000,PASSIVE_BUY
3672,100.12564480,100.12958863,0.06896419,0.02069926,490.57690077,2814.20381655,29782.16064777,31549.23462360,0.00044696,0.00048516,0.06294385,0.51832804,7.02546349,-21.00000000,PASSIVE_BUY
3673,100.17271614,100.17209504,0.02583065,0.02001462,599.54546607,3890.54222611,24438.74817498,22999.73278597,0.00044498,0.00048223,0.03904787,0.53389666,6.04697268,-22.00000000,PASSIVE_SELL
3674,100.14356637,100.14964680,-0.13313900,0.02035118,-489.74031788,3806.04780694,17716.85323008,23167.54240899,0.00044820,0.00047624,-0.07622111,0.53008061,7.01408771,-21.00000000,PASSIVE_BUY
3675,100.10492280,100.10011838,0.12148295,0.02077263,-754.88861715,2385.46586601,29843.13691027,18324.23588484,0.00045107,0.00047405,-0.00949380,0.53008061,7.83598892,-22.00000000,PASSIVE_SELL
3676,100.05909534,100.06202729,0.26483192,0.02038479,-312.22716926,2481.34052236,28741.61459347,16953.68243687,0.00045706,0.00047518,-0.00718390,0.54329456,7.09740077,-21.00000000,PASSIVE_BUY
3677,100.10000877,100.09699390,-0.01621802,0.02055941,174.16209766,2070.68746973,22186.71849494,21628.20388421,0.00045095,0.00047598,0.08674089,0.54329456,6.24849841,-22.00000000,PASSIVE_SELL
3678,100.11412049,100.11586483,-0.01513812,0.02003730,509.00620134,3509.06011629,30689.16509257,34440.95339228,0.00044466,0.00047093,-0.02680171,0.55008720,7.04864069,-21.00000000,PASSIVE_BUY
3679,100.14931501,100.15323290,-0.06227072,0.02056591,637.25060127,3844.58567935,20956.79406609,27819.64132567,0.00044581,0.00047146,0.02108280,0.55008720,7.01844308,-20.00000000,PASSIVE_BUY
3680,100.13762112,100.13620935,0.00330766,0.02055489,-691.93757712,4016.41842926,28367.22618191,25949.13025100,0.00044549,0.00047104,-0.04688841,0.55140018,7.26259845,-21.00000000,PASSIVE_SELL
3681,100.07112135,100.06610683,-0.20884339,0.02055503,-716.05475939,2615.18709145,21875.85666599,32171.84833895,0.00045824,0.00046832,-0.05480587,0.55140018,8.66937104,-22.00000000,PASSIVE_SELL
3682,99.97482726,99.96851282,-0.20781455,0.02039011,-601.98674488,2701.42912747,25305.86675542,32394.70504985,0.00048108,0.00047346,-0.02979433,0.55657252,10.79803620,-23.00000000,PASSIVE_SELL
3683,99.97868124,99.98552774,0.10040010,0.02112980,886.38025327,3938.49574756,20387.45936736,19689.43871539,0.00047572,0.00047294,0.10014808,0.55657252,7.15377375,-22.00000000,PASSIVE_BUY
3684,100.08313923,100.07580007,-0.01172249,0.02019191,120.58980913,3497.03130972,21619.44206402,20085.38215443,0.00049039,0.00047833,0.10060401,0.55539978,4.86579382,-23.00000000,PASSIVE_SELL
3685,100.10900357,100.10077746,0.07781451,0.02052606,230.55256929,4252.67273604,33305.46617327,24679.14001970,0.00048983,0.00047856,-0.07859366,0.55539978,4.28117704,-24.00000000,PASSIVE_SELL
3686,100.07020053,100.07698019,-0.00453170,0.02016649,-148.39487961,4385.43457596,18889.48098028,23004.98164032,0.00049138,0.00047863,-0.06466739,0.54011142,7.07379716,-23.00000000,PASSIVE_BUY
3687,100.06975514,100.07427894,0.16265609,0.02020951,-672.11928981,4105.55809949,20855.86499229,17367.99143475,0.00049136,0.00047844,0.03835766,0.54011142,7.08387410,-22.00000000,PASSIVE_BUY
3688,100.08464460,100.08312667,0.01591926,0.02037231,359.44624800,4048.18712014,21251.28613346,21878.09131903,0.00048978,0.00047792,0.01533486,0.54192065,6.76649200,-23.00000000,PASSIVE_SELL
3689,100.01828530,100.02132407,0.09484920,0.02009770,-420.65185133,3122.04107457,20545.75085605,21773.47654389,0.00049172,0.00048012,-0.08124877,0.54192065,7.13804749,-22.00000000,PASSIVE_BUY
3690,99.94958857,99.95240937,-0.14763599,0.02002285,-682.92916887,1527.92686058,20087.01406233,28865.55095128,0.00049653,0.00048114,-0.00233743,0.54894540,7.21754160,-21.00000000,PASSIVE_BUY
3691,99.99562864,99.99543009,0.05092703,0.02013366,340.24027465,1124.57155372,25983.83093934,23444.91737651,0.00049995,0.00048209,0.11473680,0.54894540,6.26076696,-22.00000000,PASSIVE_SELL
3692,100.02363838,100.02491344,-0.04532557,0.02043993,564.19886756,2483.54207123,23538.84842499,25111.94098514,0.00050029,0.00048074,-0.01803033,0.53701583,7.14232635,-21.00000000,PASSIVE_BUY
3693,100.01111470,100.01182360,-0.00735079,0.02002982,-891.90710482,1083.41918745,27111.40086939,29633.98252461,0.00049777,0.00047441,-0.04053342,0.52729580,7.16896604,-20.00000000,PASSIVE_BUY
3694,100.06776501,100.06260802,-0.09841004,0.02037237,577.03942223,2318.26766642,26019.76086443,26526.63800412,0.00050212,0.00047573,0.06917398,0.52362366,6.04614607,-21.00000000,PASSIVE_SELL
3695,100.10238173,100.10055778,-0.10946579,0.02026440,598.46759925,2083.11828650,20152.60884610,27407.31999031,0.00049433,0.00047543,-0.02203359,0.52362366,5.32932717,-22.00000000,PASSIVE_SELL
3696,100.04506013,100.04458795,0.22773474,0.02076475,-507.81220435,961.20463457,37320.77168119,21210.52583117,0.00050179,0.00047653,-0.09193832,0.50978472,6.60078477,-23.00000000,PASSIVE_SELL
3697,100.09899444,100.09853490,-0.08398399,0.02014000,498.26760453,1118.36633110,23584.33597988,28316.81148443,0.00050622,0.00047748,0.11125592,0.50978472,5.37036553,-24.00000000,PASSIVE_SELL
3698,100.08440505,100.08299840,-0.13544423,0.02094494,-208.75657209,304.44080840,21889.96963982,23401.95635947,0.00049122,0.00047705,-0.06852371,0.50978472,5.73098338,-25.00000000,PASSIVE_SELL
3699,100.05436940,100.04873842,0.06718590,0.02012724,-531.78980676,-791.82973791,28517.92260278,22345.59289638,0.00049183,0.00047479,-0.01544626,0.50487242,6.49193835,-26.00000000,PASSIVE_SELL
3700,100.05266644,100.05591238,0.09768724,0.02036261,-270.80599805,-1567.14343087,29356.44385515,23973.38482365,0.00046975,0.00047472,0.02833269,0.50487242,7.09287259,-25.00000000,PASSIVE_BUY
3701,100.02869101,100.03311981,-0.02831239,0.02037924,-450.55501034,-2400.81110062,21603.21232789,28030.95382073,0.00046783,0.00047504,-0.02227247,0.51390136,7.12683805,-24.00000000,PASSIVE_BUY
3702,99.91759030,99.92192294,-0.03445879,0.02004147,-657.75575867,-2754.98880199,24535.59085252,29802.68714573,0.00048903,0.00048085,-0.08712527,0.51390136,7.25184386,-23.00000000,PASSIVE_BUY
3703,99.97206957,99.96743147,-0.03192575,0.02069951,353.65436199,-2583.16641982,23169.11934218,21493.28591181,0.00049510,0.00047922,0.16557998,0.49883185,6.00917035,-24.00000000,PASSIVE_SELL
3704,99.98173886,99.98242411,0.08991533,0.02031371,762.17677031,-2394.00535192,25869.82987925,21017.77691858,0.00049441,0.00047170,-0.04480999,0.50287490,7.18781937,-23.00000000,PASSIVE_BUY
3705,99.97404066,99.98210941,-0.08777479,0.02008912,-298.70316221,-2867.85452727,23926.48025139,33622.74942206,0.00048154,0.00046989,-0.01736748,0.50287490,7.20803260,-22.00000000,PASSIVE_BUY
3706,99.91946711,99.92893253,-0.05886099,0.02049013,-237.95339968,-2711.95710984,23957.01296636,33444.61778470,0.00048663,0.00047165,-0.04687535,0.50287490,7.26864067,-21.00000000,PASSIVE_BUY
3707,99.89853509,99.90145899,-0.00056376,0.02079921,-450.51794548,-3613.64644889,24895.36405871,26129.03049617,0.00047751,0.00047033,0.03364153,0.50287490,7.29688151,-20.00000000,PASSIVE_BUY
3708,99.82557337,99.82559783,-0.12549113,0.02100047,-528.78537708,-4979.60318371,24409.95450367,36201.17981854,0.00045834,0.00047120,-0.05202970,0.52029305,8.75611596,-20.00000000,HOLD
3709,99.73841830,99.74247076,0.33630024,0.02025704,-419.70355133,-4917.67969562,27236.05300444,11428.99443322,0.00047055,0.00047542,-0.01419334,0.52029305,7.47227742,-19.00000000,PASSIVE_BUY
3710,99.78689203,99.78130835,-0.23023221,0.02072378,180.78288319,-4052.27852129,19849.42930913,31593.22563844,0.00047750,0.00047649,0.13562879,0.50775341,6.56163853,-20.00000000,PASSIVE_SELL
3711,99.79064631,99.78748415,0.11554766,0.02078622,464.44819049,-3290.04244144,26241.53604187,22706.92171942,0.00047686,0.00047644,-0.04471944,0.50775341,6.49694597,-21.00000000,PASSIVE_SELL
3712,99.84344740,99.84482655,0.03822400,0.02038233,614.97124927,-1961.66062247,26783.54785427,22661.20956256,0.00047477,0.00047487,0.04904681,0.50164214,7.36267784,-20.00000000,PASSIVE_BUY
3713,99.90464225,99.89784445,0.22369079,0.02062772,331.32767285,-2229.45966682,31160.41915666,16045.67049975,0.00048410,0.00047618,0.00839375,0.50164214,6.14909478,-21.00000000,PASSIVE_SELL
3714,99.91823769,99.92271508,-0.06429178,0.02029684,775.04220888,-840.70507437,16326.79480945,23068.30165809,0.00048459,0.00047075,-0.04759941,0.50367344,7.29259011,-20.00000000,PASSIVE_BUY
3715,99.97290207,99.97297769,-0.00009709,0.02019435,552.66820400,-124.49723753,21215.22691546,24910.54301601,0.00048935,0.00047128,0.04106895,0.51037123,6.19930245,-20.00000000,HOLD
3716,99.98958461,99.99127639,-0.03895715,0.02031585,727.58347584,540.95718046,22243.47430634,26061.46607819,0.00049014,0.00047115,-0.03798184,0.51037123,7.23122051,-19.00000000,PASSIVE_BUY
3717,99.99276624,99.98783377,-0.11620155,0.02007082,362.36336480,770.04391959,23228.18980927,29545.58725126,0.00048594,0.00047048,-0.01350090,0.52233364,7.18080485,-20.00000000,PASSIVE_SELL
3718,99.92985061,99.93205186,0.11618220,0.02074859,-361.95442402,172.56921719,28466.33186209,27222.96786650,0.00048944,0.00047147,-0.06609726,0.52233364,7.28822859,-19.00000000,PASSIVE_BUY
3719,99.90827125,99.91290429,0.18812399,0.02057039,-427.38086645,-17.35595144,35804.03074286,26227.51984595,0.00047581,0.00047138,0.04133627,0.51827807,7.32169694,-18.00000000,PASSIVE_BUY
3720,99.93181413,99.92679889,0.03001407,0.02088314,115.14685175,-451.03943840,28795.70610091,29341.65954175,0.00047432,0.00046652,0.04512223,0.51827807,6.90836678,-19.00000000,PASSIVE_SELL
3721,99.93642419,99.93218641,0.15707307,0.02020168,109.65609696,200.23368871,31662.86910284,21144.84889140,0.00046905,0.00046652,-0.01893281,0.51827807,6.83087635,-20.00000000,PASSIVE_SELL
3722,100.00805430,100.00648364,0.19315543,0.02108977,248.82123002,-41.52198205,29670.74125132,18293.54320898,0.00048053,0.00046879,0.06702004,0.51827807,5.40881904,-21.00000000,PASSIVE_SELL
3723,99.95750379,99.95823783,0.04291893,0.02036050,-359.52328443,-1000.59073255,28179.98836243,26338.92708087,0.00047990,0.00046951,-0.12218062,0.51812209,7.26405094,-20.00000000,PASSIVE_BUY
3724,100.03517980,100.03811137,-0.03672361,0.02071578,536.09214061,25.24172594,22326.11095717,28787.92806869,0.00049200,0.00047232,0.12822652,0.51812209,7.19335766,-19.00000000,PASSIVE_BUY
3725,100.05019457,100.04759280,-0.06487911,0.02033238,512.51455411,1292.64489720,22138.31116766,26131.66449567,0.00048978,0.00047234,-0.06266124,0.53681645,6.91824325,-20.00000000,PASSIVE_SELL
3726,99.93075388,99.93344222,0.03814160,0.02087863,-489.56981580,1115.30225066,26738.80300899,28532.23576994,0.00051350,0.00047830,-0.13445546,0.53765080,7.29809486,-19.00000000,PASSIVE_BUY
3727,99.92024622,99.91078052,-0.12609158,0.02043380,-788.62173357,152.51841943,25079.44765965,27375.32617302,0.00050984,0.00047803,0.10893304,0.53765080,7.50795721,-20.00000000,PASSIVE_SELL
3728,99.76822850,99.76124041,-0.00806236,0.02052514,-415.54743487,-772.03521678,21653.20007253,20927.07604541,0.00054991,0.00048970,-0.14151007,0.53765080,10.55857426,-21.00000000,PASSIVE_SELL
3729,99.74855085,99.74925622,0.18859837,0.02126661,-375.07097987,-1784.35679792,31137.82873008,22633.72241762,0.00054687,0.00048213,0.13234008,0.54393712,7.45990253,-20.00000000,PASSIVE_BUY
3730,99.78585215,99.78567766,-0.03538488,0.02064118,599.15903623,-493.26018457,21629.30996988,25833.64396667,0.00055052,0.00046975,0.05697894,0.54130351,6.72419721,-21.00000000,PASSIVE_SELL
3731,99.82783101,99.82995940,-0.03636633,0.02004575,467.07699661,689.87157142,24631.88382978,22079.50865264,0.00054805,0.00046944,0.00467757,0.54130351,7.39499459,-20.00000000,PASSIVE_BUY
3732,99.86264007,99.86706092,-0.08310115,0.02021183,420.59655015,1712.45486645,29894.47615841,37737.92680530,0.00053490,0.00047005,-0.00716981,0.54130351,7.36871373,-19.00000000,PASSIVE_BUY
3733,99.77567159,99.77670609,-0.15424998,0.02088560,-425.02101072,401.05360246,18329.45511572,27924.49826013,0.00054784,0.00047409,-0.12177753,0.53516795,7.46006104,-18.00000000,PASSIVE_BUY
3734,99.79270303,99.79622101,-0.03715566,0.02041156,388.88986553,669.35365886,21964.40483136,25509.27231931,0.00052647,0.00047422,0.10399993,0.53516795,7.45726477,-17.00000000,PASSIVE_BUY
3735,99.82802041,99.82535362,-0.08709045,0.02012530,335.88724914,774.68833870,24286.94855265,28594.81944057,0.00052779,0.00047335,0.01828593,0.55287928,6.86693199,-18.00000000,PASSIVE_SELL
3736,99.92262511,99.92216011,0.07009473,0.02033652,759.64400957,1682.72722789,24201.66416584,17803.17386956,0.00054386,0.00047794,0.05928732,0.55287928,5.17421567,-19.00000000,PASSIVE_SELL
3737,99.93976153,99.93608207,-0.08603826,0.02030777,634.06314882,2988.90966651,23980.62676067,26590.95646020,0.00054458,0.00047782,-0.07746828,0.55425184,4.85877761,-20.00000000,PASSIVE_SELL
3738,99.90512017,99.90653639,0.16859667,0.02039384,-395.75705729,2233.70636123,27624.37494487,18204.83115086,0.00054582,0.00047612,-0.05177778,0.54462199,7.34326051,-19.00000000,PASSIVE_BUY
3739,99.98991720,99.98542161,0.00992021,0.02016693,369.12030649,3023.47851905,27310.52948133,23856.47941782,0.00055206,0.00047972,0.11943839,0.54462199,5.74220038,-20.00000000,PASSIVE_SELL
3740,99.97989432,99.98485355,-0.10351085,0.02034318,-238.53823983,3467.86944809,24613.72079190,30677.11202000,0.00054363,0.00047862,-0.09481991,0.54462199,7.27419621,-19.00000000,PASSIVE_BUY
3741,99.97827283,99.97681119,-0.10463985,0.02036174,-654.92330003,2472.70587341,24996.34726498,31062.55150198,0.00053974,0.00047856,0.00840139,0.53569543,7.31518535,-20.00000000,PASSIVE_SELL
3742,99.93618678,99.94283454,0.16441694,0.02097562,-386.10976520,1522.39724065,34004.30992212,24275.59442230,0.00054129,0.00047956,-0.04046456,0.52935013,7.31314830,-19.00000000,PASSIVE_BUY
3743,99.89929878,99.90332949,-0.09185005,0.02029509,-467.97641947,1946.32792600,28664.51915249,31507.33461817,0.00054334,0.00048017,0.00519805,0.52935013,7.36630867,-18.00000000,PASSIVE_BUY
3744,99.96777304,99.96403089,-0.22328106,0.02015638,201.71588647,1571.00439025,22584.07863970,29904.58277834,0.00054616,0.00048222,0.10536225,0.52935013,6.14385024,-19.00000000,PASSIVE_SELL
3745,100.02640735,100.02548491,-0.12878940,0.02011868,616.15723743,1588.69402843,16892.72148152,21526.67132387,0.00055041,0.00048380,-0.00983995,0.53934476,5.03985774,-20.00000000,PASSIVE_SELL
3746,99.95929667,99.96102185,0.04106387,0.02075672,-530.97068885,1565.53554393,31430.56081713,25416.94510369,0.00055257,0.00048575,-0.12574499,0.53934476,7.30380932,-19.00000000,PASSIVE_BUY
3747,99.90697494,99.90635552,0.06042628,0.02000995,-769.48234608,297.78559332,34151.69122318,29324.63987444,0.00055120,0.00048687,0.01478895,0.54857666,8.30792718,-20.00000000,PASSIVE_SELL
3748,99.89982450,99.90498082,-0.13598738,0.02001023,-525.07753123,-18.53536582,22797.56385791,35495.79556207,0.00055101,0.00048659,0.04517129,0.55075055,7.36840300,-19.00000000,PASSIVE_BUY
3749,99.82868593,99.83404865,0.30602498,0.02014100,-466.69928592,46.55515502,35169.60565183,21675.23440159,0.00055793,0.00048904,-0.06398813,0.55075055,7.44843512,-18.00000000,PASSIVE_BUY
3750,99.81537404,99.81598730,0.06040747,0.02024100,-530.31093601,-212.94978294,30955.70623177,24323.42842948,0.00055805,0.00048876,0.05782667,0.55211163,7.47101746,-17.00000000,PASSIVE_BUY
3751,99.78281430,99.78093336,-0.06094705,0.02096963,-198.79041217,38.81481524,17510.76786619,20706.64173689,0.00055878,0.00048801,-0.01924784,0.55211163,8.03501781,-18.00000000,PASSIVE_SELL
3752,99.83811983,99.84324790,0.07461364,0.02035796,493.76795676,1190.33853067,28541.20256411,26350.95294643,0.00054391,0.00048777,0.08786527,0.55211163,7.44667190,-17.00000000,PASSIVE_BUY
3753,99.89716756,99.90136125,0.17642622,0.02013796,575.92933596,1412.61350464,25205.19638988,20357.35436386,0.00054490,0.00048936,0.00374219,0.54646286,7.39945317,-16.00000000,PASSIVE_BUY
3754,99.83186438,99.83487189,0.19935252,0.02084454,-541.40777048,109.02896385,30492.20161213,18200.20106247,0.00055191,0.00049159,-0.12435090,0.54646286,7.46987922,-15.00000000,PASSIVE_BUY
3755,99.82396051,99.82359344,0.15227956,0.02049516,-296.73655414,110.99557192,23467.62759434,18000.40891153,0.00055192,0.00049106,0.05739931,0.54646286,7.59868480,-16.00000000,PASSIVE_SELL
3756,99.85290692,99.85375781,0.01648356,0.02019251,463.07554978,812.02452138,22705.77969815,26459.21441801,0.00054869,0.00049128,0.03685027,0.54175081,7.45419878,-15.00000000,PASSIVE_BUY
3757,99.84602975,99.84411033,-0.16685541,0.02021042,-510.67627137,751.86619549,20268.75592522,27865.16767306,0.00054803,0.00049127,-0.03582357,0.54175081,7.56746147,-16.00000000,PASSIVE_SELL
3758,99.84097209,99.83293707,0.11853318,0.02106027,-521.76078949,758.89078307,29823.45477831,18115.65758171,0.00053835,0.00049115,0.00181951,0.54742349,7.65891413,-17.00000000,PASSIVE_SELL
3759,99.82791248,99.82462049,0.06358859,0.02027808,-251.47769938,927.11663502,28532.14599437,23533.71173696,0.00052401,0.00049110,-0.00800196,0.54742349,7.89106665,-18.00000000,PASSIVE_SELL
3760,99.77889719,99.77244609,-0.19514241,0.02036071,-447.11980788,299.21394396,19150.53933441,28507.27803776,0.00052441,0.00049156,-0.03595567,0.54581449,8.78352214,-19.00000000,PASSIVE_SELL
3761,99.79727074,99.80365708,0.20097899,0.02078140,831.15425503,665.92000850,22015.67233424,17253.31025394,0.00052503,0.00049111,0.06738884,0.54581449,7.47262084,-18.00000000,PASSIVE_BUY
3762,99.78408254,99.78518887,0.07976198,0.02084351,-838.56506310,-787.61630387,27174.46132512,18641.28881656,0.00051988,0.00049104,-0.03156175,0.54466723,7.49570283,-17.00000000,PASSIVE_BUY
3763,99.81429941,99.80825275,0.03505055,0.02036409,474.26569358,-644.67828314,26906.12987273,21508.41384679,0.00051421,0.00049064,0.04340507,0.54466723,6.99219811,-18.00000000,PASSIVE_SELL
3764,99.79523196,99.79618964,-0.11238572,0.02036241,-506.12566969,-1925.84616170,17098.28475558,27925.38469276,0.00051429,0.00049035,-0.04928431,0.52961742,7.49122558,-17.00000000,PASSIVE_BUY
3765,99.84881700,99.85818124,-0.21839974,0.02007165,829.33611686,-1649.17824885,18341.13831301,34838.01099739,0.00051406,0.00049149,0.07265248,0.53080013,7.45000244,-16.00000000,PASSIVE_BUY
3766,99.82705737,99.81949152,-0.22072919,0.02008343,-677.28850423,-3054.05022891,23830.36636312,34384.66786044,0.00051402,0.00049180,-0.07534467,0.53080013,7.80819830,-17.00000000,PASSIVE_SELL
3767,99.77815281,99.77847046,0.00950819,0.02079544,-366.02630479,-3782.43989850,27554.85378383,28219.45567073,0.00051789,0.00049252,-0.02714492,0.52980709,7.51513924,-16.00000000,PASSIVE_BUY
3768,99.79734850,99.79878115,0.22402800,0.02108290,720.00346249,-2700.48201200,25608.37078377,17545.47495030,0.00051202,0.00049264,0.06810024,0.52980709,7.50432907,-15.00000000,PASSIVE_BUY
3769,99.78782406,99.79104408,0.13639028,0.02053843,-632.40525027,-2905.50639581,32398.26225399,27441.22511096,0.00051141,0.00049261,-0.02872012,0.52898357,7.52793402,-14.00000000,PASSIVE_BUY
3770,99.83325383,99.82663750,-0.18145456,0.02085885,324.73746004,-2695.91578751,25182.86846454,30940.05979250,0.00051455,0.00049316,0.05495421,0.53230367,6.90234667,-15.00000000,PASSIVE_SELL
3771,99.84163617,99.84515478,-0.01599760,0.02007524,671.14371011,-2134.42817437,20800.23349016,25692.30790169,0.00051468,0.00048958,-0.03704743,0.53230367,7.48154124,-14.00000000,PASSIVE_BUY
3772,99.92510069,99.91870985,0.03284789,0.02009848,227.65509235,-2155.59431204,34732.39090525,29454.31465295,0.00051834,0.00049176,0.07508217,0.53230367,6.32308727,-15.00000000,PASSIVE_SELL
3773,99.88647653,99.89578821,-0.02904595,0.02045875,-86.59568908,-1882.66671669,21275.34865669,27930.42669180,0.00051636,0.00049263,-0.12208867,0.52576970,7.44111148,-14.00000000,PASSIVE_BUY
3774,99.92588605,99.91702636,-0.16689276,0.02026812,27.22749285,-2391.53136444,21905.86918289,32161.72399830,0.00050734,0.00049259,0.07803368,0.52576970,6.89951222,-15.00000000,PASSIVE_SELL
3775,99.97033473,99.96733781,-0.20563769,0.02062167,427.10466110,-2476.94125746,22793.54961620,29972.65530339,0.00051100,0.00049242,0.00503915,0.52576970,6.24309292,-16.00000000,PASSIVE_SELL
3776,99.96250372,99.96366699,0.08868655,0.02044359,-547.34864363,-2534.72008529,34751.72729834,27062.65703478,0.00048262,0.00049246,-0.05227968,0.52198413,7.36522171,-15.00000000,PASSIVE_BUY
3777,99.94492179,99.94514222,-0.07712667,0.02058579,-688.97924950,-2435.07760122,20887.83750280,27471.94524642,0.00048305,0.00049241,-0.00975092,0.51163834,7.39210115,-14.00000000,PASSIVE_BUY
3778,100.02262759,100.02767643,0.16095221,0.02024408,682.86462818,-1336.66553817,26457.73646878,20647.76335937,0.00044326,0.00049515,0.09528772,0.51163834,7.32673854,-13.00000000,PASSIVE_BUY
3779,99.99638674,99.99769237,-0.17985098,0.02075306,-730.60057074,-1692.19512904,16168.56720678,27433.05683917,0.00044409,0.00049561,-0.10394664,0.49942346,7.36030203,-12.00000000,PASSIVE_BUY
3780,100.00606274,100.00655854,-0.07307133,0.02032330,536.63439432,-1754.71977095,25063.30461083,30269.89068110,0.00044173,0.00049198,0.03591684,0.50434518,7.36315132,-11.00000000,PASSIVE_BUY
3781,99.97922768,99.98259407,0.20840305,0.02009732,-495.01679525,-2716.81356281,26162.65758293,18371.69293684,0.00044051,0.00049235,-0.03651106,0.50434518,7.40116496,-10.00000000,PASSIVE_BUY
3782,99.97509956,99.97457720,-0.09045758,0.02036337,-908.77249824,-4046.18261120,24157.96723701,29502.76721199,0.00043825,0.00049066,0.02270694,0.50570318,7.45262788,-11.00000000,PASSIVE_SELL
3783,100.04284908,100.03785825,-0.16807107,0.02003666,570.37604821,-3050.78555226,19372.30594555,20168.96786770,0.00042861,0.00049255,0.07187765,0.49685008,6.71740148,-12.00000000,PASSIVE_SELL
3784,100.08194065,100.08393570,0.07303223,0.02069311,785.85910332,-2653.81631447,21982.20795511,23621.28312320,0.00043091,0.00049319,-0.02865795,0.49685008,7.29374027,-11.00000000,PASSIVE_BUY
3785,100.06403101,100.06398613,-0.08022259,0.02029719,-693.62430182,-3683.32786544,27219.14857167,32484.35174253,0.00043005,0.00049283,-0.05700121,0.49694883,7.49074633,-11.00000000,HOLD
3786,99.98051342,99.98232168,0.04390386,0.02055965,-532.38169588,-4975.35357089,22897.15037336,23885.61884533,0.00042783,0.00049609,-0.06560795,0.49694883,7.40611461,-10.00000000,PASSIVE_BUY
3787,99.94660205,99.94724997,0.06185542,0.02067774,-555.47786948,-6164.89458919,22982.17768674,24600.09848106,0.00042998,0.00049400,0.04960622,0.50807792,7.44983344,-9.00000000,PASSIVE_BUY
3788,99.98151086,99.98837913,-0.13766732,0.02069096,770.37880556,-4998.75872634,15955.83467981,31358.99750562,0.00042975,0.00049451,0.06882018,0.49441398,7.42521724,-8.00000000,PASSIVE_BUY
3789,99.94964437,99.95944501,0.01726717,0.02070945,-500.48522393,-5868.36425676,26689.52889559,28416.49501831,0.00041532,0.00049500,-0.06677530,0.49441398,7.46737376,-7.00000000,PASSIVE_BUY
3790,99.90610005,99.90157685,-0.20346994,0.02006116,-784.07734295,-6413.90335988,16729.59361436,28928.62673581,0.00041945,0.00049379,-0.01167783,0.49441398,7.78221458,-8.00000000,PASSIVE_SELL
3791,99.90647797,99.91216753,0.20423877,0.02149521,186.36924047,-5572.61081939,31405.66125466,23505.30911629,0.00041946,0.00049272,0.04392224,0.49195737,7.50528800,-7.00000000,PASSIVE_BUY
3792,100.02458013,100.02246792,0.16631902,0.02019599,239.88794040,-4946.61311378,27955.28618832,19030.77275139,0.00044745,0.00049930,0.11772424,0.49195737,6.68867086,-8.00000000,PASSIVE_SELL
3793,99.90651370,99.91331771,0.13796323,0.02072007,-190.89440251,-4669.53109682,28654.23456042,25986.36295878,0.00047507,0.00050130,-0.23616859,0.48693836,7.52494614,-7.00000000,PASSIVE_BUY
3794,99.87136949,99.87408488,-0.29481575,0.02015333,-662.64608718,-5533.89307048,16724.96403442,36205.60072261,0.00046734,0.00050161,0.08292221,0.49652205,7.57186724,-6.00000000,PASSIVE_BUY
3795,99.86428062,99.85918837,-0.01469883,0.02048223,-903.51962862,-7053.56993653,25619.00210271,26983.20465243,0.00045929,0.00049551,0.02805535,0.49652205,7.62464158,-7.00000000,PASSIVE_SELL
3796,99.91659834,99.92430735,0.03662610,0.02045744,734.28843378,-5788.31081390,29118.07041455,26101.34395772,0.00045652,0.00049501,0.05940660,0.49652205,7.52776797,-6.00000000,PASSIVE_BUY
3797,99.95816315,99.95836630,0.14036153,0.02097856,268.44122174,-4750.38724607,27693.71041381,20499.78891962,0.00045426,0.00049512,-0.01075292,0.49491787,7.49538963,-5.00000000,PASSIVE_BUY
3798,99.90829094,99.91392327,0.12608789,0.02122274,-301.18140114,-4526.49111599,28248.08269274,22291.14335823,0.00045971,0.00049507,-0.09143702,0.49491787,7.55538485,-4.00000000,PASSIVE_BUY
3799,99.91754411,99.91612045,0.20386235,0.02005996,379.16211041,-3680.62971965,34124.22633435,19036.87340468,0.00044838,0.00049494,0.05912538,0.49369574,7.52840215,-5.00000000,PASSIVE_SELL
3800,99.86264237,99.86457536,0.08206756,0.02043001,-554.12332474,-3704.44210838,26413.70590436,22426.27046841,0.00045492,0.00049327,-0.06415491,0.48486604,7.60820142,-4.00000000,PASSIVE_BUY
3801,99.87362562,99.87279795,-0.04945104,0.02000160,483.31791793,-3022.33377828,22918.14045757,30008.17646117,0.00045258,0.00049229,0.06588499,0.48486604,7.57426921,-5.00000000,PASSIVE_SELL
3802,99.90380828,99.90192041,-0.06308726,0.02028994,438.86518361,-3077.23655143,17041.23009728,20122.67271238,0.00044796,0.00048962,0.01919940,0.48486604,7.43350090,-6.00000000,PASSIVE_SELL
3803,99.89779405,99.90397200,-0.29573567,0.02015771,-252.35543208,-3905.52131946,11876.26610508,28531.75692872,0.00044037,0.00048926,-0.03619688,0.48923771,7.57883348,-5.00000000,PASSIVE_BUY
3804,99.90464874,99.90279278,-0.15640751,0.02040953,378.92180452,-2985.19174445,19842.20970561,26898.32180857,0.00043041,0.00048869,0.01286891,0.49515638,7.55476485,-6.00000000,PASSIVE_SELL
3805,99.96102254,99.96279214,0.16532266,0.02042254,787.00389326,-1901.45129706,32989.66594365,25291.17273279,0.00043698,0.00048910,0.04951912,0.49515638,7.51959840,-5.00000000,PASSIVE_BUY
3806,99.99956312,99.99905103,-0.14218790,0.02032343,566.05211568,-1798.47473116,22366.53358428,26618.68854156,0.00043833,0.00048977,-0.01783321,0.49518796,7.33705718,-6.00000000,PASSIVE_SELL
3807,100.04486658,100.05157635,0.04900211,0.02038106,522.00338244,-765.79507734,24062.66998740,24471.33933508,0.00044206,0.00049071,0.00676287,0.49518796,7.44565623,-5.00000000,PASSIVE_BUY
3808,99.95240449,99.95426461,-0.03399030,0.02056169,-424.58420979,-668.61849764,25113.67602980,26172.61057885,0.00046212,0.00049518,-0.13776555,0.48782064,7.54803792,-4.00000000,PASSIVE_BUY
3809,99.89124176,99.88824096,-0.17267837,0.02033069,-520.58767968,-937.72847793,18780.16035079,29014.07847226,0.00047015,0.00049663,0.03129936,0.48782064,7.80285419,-5.00000000,PASSIVE_SELL
3810,99.89467986,99.88662947,-0.01676975,0.02042324,213.60443371,-277.00423635,24804.22573837,24699.49626089,0.00046461,0.00049450,0.06460083,0.48782064,7.79587530,-6.00000000,PASSIVE_SELL
3811,99.93286203,99.93406959,0.11849372,0.02010974,722.61756704,-385.54092434,30499.94591962,26711.16480334,0.00046681,0.00049482,0.03474407,0.48436435,7.54521199,-5.00000000,PASSIVE_BUY
3812,99.96279356,99.96340698,0.11364813,0.02021912,569.96503122,1022.98916998,33650.29937651,29914.39155942,0.00046777,0.00049519,-0.00825064,0.48109583,7.52517125,-4.00000000,PASSIVE_BUY
3813,99.94239732,99.93823825,-0.01076461,0.02037481,-655.99681702,-107.27334062,28056.02103524,28181.96866808,0.00046737,0.00049494,-0.05032777,0.48109583,7.61694361,-5.00000000,PASSIVE_SELL
3814,99.93806227,99.93082097,-0.06701312,0.02006140,-363.08536393,35.76696514,26275.71533662,29640.23063786,0.00046645,0.00049426,0.01606119,0.48109583,7.64864956,-6.00000000,PASSIVE_SELL
3815,99.94555893,99.93827690,-0.14687746,0.02034712,269.97872335,-523.59042836,28116.75208532,35291.81488983,0.00046084,0.00048891,0.01183171,0.46597444,7.61384320,-7.00000000,PASSIVE_SELL
3816,99.87110216,99.87059140,-0.12982585,0.02002291,-279.22919491,-125.53111904,23813.20521573,30142.00074127,0.00047205,0.00048753,-0.08195342,0.46597444,8.14505198,-8.00000000,PASSIVE_SELL
3817,99.85778779,99.86077694,-0.04059831,0.02039060,-248.03350959,-7.53832384,29013.81688087,28271.81989421,0.00046712,0.00048732,0.06114238,0.46597444,7.59018239,-7.00000000,PASSIVE_BUY
3818,99.89535206,99.89213554,0.23437084,0.02006912,216.31525687,-511.22652946,33931.58516767,20865.67562923,0.00046921,0.00048774,0.05087865,0.44822446,7.33726706,-8.00000000,PASSIVE_SELL
3819,99.96529642,99.96518390,-0.01265802,0.02039788,680.18085194,801.35957275,24866.49396467,22653.86461472,0.00047843,0.00048630,0.03238009,0.44964154,6.78791112,-9.00000000,PASSIVE_SELL
3820,99.98984780,99.99132176,0.03823607,0.02057605,764.74360374,1241.36571645,23101.05351241,24664.06426461,0.00047565,0.00048222,-0.04539297,0.44964154,7.46791100,-8.00000000,PASSIVE_BUY
3821,100.01404841,100.01950200,0.32462119,0.02032509,654.35725938,1224.57926572,36748.73848565,16705.80916032,0.00047651,0.00048108,-0.00035078,0.46349205,7.45475129,-7.00000000,PASSIVE_BUY
3822,100.00947706,100.00050835,-0.19527856,0.02054386,-700.73411767,296.19005569,28327.63872213,38553.81351098,0.00046265,0.00048069,-0.02877195,0.46349205,7.49702267,-8.00000000,PASSIVE_SELL
3823,99.96522610,99.96677608,-0.28547012,0.02024752,-107.15864651,275.62709826,14253.19104858,28638.92850112,0.00046369,0.00048110,-0.03967960,0.46349205,7.50578918,-7.00000000,PASSIVE_BUY
3824,100.08624287,100.09011541,-0.11305803,0.02027635,422.36104319,670.76064860,23663.20881158,31926.59518469,0.00049030,0.00048834,0.16526772,0.44622816,7.39482412,-6.00000000,PASSIVE_BUY
3825,100.03367697,100.03409162,0.02172302,0.02066043,-731.88430203,-488.22831452,25329.02721256,25153.02542077,0.00049277,0.00048894,-0.17358267,0.45973913,7.45676004,-5.00000000,PASSIVE_BUY
3826,100.03004526,100.03548278,0.07056471,0.02003417,-539.83126693,-480.71093783,24540.58338603,24623.35013717,0.00049265,0.00048889,0.04893420,0.45973913,7.47166134,-4.00000000,PASSIVE_BUY
3827,100.03951412,100.03737494,0.01130441,0.02031216,381.63904481,589.90735648,20835.28412242,18217.90057787,0.00049203,0.00048651,0.01310056,0.44189253,7.44394200,-5.00000000,PASSIVE_SELL
3828,100.07608774,100.07527261,0.01459448,0.02080276,818.40412332,725.44685162,24716.62143347,23485.92721272,0.00048263,0.00048603,0.02710477,0.45770335,7.27147526,-6.00000000,PASSIVE_SELL
3829,99.96082526,99.96499216,0.12096886,0.02022159,-551.43105715,904.61636520,33121.84774238,26711.73819405,0.00050811,0.00049305,-0.15183611,0.45770335,7.54650657,-5.00000000,PASSIVE_BUY
3830,99.97358719,99.97225017,0.13726029,0.02028798,349.00902169,716.99099258,34066.85209600,26666.00453415,0.00050826,0.00049298,0.12802442,0.45100889,7.49284089,-6.00000000,PASSIVE_SELL
3831,99.98125909,99.97816787,0.02472840,0.02015145,392.67004085,1604.67782867,27416.18967884,24376.38664297,0.00050699,0.00049299,-0.00509004,0.45100889,7.45688522,-7.00000000,PASSIVE_SELL
3832,100.00696999,100.00659573,-0.01130874,0.02081662,656.74333536,3170.19366228,27347.42424026,27704.66620134,0.00050822,0.00049323,0.01803900,0.45124360,7.28731726,-8.00000000,PASSIVE_SELL
3833,99.88772040,99.88576793,-0.15472391,0.02038110,-789.85592227,1809.96169180,20490.88318874,27987.60207384,0.00052599,0.00049963,-0.14496048,0.45124360,8.25150450,-9.00000000,PASSIVE_SELL
3834,99.92888896,99.92882294,0.00279095,0.02006175,489.26745333,1513.37004181,26376.64517415,26740.03477620,0.00052634,0.00049905,0.16041815,0.43270689,7.88098746,-9.00000000,HOLD
3835,99.87311296,99.86874014,-0.05965323,0.02074197,-555.00397932,1651.99036431,24966.29228320,22611.74941144,0.00053113,0.00050059,-0.09694456,0.43270689,8.39334248,-10.00000000,PASSIVE_SELL
3836,99.87302091,99.87569912,-0.01873254,0.02048183,193.54262696,2377.91468716,20214.21793485,25059.36342111,0.00051880,0.00050009,0.05568396,0.45016618,7.59485349,-9.00000000,PASSIVE_BUY
3837,99.82186742,99.82173746,-0.03834481,0.02029959,-787.70306279,2145.68949385,26593.42230578,28312.36888194,0.00052148,0.00050147,-0.05106145,0.46292603,8.06538472,-10.00000000,PASSIVE_SELL
3838,99.78746459,99.78757117,-0.22552000,0.02017220,-745.99902355,629.31166474,19380.03241584,32528.77570148,0.00052057,0.00050142,0.01675067,0.47042430,7.67857204,-9.00000000,PASSIVE_BUY
3839,99.78796800,99.79069668,-0.15271633,0.02023423,677.16611663,1806.96300530,24253.78599793,32655.38112596,0.00051906,0.00049856,0.03490624,0.47042430,7.68793762,-8.00000000,PASSIVE_BUY
3840,99.82338746,99.82071695,0.10824010,0.02001260,428.39468867,3019.43503692,30336.30277888,22928.57806221,0.00051857,0.00049730,0.03491605,0.47714392,7.41458826,-9.00000000,PASSIVE_SELL
3841,99.76376676,99.76335213,0.24371077,0.02036930,-646.09441688,2186.97137958,28040.46049268,15879.44948195,0.00052489,0.00049908,-0.09504016,0.47714392,7.96135921,-10.00000000,PASSIVE_SELL
3842,99.80626868,99.80697764,0.06871314,0.02037116,433.01993591,2380.10337508,29209.42020899,23827.70049863,0.00050013,0.00049989,0.10212262,0.47157893,7.66413645,-9.00000000,PASSIVE_BUY
3843,99.80889157,99.80875912,0.33420200,0.02047205,175.14630141,2746.14407900,36890.61367872,17363.78715459,0.00047305,0.00049889,-0.03987903,0.47157893,7.65076647,-10.00000000,PASSIVE_SELL
3844,99.78151871,99.78220268,0.01090333,0.02088906,-323.96704778,3084.82311840,22004.73343550,25437.45976326,0.00047208,0.00049915,-0.02999575,0.47157893,7.68911928,-9.00000000,PASSIVE_BUY
3845,99.80238246,99.79251069,-0.00946985,0.02076148,224.48820841,4212.83095543,30710.42173304,25290.38218542,0.00047308,0.00049659,0.04823662,0.45972553,7.51172620,-10.00000000,PASSIVE_SELL
3846,99.74624489,99.74659895,-0.05223283,0.02007334,-398.75699239,3079.78552925,20026.99298547,26835.60312526,0.00047291,0.00049803,-0.07700133,0.45972553,7.73182488,-9.00000000,PASSIVE_BUY
3847,99.70296584,99.69926720,0.06713403,0.02063651,-792.22020713,2019.12410038,30060.95106109,24936.75283580,0.00047170,0.00049875,0.01285853,0.45882641,8.13165458,-10.00000000,PASSIVE_SELL
3848,99.69603050,99.69357994,0.25226516,0.02023438,-326.87205860,1993.43344292,39241.63731503,26223.16639052,0.00046735,0.00049441,0.03634371,0.45882641,8.21112514,-11.00000000,PASSIVE_SELL
3849,99.74841180,99.74928783,0.00544186,0.02089456,432.74351275,2047.01484526,27293.22387291,28079.74082632,0.00047374,0.00049542,0.05931664,0.44727188,7.71110903,-10.00000000,PASSIVE_BUY
3850,99.70874617,99.71331116,0.31201003,0.02001308,-415.70778459,2185.43038540,35462.28735038,19971.28666302,0.00047090,0.00049058,-0.09204694,0.44727188,7.76474785,-9.00000000,PASSIVE_BUY
3851,99.71121763,99.70543142,-0.20262924,0.02002309,227.68465952,1929.79712699,22742.78917723,32413.45561704,0.00047054,0.00048985,0.04213710,0.44266164,7.75251622,-10.00000000,PASSIVE_SELL
3852,99.72970865,99.72534104,0.10038921,0.02001716,440.22411116,1931.15605454,23120.76561462,15954.49098089,0.00046916,0.00048920,0.01601955,0.44266164,7.57761468,-11.00000000,PASSIVE_SELL
3853,99.66010126,99.66290642,-0.02571016,0.02035532,-119.21717262,2064.29431400,25719.04335991,26323.97035758,0.00047826,0.00049140,-0.08809840,0.44266164,7.80761588,-10.00000000,PASSIVE_BUY
3854,99.68112667,99.68104716,0.02452571,0.02127782,370.79211322,2056.16462269,28155.43218372,26805.53468914,0.00047937,0.00049144,0.09063280,0.44745461,7.59736177,-10.00000000,HOLD
3855,99.68672762,99.68180533,0.05778653,0.02007569,437.11656734,1706.27729677,30202.25188002,25560.55392839,0.00047168,0.00048836,-0.01542446,0.44745461,7.55139011,-11.00000000,PASSIVE_SELL
3856,99.74947539,99.75454144,-0.13265200,0.02014175,770.20933432,1910.43451541,22011.01117966,35705.90118028,0.00047743,0.00049053,0.05714682,0.44928176,7.72346117,-10.00000000,PASSIVE_BUY
3857,99.76388001,99.76349972,-0.20298433,0.02051195,248.75514948,1637.18628246,20220.92055175,30236.30892173,0.00047286,0.00048859,-0.04834315,0.44928176,7.58967092,-11.00000000,PASSIVE_SELL
3858,99.79883095,99.79430801,0.11307956,0.02003708,255.02317581,2316.79366805,30183.10982969,19079.12090287,0.00045953,0.00048330,0.02054631,0.46595605,7.21522916,-12.00000000,PASSIVE_SELL
3859,99.80217336,99.80812047,-0.14220716,0.02037588,914.93070696,3752.31205469,21708.62838548,32627.13020150,0.00045203,0.00048313,-0.03160852,0.46595605,7.66820305,-11.00000000,PASSIVE_BUY
3860,99.86199557,99.86418441,-0.07987029,0.02060207,356.59895338,3895.30657436,21875.18274074,26949.10475620,0.00046018,0.00048481,0.05647979,0.48237435,7.61755091,-10.00000000,PASSIVE_BUY
3861,99.86636745,99.86299159,0.08496398,0.02071776,353.83125673,3526.52026405,31621.76272708,22183.43628369,0.00045689,0.00048436,-0.05545033,0.48237435,7.58419102,-11.00000000,PASSIVE_SELL
3862,99.95459685,99.95347983,-0.09700323,0.02021463,720.71205362,3677.26728645,24944.69513176,25196.82482042,0.00047193,0.00048557,0.08385752,0.49764414,6.62377495,-12.00000000,PASSIVE_SELL
3863,99.93238826,99.92615406,0.00805669,0.02010181,-676.38344486,3656.88065861,26462.90862448,22513.93007797,0.00047210,0.00048578,-0.11043799,0.49764414,6.90032891,-13.00000000,PASSIVE_SELL
3864,99.91828708,99.91615891,0.00313435,0.02074518,-351.07223719,3668.89378535,28712.74258212,28368.24993102,0.00047247,0.00048573,0.00810741,0.49119607,7.09401677,-14.00000000,PASSIVE_SELL
3865,99.98283915,99.99089131,0.28845762,0.02041967,716.30090453,4115.21596653,22389.44706557,17572.12153569,0.00048106,0.00048721,0.07865325,0.49119607,7.48873801,-13.00000000,PASSIVE_BUY
3866,100.01666382,100.01797252,-0.06752708,0.02030822,470.57862848,4865.02378992,21532.55361491,28331.56094687,0.00047096,0.00048783,-0.03072741,0.50345948,7.46573611,-12.00000000,PASSIVE_BUY
3867,99.94970694,99.95017185,-0.01741544,0.02025609,-834.12946438,4278.92783513,23915.75754782,26180.88310114,0.00048055,0.00048911,-0.10078154,0.50391344,7.54310777,-11.00000000,PASSIVE_BUY
3868,99.95616343,99.95735884,-0.06828189,0.02037212,504.06591181,4566.67849008,24271.80118572,25732.42081165,0.00047788,0.00048844,0.07341336,0.50391344,7.54625720,-10.00000000,PASSIVE_BUY
3869,99.94064076,99.94136839,0.18163781,0.02066778,-345.41207403,3541.08556411,32298.41407065,26001.51429525,0.00046816,0.00048467,-0.02197915,0.50264906,7.57078331,-9.00000000,PASSIVE_BUY
3870,99.94917245,99.94152457,-0.23860151,0.02058217,320.13357680,3096.47553717,19523.30001357,29804.07071578,0.00046699,0.00048408,0.02405435,0.50264906,7.50428920,-10.00000000,PASSIVE_SELL
3871,99.89487094,99.89491382,-0.14792619,0.02045486,-445.94691291,1996.17136488,17933.80282918,28843.44948497,0.00047150,0.00048405,-0.06283319,0.50668926,8.04730426,-10.00000000,HOLD
3872,99.89490518,99.89490575,-0.09926087,0.02073121,-3.23183010,2693.67365245,29352.46728942,33168.22654026,0.00047150,0.00048401,0.05433575,0.50668926,8.04696185,-10.00000000,HOLD
3873,99.90362707,99.89711232,0.10005829,0.02036371,369.26433363,3170.09663260,24052.26181874,16189.80938021,0.00046789,0.00048285,0.00868764,0.51323557,7.96992487,-11.00000000,PASSIVE_SELL
3874,99.94283414,99.94624864,-0.03427929,0.02076185,674.48544814,3422.22103754,23362.85902373,27252.00998497,0.00043824,0.00048330,0.03048519,0.51323557,7.55898349,-10.00000000,PASSIVE_BUY
3875,99.97801630,99.97758319,-0.10935047,0.02004840,454.52963043,4608.63497000,22708.27515916,24366.28851690,0.00043556,0.00048323,-0.00402492,0.52955556,7.21718616,-11.00000000,PASSIVE_SELL
3876,99.98997558,99.98743475,0.08538805,0.02042044,493.41913191,5641.88536885,29739.04118316,22203.06886737,0.00043592,0.00048225,-0.02322287,0.52955556,7.09584426,-12.00000000,PASSIVE_SELL
3877,100.02834721,100.03746061,0.12873454,0.02004256,714.90386252,5975.15018656,27876.81976875,22832.49630807,0.00043915,0.00048214,0.02641235,0.54055645,7.47696261,-11.00000000,PASSIVE_BUY
3878,100.02091473,100.02767106,0.07371292,0.02054281,-518.96940954,4637.77665370,25875.19305767,22129.85097002,0.00043609,0.00048206,-0.04580412,0.54055645,7.49216524,-10.00000000,PASSIVE_BUY
3879,99.98903677,99.99000558,0.03156939,0.02001725,-630.80632618,4558.40138467,34664.88375703,34139.18928845,0.00040711,0.00048190,-0.02444547,0.52957256,7.53641685,-9.00000000,PASSIVE_BUY
3880,99.90077365,99.89464411,0.11035172,0.02057728,-529.41451937,3679.97784361,34693.05037654,20971.48186118,0.00042524,0.00048578,-0.05638516,0.52957256,8.34107359,-10.00000000,PASSIVE_SELL
3881,99.91441871,99.91189413,0.11548495,0.02065207,388.95815474,3676.26595750,23987.28903408,18325.88355860,0.00042558,0.00048368,0.10190819,0.52957256,8.21494898,-11.00000000,PASSIVE_SELL
3882,99.90123534,99.89856926,0.00094573,0.02077405,-493.91531214,2525.60731000,27197.00427236,25302.05453413,0.00042411,0.00047901,-0.02682844,0.54127919,8.37035313,-12.00000000,PASSIVE_SELL
3883,99.93743721,99.93376012,-0.30233806,0.02035525,563.44505527,3878.90828754,16775.92012743,26866.49541366,0.00039291,0.00047969,0.04938524,0.54185210,7.94610831,-13.00000000,PASSIVE_SELL
3884,99.97916487,99.98197393,-0.05587955,0.02026712,643.63817161,4033.27900582,23798.61635094,29923.13769202,0.00039302,0.00047487,0.00552579,0.54185210,7.49788333,-12.00000000,PASSIVE_BUY
3885,99.98376880,99.98675105,-0.24515005,0.02053381,294.64861279,4882.93159793,19718.26134611,31540.83195027,0.00038455,0.00047452,-0.03712372,0.54185210,7.50207948,-11.00000000,PASSIVE_BUY
3886,99.97480826,99.96952868,0.00438578,0.02044156,-513.45527919,4175.93369178,25927.99274594,20808.12138239,0.00038486,0.00047379,-0.01356448,0.52947089,7.61086628,-12.00000000,PASSIVE_SELL
3887,99.90216538,99.90153217,-0.08870982,0.02049859,-600.39203346,4363.24472110,24993.31225156,25855.86037027,0.00039191,0.00047652,-0.06368233,0.53996925,8.49283009,-13.00000000,PASSIVE_SELL
3888,99.92127358,99.93073118,-0.02206581,0.02118090,853.56867315,5962.81241781,30583.68850122,34999.10566534,0.00038921,0.00047660,0.09175107,0.53996925,7.54693649,-12.00000000,PASSIVE_BUY
3889,99.89446137,99.90327448,-0.10575228,0.02021568,-406.06183229,4879.58446889,24639.81037839,33687.12377654,0.00039140,0.00047469,-0.04592040,0.53996925,7.58916527,-11.00000000,PASSIVE_BUY
3890,99.94136492,99.93666400,0.01542132,0.02028229,197.71650967,4648.90628988,22955.78560947,19838.88644508,0.00039367,0.00047340,0.07371575,0.54258161,7.08336742,-12.00000000,PASSIVE_SELL
3891,99.91608781,99.91999083,-0.01547014,0.02004914,-320.88410764,4974.11659912,28128.61186917,35956.42414776,0.00038567,0.00047260,-0.07218065,0.54286745,7.57396760,-11.00000000,PASSIVE_BUY
3892,99.97377210,99.97636031,-0.03370382,0.02105114,506.81875466,5047.91541787,21229.81059447,23686.60225382,0.00038934,0.00047396,0.08296141,0.54286745,7.52179883,-10.00000000,PASSIVE_BUY
3893,100.00049370,99.99309466,-0.06185833,0.02019468,230.39455613,5103.16367259,24902.59839253,25438.16754689,0.00039071,0.00047426,-0.03096270,0.54286745,7.26468018,-11.00000000,PASSIVE_SELL
3894,99.90924360,99.90920132,-0.15709803,0.02052369,-254.38770817,5172.74301221,16850.81836453,24617.68917003,0.00041065,0.00047689,-0.11797170,0.52985844,8.26843133,-11.00000000,HOLD
3895,99.87284265,99.87860078,0.15386362,0.02063508,-356.12175207,4592.13305173,29236.03547931,24778.15551612,0.00041336,0.00047689,0.05484915,0.52985844,7.62890461,-10.00000000,PASSIVE_BUY
3896,99.86292659,99.86749066,0.20688108,0.02059864,-500.28381892,4490.60622519,29160.96642490,18800.93402961,0.00040545,0.00047527,0.02648490,0.54241799,7.64928398,-9.00000000,PASSIVE_BUY
3897,99.95007150,99.94984217,0.07702047,0.02026577,446.29133453,5729.11776686,23431.69221384,16662.32273590,0.00041705,0.00047776,0.09706097,0.54241799,6.87511267,-10.00000000,PASSIVE_SELL
3898,99.85280963,99.85358105,0.07538502,0.02041606,-704.45195084,5351.53787462,24017.73818994,21871.06076747,0.00044075,0.00048251,-0.18440679,0.53711134,7.67088899,-9.00000000,PASSIVE_BUY
3899,99.82834768,99.82402541,-0.07160328,0.02001993,-901.22193187,4017.57243000,31383.83715586,32110.79398545,0.00043666,0.00048236,0.07279993,0.53925937,7.90105644,-10.00000000,PASSIVE_SELL
3900,99.89174665,99.88938351,0.00001603,0.02022439,771.85031579,5205.13053038,27596.94195975,24211.03905368,0.00044100,0.00048451,0.08786091,0.53925937,7.27717893,-11.00000000,PASSIVE_SELL
3901,99.86531749,99.86276806,-0.21843500,0.02014988,-359.73946566,4617.70640520,20502.03710216,31198.31999060,0.00044301,0.00048457,-0.08982813,0.54114986,7.57797465,-12.00000000,PASSIVE_SELL
3902,99.85726726,99.86343394,0.35887095,0.02080426,-154.78536139,4022.69693265,34893.48817765,16952.75881138,0.00044272,0.00047825,0.01837893,0.54114986,7.65139130,-11.00000000,PASSIVE_BUY
3903,99.83784453,99.83544013,0.09849783,0.02005024,-463.39514108,3678.51896418,33495.16073419,25882.48018741,0.00043173,0.00047685,-0.01137250,0.54114986,7.87506649,-12.00000000,PASSIVE_SELL
3904,99.83851227,99.83881483,-0.16862251,0.02048353,469.15661205,3776.88346301,18155.40043919,28357.75308535,0.00043102,0.00047680,0.02009048,0.52934917,7.67183366,-11.00000000,PASSIVE_BUY
3905,99.95121360,99.94944993,-0.25606326,0.02024593,542.91074983,3882.67764550,20814.56060167,29601.37488165,0.00045756,0.00048345,0.11203358,0.52934917,6.44224207,-12.00000000,PASSIVE_SELL
3906,99.92648090,99.92297820,0.01559379,0.02022550,-628.49084775,2483.97746343,30683.10053186,30625.69727677,0.00045190,0.00048222,-0.13743401,0.51302297,6.74914712,-13.00000000,PASSIVE_SELL
3907,99.92488017,99.92954494,0.00699320,0.02026010,-344.81675234,1890.40556161,23228.28198404,28524.61540424,0.00045169,0.00048199,0.02313196,0.51302297,7.59502126,-12.00000000,PASSIVE_BUY
3908,99.87638885,99.88307010,-0.01359862,0.02019935,-405.14410435,1230.23828145,21857.95360841,28496.61471816,0.00045506,0.00048044,-0.04689059,0.52681322,7.65394635,-11.00000000,PASSIVE_BUY
3909,99.94015036,99.93767577,-0.11392332,0.02010674,317.13765916,632.44523365,25561.16761309,31176.02496497,0.00046333,0.00047849,0.11225283,0.51953481,6.96262309,-12.00000000,PASSIVE_SELL
3910,100.08073266,100.07456451,0.07798572,0.02069903,469.15256415,744.99884441,35219.89970817,26566.61493592,0.00049585,0.00048737,0.07682078,0.51953481,5.28598506,-13.00000000,PASSIVE_SELL
3911,100.13636028,100.14179709,-0.05736772,0.02084085,524.35524741,915.52283510,28741.26595128,31605.04458049,0.00050100,0.00048886,-0.08495468,0.51953481,7.40409376,-12.00000000,PASSIVE_BUY
3912,100.11263013,100.11035154,0.03403133,0.02018958,-343.38311882,-148.57233734,29037.79229354,29056.60349735,0.00048831,0.00048784,-0.07935776,0.50913500,7.69895029,-13.00000000,PASSIVE_SELL
3913,100.13082497,100.12752528,-0.23349047,0.02124860,475.08460202,1002.89570953,17911.62913748,29693.82453460,0.00048738,0.00048614,0.04192498,0.50913500,7.47304169,-14.00000000,PASSIVE_SELL
3914,100.03832660,100.03563621,-0.06578388,0.02080982,-551.66201609,802.30593063,22259.77273124,25398.75766500,0.00050520,0.00049051,-0.11069321,0.50794789,8.77842381,-15.00000000,PASSIVE_SELL
3915,100.00896599,100.00740009,0.20558989,0.02038740,-431.10331600,-345.09828990,25913.04109260,16729.41371399,0.00049915,0.00048945,0.06313776,0.50794789,9.22902666,-16.00000000,PASSIVE_SELL
3916,100.13275563,100.13444756,-0.00182325,0.02044339,725.86512335,-89.81179503,24665.86048341,24446.48286190,0.00052627,0.00049702,0.15315025,0.51141494,7.36848848,-15.00000000,PASSIVE_BUY
3917,100.13094817,100.12514833,0.01636417,0.02045596,-522.00954385,222.30812550,21966.19016336,21286.29791408,0.00051694,0.00049702,-0.12559709,0.51141494,7.40582826,-16.00000000,PASSIVE_SELL
3918,100.09299899,100.08832128,-0.17343045,0.02014785,-320.81959557,-602.57738189,18364.16387208,23964.76236725,0.00052017,0.00049573,-0.03614173,0.50312773,8.02308918,-17.00000000,PASSIVE_SELL
3919,100.07644917,100.07269821,0.11922438,0.02019328,-391.31731807,-648.48262592,30889.76213652,25218.06827735,0.00052024,0.00049563,0.02139936,0.50312773,8.31453279,-18.00000000,PASSIVE_SELL
3920,99.97678601,99.98417239,0.11719155,0.02011078,-164.87566900,-1133.49187172,23607.92429613,18855.72227742,0.00053951,0.00050040,-0.08311333,0.50312773,7.50463075,-17.00000000,PASSIVE_BUY
3921,99.97589724,99.97621872,-0.18824029,0.02012044,-688.11440242,-1375.65936124,16707.20552534,25996.68059694,0.00053379,0.00050039,0.09877438,0.50232072,7.51550247,-16.00000000,PASSIVE_BUY
3922,99.95598568,99.95798949,-0.11664125,0.02029275,-553.72411098,-1926.15164211,23362.78189193,31768.41350602,0.00053464,0.00049802,-0.01902279,0.50232072,7.54426805,-15.00000000,PASSIVE_BUY
3923,100.02628495,100.01767882,-0.08664364,0.02003189,106.29492754,-2189.12104821,32814.07719432,30639.48494333,0.00054325,0.00049921,0.09021084,0.50857359,6.49979489,-16.00000000,PASSIVE_SELL
3924,100.06555469,100.06313760,-0.07041749,0.02029443,396.82359723,-2466.78289912,22333.57080535,28150.72890450,0.00054325,0.00049696,-0.03102954,0.50857359,5.88162638,-17.00000000,PASSIVE_SELL
3925,100.04944835,100.04747199,-0.07957168,0.02121154,-251.76148936,-3173.07401890,17290.43805719,17209.17246125,0.00054181,0.00049698,-0.05537607,0.50857359,6.16603983,-18.00000000,PASSIVE_SELL
3926,100.11811053,100.11692549,-0.11326962,0.02022033,397.29817651,-3269.19497430,24190.94644106,33159.13699672,0.00054976,0.00049206,0.08476851,0.49697966,4.94023077,-19.00000000,PASSIVE_SELL
3927,100.11191645,100.11757824,0.16590044,0.02032153,-281.07752132,-4265.17635815,28843.74644014,25713.09570061,0.00054749,0.00049202,-0.07485626,0.49697966,7.38485986,-18.00000000,PASSIVE_BUY
3928,100.15396728,100.15483785,-0.11427069,0.02061151,426.07332227,-3320.13362633,21950.93937643,32432.64689261,0.00055021,0.00048072,0.04824491,0.50083582,7.35064997,-17.00000000,PASSIVE_BUY
3929,100.16426055,100.17145967,0.00651520,0.02012511,791.53000515,-1897.79729500,22875.84271901,25550.03070972,0.00054808,0.00048051,-0.03175756,0.50083582,7.35431048,-16.00000000,PASSIVE_BUY
3930,100.17580387,100.17094633,-0.12190680,0.02012578,130.58519832,-1237.79757731,21759.54930382,30456.00041368,0.00053222,0.00047991,0.00125005,0.50083582,7.17968029,-17.00000000,PASSIVE_SELL
3931,100.19584766,100.18815641,0.13559388,0.02011585,197.84664658,-1428.90908547,23351.68717388,14520.87264584,0.00053249,0.00047924,0.00850047,0.50262622,6.84899385,-18.00000000,PASSIVE_SELL
3932,100.23591562,100.23220275,-0.05393929,0.02025161,589.85537555,-345.13839778,25605.54964373,29679.51743945,0.00053394,0.00047943,0.02002417,0.50262622,6.13789641,-19.00000000,PASSIVE_SELL
3933,100.29366339,100.28813406,-0.04402762,0.02045860,400.67702626,-507.90642679,20303.03743654,20534.06091462,0.00053713,0.00047685,0.01767982,0.52030310,5.05091799,-20.00000000,PASSIVE_SELL
3934,100.35135390,100.35344472,-0.10384819,0.02082729,589.89612234,-561.64847606,23965.74429227,30950.02091468,0.00053961,0.00047832,-0.00005726,0.52030310,7.14695557,-19.00000000,PASSIVE_BUY
3935,100.39562245,100.39992918,0.12108489,0.02058683,467.51346828,-388.78362058,20781.27341471,14067.20880531,0.00054202,0.00047865,-0.01342196,0.52141595,7.11514456,-18.00000000,PASSIVE_BUY
3936,100.28644923,100.29059346,-0.04237425,0.02084171,-421.91908716,-297.24742855,21831.45283426,28398.88525890,0.00056585,0.00048064,-0.15344176,0.52141595,7.23257215,-17.00000000,PASSIVE_BUY
3937,100.29451662,100.29690481,0.07420050,0.02010410,614.03645224,917.18105716,27517.54384198,24047.00249799,0.00055451,0.00048054,0.11724060,0.52240532,7.24045767,-16.00000000,PASSIVE_BUY
3938,100.33488393,100.34288884,0.02862818,0.02021989,694.90682209,758.51920609,24744.62847158,26143.29939204,0.00055615,0.00048060,0.03229993,0.51560032,7.20933191,-15.00000000,PASSIVE_BUY
3939,100.37774176,100.36838568,-0.08749817,0.02052926,71.12663505,1235.70767343,28735.10858410,29612.88761329,0.00055590,0.00047789,0.00249051,0.51560032,6.57672920,-16.00000000,PASSIVE_SELL
3940,100.34647611,100.35382276,-0.18378735,0.02075806,-48.44077534,989.55038843,16969.94617932,29330.40775015,0.00055617,0.00047839,-0.07412346,0.51560032,7.19792454,-15.00000000,PASSIVE_BUY
3941,100.30832960,100.30638451,-0.15471593,0.02135541,-499.75031116,810.68418491,18212.15557328,25542.18241793,0.00055798,0.00047921,-0.00688088,0.50161088,7.78080003,-16.00000000,PASSIVE_SELL
3942,100.39428473,100.39035938,-0.07434397,0.02120498,413.08564209,716.95107234,26399.32672171,27574.54695445,0.00056431,0.00048184,0.12410165,0.50161088,6.41612039,-17.00000000,PASSIVE_SELL
3943,100.46873204,100.46979330,0.03858604,0.02034452,406.25652632,892.81304253,28640.85789788,22379.96037324,0.00057125,0.00048368,-0.01150782,0.50161088,7.07143232,-16.00000000,PASSIVE_BUY
3944,100.48313159,100.47740841,-0.17732670,0.02054280,317.45731862,1464.65806932,20712.10236446,21630.30275880,0.00055288,0.00048151,-0.06004776,0.49808500,6.85131095,-17.00000000,PASSIVE_SELL
3945,100.48421250,100.48691566,0.14076817,0.02030351,871.04177150,2691.82159289,27074.95935668,21263.92056601,0.00054886,0.00047987,-0.01331863,0.49815869,7.05830903,-16.00000000,PASSIVE_BUY
3946,100.58111198,100.58001532,0.06558571,0.02025644,443.41362231,3635.51903412,29365.67479705,26247.67022127,0.00056035,0.00048190,0.09581856,0.49815869,5.51804563,-17.00000000,PASSIVE_SELL
3947,100.59724462,100.59539227,0.06487914,0.02042591,521.69288817,3710.92058776,22625.72581282,19956.70227244,0.00055060,0.00048038,-0.08076683,0.51139775,5.25400365,-18.00000000,PASSIVE_SELL
3948,100.47731660,100.47913740,-0.15120216,0.02000538,-495.29319766,3920.07934094,22989.20903393,34930.18059581,0.00056016,0.00048806,-0.13606066,0.51139775,7.07135913,-17.00000000,PASSIVE_BUY
3949,100.54461509,100.54053468,-0.15318345,0.02007365,340.49752545,5161.79879825,17985.96797513,27190.90628783,0.00056272,0.00048730,0.18722651,0.50983079,5.93732167,-18.00000000,PASSIVE_SELL
3950,100.52661697,100.53102411,0.05673020,0.02020880,-197.16192265,4192.78655981,27881.09530578,25463.24423607,0.00056002,0.00048739,-0.08529661,0.50983079,7.02528354,-17.00000000,PASSIVE_BUY
3951,100.49282338,100.48887058,-0.11378503,0.02031651,-534.44433574,4018.08168974,19285.79746189,26775.60881266,0.00056111,0.00048743,-0.01579546,0.50983079,7.60993273,-18.00000000,PASSIVE_SELL
3952,100.59384328,100.59504509,0.08571233,0.02037892,492.68961002,4665.55666114,28331.09603836,22835.65581104,0.00057358,0.00049085,0.13481348,0.49938342,6.95594451,-17.00000000,PASSIVE_BUY
3953,100.58579458,100.58473057,0.10620465,0.02041340,-462.44782250,4666.50397972,23557.30875575,19087.02706444,0.00057244,0.00048935,-0.10906860,0.49938342,7.10297917,-18.00000000,PASSIVE_SELL
3954,100.60032037,100.59098110,-0.18800332,0.02004655,313.38462283,4510.73199051,18792.10830322,23961.61631448,0.00057208,0.00048697,0.02257449,0.49858126,6.85153829,-19.00000000,PASSIVE_SELL
3955,100.59009529,100.59731677,-0.08692538,0.02027803,-91.43760907,3876.38363161,19548.64786641,28960.97765064,0.00055578,0.00048700,-0.02475086,0.49858126,6.95241522,-18.00000000,PASSIVE_BUY
3956,100.61298035,100.62200587,0.25697114,0.02057899,407.69579147,4912.57027083,30823.96482186,18815.09871179,0.00055335,0.00048685,0.03311013,0.50061257,6.93726148,-17.00000000,PASSIVE_BUY
3957,100.62227396,100.62139180,-0.10317343,0.02042889,381.34241413,5638.72943730,20390.62296843,24544.75178881,0.00055296,0.00048681,-0.01359145,0.50061257,6.78948457,-18.00000000,PASSIVE_SELL
3958,100.66959597,100.66872568,-0.00464789,0.02026305,778.92901335,6822.80255499,27403.08776565,32013.52959395,0.00054753,0.00048772,0.03802840,0.50499229,5.94781996,-19.00000000,PASSIVE_SELL
3959,100.65145446,100.64754780,0.03918828,0.02064303,-802.09730765,5703.56758819,24715.46717187,16313.41938000,0.00054516,0.00048782,-0.06546351,0.48665483,6.30283011,-20.00000000,PASSIVE_SELL
3960,100.73508040,100.73765688,-0.25453074,0.02072785,584.03536130,5818.45038534,18416.90765452,31561.84737713,0.00052403,0.00048951,0.10176745,0.48665483,6.80153864,-19.00000000,PASSIVE_BUY
3961,100.69751744,100.70612381,-0.05066532,0.02096238,-161.05901948,5133.03611845,20281.74833414,24343.90677021,0.00052508,0.00049031,-0.12118891,0.48665483,6.84747207,-18.00000000,PASSIVE_BUY
3962,100.72931819,100.73304452,-0.00082431,0.02083870,322.61430365,5799.03354092,29792.48808881,27691.76083391,0.00052344,0.00049052,0.06936372,0.47211149,6.82714194,-17.00000000,PASSIVE_BUY
3963,100.73275128,100.73203447,0.14424050,0.02016445,375.08292762,5699.03186652,26388.31852462,16865.18829239,0.00052352,0.00049019,-0.02836767,0.47211149,6.77886166,-18.00000000,PASSIVE_SELL
3964,100.85470480,100.84807360,-0.00607672,0.02028110,351.50616567,6602.20004827,28861.43056412,26604.14266635,0.00052365,0.00049672,0.11852043,0.46838778,4.59383883,-19.00000000,PASSIVE_SELL
3965,100.91567502,100.91481602,-0.03860737,0.02000962,549.03287300,7582.33623728,27365.08656693,30875.98145647,0.00052310,0.00049707,-0.06098330,0.46838778,3.44540953,-20.00000000,PASSIVE_SELL
3966,100.91963732,100.91146916,-0.04296517,0.02086934,243.68805585,7100.15916977,21629.41455543,26222.34275987,0.00050113,0.00049670,-0.05700792,0.46736339,3.37659819,-21.00000000,PASSIVE_SELL
3967,100.95097535,100.94489827,-0.11260790,0.02066671,425.21453554,8047.38324917,26582.49351759,30264.74573371,0.00050095,0.00049552,0.02737573,0.46736339,2.72883301,-22.00000000,PASSIVE_SELL
3968,100.99688216,100.99599481,0.08484426,0.02021834,384.60048449,8752.80332923,25836.46250832,22063.16662594,0.00049648,0.00049622,0.01456879,0.46736339,1.72899232,-23.00000000,PASSIVE_SELL
3969,101.00713121,101.00645291,-0.04775755,0.02028616,571.46742106,9715.58806837,25872.45663734,27790.80624081,0.00049417,0.00049611,-0.03565776,0.47969442,1.50340730,-24.00000000,PASSIVE_SELL
3970,100.97701917,100.97015708,0.01547959,0.02042997,-801.74763093,9078.71610643,29333.28991904,25382.83471230,0.00046986,0.00049596,-0.04036108,0.46536773,2.23631117,-25.00000000,PASSIVE_SELL
3971,100.93737741,100.93636915,0.07297524,0.02090145,-324.74165242,9442.08885644,26781.69823718,23451.82338473,0.00047628,0.00049697,-0.00952972,0.46536773,3.23780583,-26.00000000,PASSIVE_SELL
3972,100.95684328,100.95926639,-0.09920146,0.02044050,494.27012561,10490.08309302,19805.05951381,23961.41713828,0.00047300,0.00049397,0.05910762,0.46536773,6.59465497,-25.00000000,PASSIVE_BUY
3973,100.97797931,100.98077090,0.05810917,0.02010388,285.60363424,10669.39179972,32196.55769856,29082.20170892,0.00046750,0.00049312,0.00167017,0.46179619,6.58761039,-24.00000000,PASSIVE_BUY
3974,101.00825870,101.01344289,0.02499008,0.02002933,299.23627256,10571.80447506,26859.61436252,28391.21459347,0.00046688,0.00049284,0.00914336,0.46179619,6.56820295,-23.00000000,PASSIVE_BUY
3975,101.03935579,101.04367708,0.10882874,0.02076684,424.56294816,11248.12891257,34773.78174577,29591.61418691,0.00046449,0.00049239,0.00081769,0.46179619,6.53937667,-22.00000000,PASSIVE_BUY
3976,101.07117012,101.07282104,0.07357490,0.02016708,574.00575032,11424.83648638,25706.74126055,25908.92970192,0.00045955,0.00049265,0.00071725,0.47137207,6.52394330,-21.00000000,PASSIVE_BUY
3977,101.12208500,101.12660266,-0.07226270,0.02051685,628.54988294,12334.46389065,23370.79059978,29073.03429357,0.00046018,0.00049338,0.01910054,0.48593158,6.47978918,-20.00000000,PASSIVE_BUY
3978,101.25422480,101.25403697,0.00267275,0.02049339,278.66026846,12187.05083683,30837.73141623,32517.85942723,0.00048468,0.00049862,0.08122492,0.48593158,3.84723994,-21.00000000,PASSIVE_SELL
3979,101.34739787,101.34979756,-0.01061293,0.02016050,452.85126737,11848.37209906,24547.72629392,24377.46806999,0.00049418,0.00050174,-0.03896673,0.48593158,6.26513041,-20.00000000,PASSIVE_BUY
3980,101.32853701,101.33031034,0.14391957,0.02032077,-620.23782969,11097.54907105,29836.32496835,22204.89837902,0.00049743,0.00050205,-0.11203393,0.47312585,6.29262916,-19.00000000,PASSIVE_BUY
3981,101.29012783,101.28892607,0.07422765,0.02028073,-928.90611863,9970.79630583,33420.92364390,28687.40650529,0.00050466,0.00050248,-0.01954832,0.46592912,7.03254390,-20.00000000,PASSIVE_SELL
3982,101.27859658,101.28185578,0.10701290,0.02032989,-550.85398956,8830.08694072,29934.42089244,26251.33368839,0.00050606,0.00050259,0.02687792,0.46243930,6.34158201,-19.00000000,PASSIVE_BUY
3983,101.28535365,101.27988764,0.00046536,0.02043051,336.92634977,8766.33626424,30902.48289676,26494.44115139,0.00050365,0.00050071,0.01828833,0.46243930,6.22341290,-20.00000000,PASSIVE_SELL
3984,101.34758590,101.34520589,0.03736830,0.02050803,785.82331871,8962.26346061,23752.49969410,19843.45742009,0.00050427,0.00050169,0.05547518,0.47363569,4.98902194,-21.00000000,PASSIVE_SELL
3985,101.35950248,101.35939134,0.04099457,0.02042315,891.63339230,9386.38338463,29645.91485353,23601.34261973,0.00050318,0.00050141,-0.05031567,0.48118196,4.74898541,-22.00000000,PASSIVE_SELL
3986,101.31657977,101.31392407,-0.13928649,0.02002724,-858.62285475,8949.67961704,19823.99539104,25158.45378800,0.00047733,0.00049855,-0.05483929,0.48118196,5.70329869,-23.00000000,PASSIVE_SELL
3987,101.34282581,101.34574802,-0.28922261,0.02044411,671.72955789,9007.37272268,18111.21392632,34586.04087322,0.00047706,0.00049790,0.06916876,0.47951510,6.25765819,-22.00000000,PASSIVE_BUY
3988,101.35396262,101.35398361,-0.16685809,0.02078055,484.40752398,8796.87342457,12860.09343458,18183.84162908,0.00047643,0.00049752,-0.01510924,0.49050878,6.01264846,-22.00000000,HOLD
3989,101.43719952,101.43706900,-0.02629003,0.02064607,664.15635929,9389.90314881,27335.04059341,28200.83747732,0.00048329,0.00049957,0.07210009,0.49050878,4.19175968,-23.00000000,PASSIVE_SELL
3990,101.50148056,101.50303204,0.00054701,0.02047761,567.02449243,10005.36841658,29890.55091131,28936.58778502,0.00048100,0.00049981,-0.01895586,0.49549048,6.10364821,-22.00000000,PASSIVE_BUY
3991,101.53075517,101.52850221,0.09209231,0.02038779,429.08025973,10934.19898747,29689.20277674,23149.97940604,0.00047311,0.00050000,-0.03500643,0.49549048,5.46980063,-23.00000000,PASSIVE_SELL
3992,101.56837259,101.56676629,0.03555056,0.02037328,632.50902037,11153.62236574,22760.37209155,20233.04408560,0.00046532,0.00049431,0.00834280,0.50836063,4.61478669,-24.00000000,PASSIVE_SELL
3993,101.61348864,101.61884083,0.16128720,0.02015253,547.52736177,11294.89320119,22098.85611849,20238.92330457,0.00046066,0.00048688,0.00749863,0.50836063,5.99068660,-23.00000000,PASSIVE_BUY
3994,101.64580923,101.64576917,-0.02651151,0.02043583,562.25592650,11539.69180907,28570.18235533,27151.17614145,0.00046068,0.00048616,-0.01279546,0.52316437,5.24731305,-23.00000000,HOLD
3995,101.64847734,101.64904849,-0.07434278,0.02043248,878.71374347,11547.36378105,23724.83638927,31034.68569306,0.00046053,0.00048605,-0.02965248,0.54028245,5.96283470,-22.00000000,PASSIVE_BUY
3996,101.70363938,101.69897382,-0.04399206,0.02000623,418.75503522,11522.70519395,18605.78693617,19976.95700947,0.00045079,0.00048614,0.05249393,0.54028245,4.75927284,-23.00000000,PASSIVE_SELL
3997,101.68814890,101.68688523,0.03733854,0.02112061,-142.28019778,10858.73210801,22609.88902109,23003.05868230,0.00045376,0.00048588,-0.07065253,0.54028245,5.12611431,-24.00000000,PASSIVE_SELL
3998,101.64373195,101.64602358,-0.11301852,0.02009316,-134.89728564,11219.12802002,26900.08777571,31158.60758071,0.00041774,0.00048552,-0.02892646,0.54028245,5.96675591,-23.00000000,PASSIVE_BUY
3999,101.62476007,101.62281827,0.17607322,0.02093004,-268.72955426,10609.90094031,28296.55176136,18590.75040108,0.00041695,0.00048590,0.02544507,0.52566475,6.41357410,-24.00000000,PASSIVE_SELL
4000,101.61556972,101.61199491,-0.02542971,0.02039896,-459.92471190,10347.13815106,23852.27703333,24389.48949280,0.00041546,0.00048398,0.00978153,0.52566475,6.64434203,-25.00000000,PASSIVE_SELL
4001,101.59636388,101.59399945,-0.00691436,0.02027513,-605.53270399,10276.04978281,32272.19010185,28898.49818818,0.00041205,0.00048437,-0.01001549,0.54237194,7.13462553,-26.00000000,PASSIVE_SELL
4002,101.56881522,101.56843360,0.08387207,0.02034393,-630.40036280,9152.95980999,31259.37697295,26942.61624600,0.00040195,0.00048478,-0.00834283,0.54992651,7.86106279,-27.00000000,PASSIVE_SELL
4003,101.54094201,101.53510429,-0.04448605,0.02039409,-746.53261710,8868.87501540,23827.92568388,24255.66738649,0.00040550,0.00048533,-0.00032454,0.54992651,8.62383644,-28.00000000,PASSIVE_SELL
4004,101.52683580,101.53291477,0.00188024,0.02006818,-164.87524202,8390.61515054,21991.34379616,23173.25850944,0.00040805,0.00048558,0.01376700,0.54992651,6.03769026,-27.00000000,PASSIVE_BUY
4005,101.57545101,101.56727870,-0.02171457,0.02000108,95.31329031,8577.36604992,26880.57279830,24914.62330983,0.00040803,0.00048519,0.06272142,0.54825020,4.73508020,-28.00000000,PASSIVE_SELL
4006,101.56166493,101.55817804,-0.13676081,0.02026662,-369.14887866,7800.52137979,18147.64045791,24506.70706140,0.00041061,0.00048494,-0.06240128,0.54825020,5.13122361,-29.00000000,PASSIVE_SELL
4007,101.51479647,101.51163169,0.15248575,0.02032684,-299.02773103,7120.15123463,27302.90586853,18082.29761110,0.00042039,0.00048569,-0.03308239,0.56051980,6.50057254,-30.00000000,PASSIVE_SELL
4008,101.52761950,101.51907077,-0.35406955,0.02002403,149.91422273,6491.13644401,17430.86174444,30794.74378894,0.00041834,0.00048053,0.05969150,0.56051980,6.12589344,-31.00000000,PASSIVE_SELL
4009,101.50796067,101.50188952,-0.26909266,0.02041188,-271.22047556,7022.01327610,23459.31329699,36845.22878180,0.00041857,0.00047842,-0.03248187,0.56051980,6.74552320,-32.00000000,PASSIVE_SELL
4010,101.48097676,101.47885832,0.01072114,0.02038217,-215.30388715,6222.67402766,29923.59761012,28911.82073114,0.00041203,0.00047904,-0.00732508,0.56051980,7.61919950,-33.00000000,PASSIVE_SELL
4011,101.48495876,101.48622322,0.05059969,0.02065320,623.97309971,7007.70614685,31515.71065343,28968.03707247,0.00040561,0.00047856,0.03096591,0.56198128,6.02421886,-32.00000000,PASSIVE_BUY
4012,101.43547415,101.44126261,-0.00739278,0.02031967,-516.89344390,6168.19839929,23135.90081391,24027.52518245,0.00041477,0.00047995,-0.05346660,0.56198128,6.08903309,-31.00000000,PASSIVE_BUY
4013,101.38874501,101.38443612,0.13203026,0.02032032,-561.58951794,5231.52595373,29453.91407079,20209.41763556,0.00042299,0.00048103,0.00275547,0.55711329,7.54779657,-32.00000000,PASSIVE_SELL
4014,101.40065003,101.40605139,-0.13654771,0.02015370,829.06577664,5709.08556471,17128.31730097,31588.39678025,0.00039385,0.00048097,0.05863415,0.55711329,6.12552148,-31.00000000,PASSIVE_BUY
4015,101.39470462,101.39737018,0.08039128,0.02021636,-705.51768917,4454.53500253,25258.35163915,24168.72645922,0.00038803,0.00048106,-0.01785042,0.55862597,6.14063522,-30.00000000,PASSIVE_BUY
4016,101.38446174,101.38291238,0.12892422,0.02007447,-888.91113740,3321.93580928,24727.08371379,16846.41662855,0.00038893,0.00047772,-0.00429747,0.56600699,6.45795874,-31.00000000,PASSIVE_SELL
4017,101.39594747,101.40116063,0.04674110,0.02013682,684.15564222,3580.87691596,22869.39918376,24567.54100845,0.00038769,0.00047750,0.02172861,0.56600699,6.14086514,-30.00000000,PASSIVE_BUY
4018,101.31631256,101.32498977,0.09572590,0.02029966,-313.58400373,2882.69242774,36269.30695406,29038.22593883,0.00040282,0.00048088,-0.09112065,0.56747315,6.22828869,-29.00000000,PASSIVE_BUY
4019,101.35937739,101.35940844,-0.22244048,0.02027976,418.12552893,2729.35053560,18715.53812000,31504.92091903,0.00040597,0.00047947,0.12269975,0.56747315,4.97940855,-29.00000000,HOLD
4020,101.40488898,101.40370197,0.19272309,0.02036220,653.96845875,4185.06662528,25165.99866705,19291.79108328,0.00040591,0.00048005,0.00244676,0.57888607,3.66975357,-30.00000000,PASSIVE_SELL
4021,101.43675584,101.43516965,-0.10343391,0.02047695,676.87822786,5186.68650556,18696.36824432,28985.13422803,0.00040132,0.00048021,-0.01364472,0.59249324,2.71374765,0.00000000,ABORT
4022,101.40471144,101.41414815,0.04017427,0.02051894,-354.43989054,4337.97648941,25152.37532105,27081.73526429,0.00040524,0.00048092,-0.06391126,0.59249324,2.71374765,0.00000000,ABORT
4023,101.47952412,101.47698184,0.09760676,0.02034149,158.39946107,4210.77231624,35112.30833541,26258.85178450,0.00041502,0.00048184,0.10685708,0.57895377,2.72391840,-1.00000000,PASSIVE_SELL
4024,101.59788054,101.59369322,-0.05890227,0.02015436,387.86182809,4299.39787177,22006.28600375,21317.28821623,0.00044032,0.00048133,0.04354374,0.57895377,2.61563916,-2.00000000,PASSIVE_SELL
4025,101.60397898,101.60691959,-0.04312979,0.02075114,579.82473519,4454.65965881,25084.31699380,24311.20336790,0.00043953,0.00047944,-0.11225798,0.58847253,2.60344228,0.00000000,ABORT
4026,101.60532810,101.60720160,-0.00917227,0.02051439,575.38650110,4456.04040959,25282.14916969,28490.07144968,0.00043877,0.00047940,-0.00474933,0.58847253,2.60344228,0.00000000,ABORT
4027,101.64066292,101.64103206,-0.06933597,0.02031357,605.71559249,4433.20611914,21103.98045387,25574.27485452,0.00043647,0.00047977,0.03398571,0.60521332,2.60344228,0.00000000,ABORT
4028,101.62128021,101.62884803,0.33491919,0.02027924,-361.17044630,3793.37540439,32197.49500434,18621.07746188,0.00040294,0.00047972,-0.05471753,0.60521332,2.60344228,0.00000000,ABORT
4029,101.66445709,101.67111700,0.26073866,0.02075580,503.18960500,3843.71374202,36130.62854636,22161.40239367,0.00038779,0.00047236,0.06255958,0.60353232,2.60344228,0.00000000,ABORT
4030,101.56271251,101.56484237,0.10814147,0.02020511,-694.76749812,3769.18407358,25341.20132578,18815.71341560,0.00041414,0.00047851,-0.14492145,0.59624102,2.60344228,0.00000000,ABORT
4031,101.55058322,101.54768219,-0.02815803,0.02019043,-751.87654051,3946.21365170,25693.98089090,24760.99609208,0.00041039,0.00047872,0.08961530,0.59624102,2.60344228,0.00000000,ABORT
4032,101.56446688,101.56483683,-0.11859601,0.02107559,720.23262627,5217.30026753,20079.03420976,23000.17790978,0.00040987,0.00047857,0.02601295,0.57896294,2.61398008,1.00000000,PASSIVE_BUY
4033,101.51913003,101.52495112,-0.11041377,0.02006715,-432.20968000,4448.16423776,23140.73330179,31368.25690070,0.00041586,0.00047150,-0.05922052,0.57896294,2.57867680,2.00000000,PASSIVE_BUY
4034,101.50992870,101.51294136,0.22938740,0.02049987,-440.66537763,3221.67554142,25454.74933833,16452.91132712,0.00040824,0.00047107,0.03613552,0.57300523,2.57052407,3.00000000,PASSIVE_BUY
4035,101.54197468,101.54546771,-0.11955364,0.02143981,464.27053080,2794.31267992,24653.01282259,30691.37166271,0.00041001,0.00046919,0.04124731,0.57300523,2.67738192,4.00000000,PASSIVE_BUY
4036,101.57138624,101.57340373,0.15062168,0.02002014,354.55109467,4007.48662934,27646.60504348,22629.20954011,0.00040616,0.00046938,-0.00263442,0.57300523,2.80503824,5.00000000,PASSIVE_BUY
4037,101.61899048,101.61428303,-0.00121863,0.02000921,237.54748261,3573.30455407,28019.81985160,27714.84092094,0.00040936,0.00046825,0.01819268,0.58475043,3.04305945,0.00000000,ABORT
4038,101.57210145,101.57553670,0.11338991,0.02018422,-307.19931662,2781.69771347,18807.49029286,17266.89885896,0.00041559,0.00046886,-0.09449328,0.58475043,3.04305945,0.00000000,ABORT
4039,101.52328047,101.51923610,0.06878254,0.02016783,-746.87537185,1370.66598233,24169.54537666,24800.76639732,0.00040672,0.00047054,-0.00193195,0.58606520,3.04305945,0.00000000,ABORT
4040,101.43026539,101.42503239,0.08255427,0.02074278,-488.95124741,314.69024249,28082.71993450,18861.30344135,0.00041748,0.00047543,-0.04419410,0.58606520,3.04305945,0.00000000,ABORT
4041,101.45271368,101.45299254,0.14563699,0.02027666,482.87023464,368.48021741,31050.42484018,21277.35327660,0.00041661,0.00047310,0.11546337,0.58981924,3.04305945,0.00000000,ABORT
4042,101.39891774,101.39650576,0.01954940,0.02094154,-304.72556378,-568.75436673,24177.57877458,25528.40367912,0.00041901,0.00047445,-0.07624422,0.58981924,3.04305945,0.00000000,ABORT
4043,101.42581028,101.43062160,0.08406594,0.02067433,537.93787707,-578.34385143,20601.78195352,22112.26495978,0.00041566,0.00047462,0.08068848,0.58981924,3.04305945,0.00000000,ABORT
4044,101.41477712,101.42059228,-0.00625699,0.02055934,-440.92976478,-1581.52954271,29855.27397671,30597.02378988,0.00041266,0.00047414,-0.03792570,0.57748998,3.05333912,1.00000000,PASSIVE_BUY
4045,101.33187615,101.33021421,0.22091784,0.02057334,-393.00275195,-2853.24603813,30725.02601904,19239.58027762,0.00042641,0.00047827,-0.07186780,0.57748998,2.98072483,0.00000000,PASSIVE_SELL
4046,101.34571467,101.34536618,-0.13370990,0.02110767,453.93890110,-2818.06217225,25473.85241454,33734.85883629,0.00041861,0.00047614,0.09673948,0.56807800,2.99127866,-1.00000000,PASSIVE_SELL
4047,101.43270310,101.43512160,-0.16107757,0.02002252,514.22958690,-2161.55238757,17255.47507254,26305.72847029,0.00043810,0.00047789,0.07314992,0.56807800,2.91430149,0.00000000,PASSIVE_BUY
4048,101.47798150,101.47055178,-0.25744140,0.02009797,133.91695215,-1892.73814978,16111.62058071,24617.71244515,0.00043996,0.00047844,-0.04171003,0.56807800,2.92435047,-1.00000000,PASSIVE_SELL
4049,101.44110582,101.44218978,0.00187079,0.02051133,-417.10135288,-2041.10994839,30882.85297353,29388.34296381,0.00044189,0.00047849,-0.08215409,0.54884909,2.97148182,0.00000000,PASSIVE_BUY
4050,101.42846637,101.42477691,0.08720030,0.02015434,-934.32436367,-2515.50960016,28373.08208646,19271.01382450,0.00044200,0.00047750,0.02423623,0.55807432,2.98155899,-1.00000000,PASSIVE_SELL
4051,101.40706003,101.40925844,0.07143451,0.02079795,-478.77292063,-2388.74981680,25429.86447653,23333.38408357,0.00044216,0.00047794,-0.00876688,0.56732920,3.01336430,0.00000000,PASSIVE_BUY
4052,101.42296257,101.42590743,-0.07248305,0.02069153,559.72304900,-1198.62640499,28777.74980360,32963.55948884,0.00044169,0.00047791,0.03730888,0.56732920,3.02371007,1.00000000,PASSIVE_BUY
4053,101.32275209,101.32822037,0.09383808,0.02019809,-381.88000652,-833.97379442,29670.35590980,25725.85983966,0.00046055,0.00048072,-0.11611302,0.56732920,2.93359863,2.00000000,PASSIVE_BUY
4054,101.34606391,101.35159788,0.05024909,0.02051570,361.99835660,-307.10019580,32999.75495029,34069.66009434,0.00046191,0.00048075,0.12352230,0.57416909,2.99048012,3.00000000,PASSIVE_BUY
4055,101.37018956,101.37154557,0.28431326,0.02036708,469.52986974,67.11638364,29240.45670828,15372.95829543,0.00045776,0.00048087,0.00081383,0.57416909,3.07304061,4.00000000,PASSIVE_BUY
4056,101.34326026,101.35211815,-0.10106268,0.02057326,-416.01521411,20.25004818,19571.34081341,30088.76659579,0.00045866,0.00047993,-0.05105495,0.57517261,2.97561003,5.00000000,PASSIVE_BUY
4057,101.37498037,101.37721169,0.32581366,0.02143477,459.07735185,778.35513106,32823.44123540,15078.54404942,0.00045734,0.00048019,0.05864941,0.57208643,3.14492795,6.00000000,PASSIVE_BUY
4058,101.34793855,101.34685899,-0.12117751,0.02006907,-911.60781094,-283.16690260,20398.22700596,26500.94879782,0.00045800,0.00048043,-0.05876193,0.57208643,2.96811162,5.00000000,PASSIVE_SELL
4059,101.39480668,101.40244474,0.16030416,0.02004588,973.59029815,961.64387111,29311.95105914,26623.64202149,0.00046266,0.00048119,0.07390996,0.57564752,3.21247524,6.00000000,PASSIVE_BUY
4060,101.35726444,101.35955707,-0.00505250,0.02019695,-624.97366035,551.97409790,21789.80397886,25928.07786043,0.00046398,0.00048081,-0.08441038,0.57564752,2.99732024,7.00000000,PASSIVE_BUY
4061,101.37482518,101.37548500,0.03302631,0.02028184,503.72709962,431.72809781,27635.81651972,25909.30648500,0.00046473,0.00048085,0.05510299,0.57376963,3.13038639,8.00000000,PASSIVE_BUY
4062,101.38208516,101.38415588,0.17963148,0.02045955,792.71202830,1741.33357002,27059.44993710,17979.20053776,0.00046009,0.00047743,-0.01030077,0.57074165,3.19869596,9.00000000,PASSIVE_BUY
4063,101.35258722,101.35420312,-0.22140195,0.02039417,-623.55496258,1679.36812537,14482.75335040,24914.79936659,0.00045737,0.00047767,-0.03675791,0.57074165,2.94341164,10.00000000,PASSIVE_BUY
4064,101.39705113,101.40036398,0.24751656,0.02008068,193.59061250,1043.89296123,29072.22774270,19341.44539942,0.00046131,0.00047813,0.07396184,0.57074165,3.39809109,11.00000000,PASSIVE_BUY
4065,101.40645292,101.39691523,-0.08018648,0.02033641,33.65930050,1783.06995090,23634.53580770,22347.79936380,0.00046142,0.00047641,-0.03506212,0.55740842,2.97070011,10.00000000,PASSIVE_SELL
4066,101.36980301,101.36772682,0.09987630,0.02030815,-507.76203212,2164.21905618,27694.32700829,18797.96054629,0.00046402,0.00047700,-0.04605170,0.55740842,2.94433146,9.00000000,PASSIVE_SELL
4067,101.38270147,101.39009999,-0.03400375,0.02070833,848.27674015,2328.34015411,27801.83618589,32349.52432223,0.00046409,0.00047415,0.04954838,0.54268927,3.07077176,10.00000000,PASSIVE_BUY
4068,101.30418124,101.30737265,0.06725317,0.02071096,-610.03560566,2031.88855218,23699.25837620,23616.81724736,0.00046373,0.00047789,-0.09141869,0.55704949,2.29592494,11.00000000,PASSIVE_BUY
4069,101.20037830,101.19957897,-0.27064975,0.02114448,-921.72546638,692.03755687,16682.08069880,32719.51801795,0.00048112,0.00048381,-0.02528270,0.55704949,2.76951112,10.00000000,PASSIVE_SELL
4070,101.25604078,101.25669119,-0.12832754,0.02008058,825.70016865,863.76926678,22401.43153725,24597.00248676,0.00048333,0.00048503,0.15946541,0.55590125,3.33617621,11.00000000,PASSIVE_BUY
4071,101.27819848,101.27090656,0.04437921,0.02022159,416.35408855,603.24512747,34549.39211027,26337.88888244,0.00048216,0.00048323,-0.03350478,0.54431480,2.84829795,10.00000000,PASSIVE_SELL
4072,101.27422311,101.27740859,-0.21041370,0.02017950,-151.17598413,806.50903388,19610.56516741,30334.58320647,0.00048045,0.00048326,-0.02613307,0.54431480,2.81863401,11.00000000,PASSIVE_BUY
4073,101.20348775,101.20771547,0.03259572,0.02005120,-192.95454951,455.15502330,24419.20693001,24329.80392610,0.00047688,0.00048628,-0.06675999,0.54431480,2.05057063,12.00000000,PASSIVE_BUY
4074,101.21332300,101.21065706,0.15669721,0.02090148,156.36261603,223.65581124,29674.91453611,19173.13050769,0.00044457,0.00048573,0.08057061,0.54431480,2.77983079,11.00000000,PASSIVE_SELL
4075,101.17539920,101.16986930,-0.08206967,0.02047048,-600.78960545,-956.95852941,25067.84581552,28075.81013644,0.00044607,0.00048627,-0.04775904,0.53316379,2.75429722,10.00000000,PASSIVE_SELL
4076,101.15272750,101.15268824,0.03058928,0.02026391,-581.74241867,-2114.08744919,25626.62516735,27040.49301950,0.00044627,0.00048667,0.01525209,0.54820355,2.52758018,10.00000000,HOLD
4077,101.19378088,101.19760770,0.12594562,0.02057212,645.05054287,-2074.75249881,31803.73930330,26030.33160657,0.00044748,0.00048674,0.06372508,0.54820355,2.94840002,11.00000000,PASSIVE_BUY
4078,101.11183202,101.10834697,0.09526414,0.02002880,-531.84066101,-2245.42271352,26523.11238437,19030.05715936,0.00045859,0.00049049,-0.12300223,0.54527638,2.69291211,10.00000000,PASSIVE_SELL
4079,101.17300792,101.16846354,0.01326023,0.02005693,436.19692347,-2312.41539505,18884.43737980,19713.01710686,0.00046338,0.00049131,0.14312475,0.54527638,2.76398991,9.00000000,PASSIVE_SELL
4080,101.17633518,101.17424120,0.08794942,0.02018180,574.99156671,-1042.65633022,31508.67556738,25387.91254449,0.00044528,0.00048675,-0.05784864,0.54540770,2.77690859,8.00000000,PASSIVE_SELL
4081,101.23683704,101.23830727,0.01065916,0.02019291,909.51526247,618.73547276,27746.42744518,31194.51219654,0.00045510,0.00048819,0.05717460,0.54465585,3.27101993,9.00000000,PASSIVE_BUY
4082,101.26630626,101.25951188,-0.03482834,0.02045100,421.08152986,319.58437635,26172.87109612,24000.59412870,0.00045696,0.00048824,-0.03103264,0.54465585,2.86145806,8.00000000,PASSIVE_SELL
4083,101.33445920,101.33471574,0.01011225,0.02012284,318.23179949,1070.02585584,28534.97795284,26049.21782260,0.00046476,0.00048967,0.03868371,0.54465585,3.41674301,9.00000000,PASSIVE_BUY
4084,101.35224884,101.34643683,0.11428646,0.02018740,121.71030910,1632.40154257,36662.92208856,25744.68357509,0.00046564,0.00048910,-0.05036330,0.54465585,2.94300480,8.00000000,PASSIVE_SELL
4085,101.36108646,101.36560403,-0.08172644,0.02088994,613.23607227,1781.36708404,26812.54531294,36472.06191989,0.00046333,0.00048910,-0.00895203,0.54462373,3.02415067,9.00000000,PASSIVE_BUY
4086,101.32191165,101.32110983,0.01335128,0.02022371,-854.16697423,572.64901513,28555.51303603,28529.55896258,0.00046350,0.00049003,-0.04801242,0.55181539,2.91384066,8.00000000,PASSIVE_SELL
4087,101.30559924,101.30351987,0.08341899,0.02088841,-526.15980916,-191.05827664,34364.68295876,30275.01093925,0.00045778,0.00048706,0.02286240,0.55181539,2.90564599,7.00000000,PASSIVE_SELL
4088,101.32686191,101.33108969,-0.21077648,0.02084627,414.75080633,530.89184631,21161.97924849,35426.48722588,0.00045570,0.00048709,0.03757508,0.55181539,3.06490781,8.00000000,PASSIVE_BUY
4089,101.31901724,101.32582402,0.11766144,0.02072748,-382.42908159,895.33813656,29569.51626684,29325.35469922,0.00045153,0.00048661,-0.02910733,0.54413384,3.01251423,9.00000000,PASSIVE_BUY
4090,101.34839452,101.35303162,-0.07747467,0.02030659,134.02216833,1518.31155230,22625.20027289,29108.52255739,0.00043602,0.00048604,0.03722194,0.54413384,3.28706300,10.00000000,PASSIVE_BUY
4091,101.27357375,101.27556377,0.01531778,0.02055556,-183.26247657,852.17884109,18786.95558386,19395.10762917,0.00044616,0.00048885,-0.10419805,0.54413384,2.54913309,11.00000000,PASSIVE_BUY
4092,101.20229322,101.20453181,0.15310359,0.02001604,-443.46945000,713.43495486,31043.74824360,21449.79356558,0.00045065,0.00049052,0.00354024,0.53843207,1.77505530,12.00000000,PASSIVE_BUY
4093,101.09786204,101.09201819,-0.00295362,0.02037896,-610.49916437,-435.00208658,25752.90617276,23129.08076250,0.00046937,0.00049632,-0.03315065,0.53843207,2.67212109,11.00000000,PASSIVE_SELL
4094,101.17884760,101.17739471,0.25743002,0.02059366,358.13372860,364.06140680,29588.49933823,17741.76686060,0.00048469,0.00049433,0.18541675,0.52465649,2.76233000,10.00000000,PASSIVE_SELL
4095,101.12918829,101.13758855,0.21694043,0.02072889,-165.12498309,591.93917566,29377.37043240,21232.05334811,0.00047638,0.00049496,-0.13064488,0.52465649,2.27610132,11.00000000,PASSIVE_BUY
4096,101.13410788,101.12621814,0.05959552,0.02072853,98.94310180,236.94337636,24763.90802735,16947.21321769,0.00047588,0.00049483,0.05457890,0.52465649,2.72337616,10.00000000,PASSIVE_SELL
4097,101.17374774,101.16915170,-0.08774242,0.02008489,573.04533097,295.75912043,28530.89463087,28678.75344822,0.00046254,0.00049206,0.03472026,0.51250459,2.77595482,9.00000000,PASSIVE_SELL
4098,101.17675211,101.18024077,-0.14780671,0.02079198,568.07244349,729.91461177,19047.01476382,26472.75213942,0.00045723,0.00048657,-0.03663548,0.51250459,2.81339023,10.00000000,PASSIVE_BUY
4099,101.16681005,101.16090430,-0.05014617,0.02000796,-443.18175239,703.83421226,23142.36213401,23700.58639957,0.00045521,0.00048621,-0.01294644,0.49482825,2.77106828,9.00000000,PASSIVE_SELL
4100,101.16655806,101.16896661,0.08200998,0.02039691,-321.46951596,1316.68905997,26546.41527727,24180.25028973,0.00045515,0.00048456,0.00969007,0.49482825,2.77899878,10.00000000,PASSIVE_BUY
4101,101.14862481,101.15033631,0.03100075,0.02030570,-687.49316441,1107.96881619,26818.02802468,21663.10512675,0.00045494,0.00048430,-0.01768126,0.51283513,2.60981912,11.00000000,PASSIVE_BUY
4102,101.16898804,101.16835126,-0.00549695,0.02010759,673.14907631,1221.39484350,26577.53707560,26569.88657812,0.00045539,0.00048429,0.03829649,0.50254820,2.76813908,10.00000000,PASSIVE_SELL
4103,101.14764478,101.14521319,0.15404957,0.02010874,-710.88814385,892.38670617,31416.82274991,19383.41757535,0.00043594,0.00048434,-0.04170650,0.50254820,2.75684500,9.00000000,PASSIVE_SELL
4104,101.33408647,101.33544832,-0.16482474,0.02069796,710.57377441,1240.96212399,16637.93190302,31896.57231879,0.00050794,0.00050026,0.20778496,0.48731732,4.44516921,10.00000000,PASSIVE_BUY
4105,101.30413616,101.30157963,-0.19815716,0.02048314,-740.79449011,30.63776414,22391.88418042,32950.07884063,0.00050838,0.00049532,-0.21639200,0.48998059,2.89523496,9.00000000,PASSIVE_SELL
4106,101.40453502,101.40813882,0.03118326,0.02061628,741.84904854,1188.50202679,26228.56148747,25490.99329278,0.00052601,0.00049907,0.13034917,0.48998059,3.80913284,10.00000000,PASSIVE_BUY
4107,101.38374915,101.37630250,-0.00597799,0.02034204,-874.25537490,-144.83069997,34022.47812402,27817.84112763,0.00052508,0.00049941,-0.12118473,0.47501222,2.96742742,9.00000000,PASSIVE_SELL
4108,101.46324784,101.46874957,0.30597291,0.02008974,904.18523248,1670.96234345,28780.17378438,17255.02755272,0.00053485,0.00050035,0.10028456,0.47501222,3.69296051,10.00000000,PASSIVE_BUY
4109,101.33859243,101.33669647,-0.02492403,0.02071677,-843.44189491,-146.06984961,28320.75599452,30856.23381688,0.00055893,0.00050720,-0.20415409,0.47238849,2.91484351,9.00000000,PASSIVE_SELL
4110,101.30486523,101.30391808,0.03129685,0.02000805,-501.47444081,-22.57063007,25645.33801398,28897.35501087,0.00055848,0.00049906,0.09092820,0.47238849,2.89395520,8.00000000,PASSIVE_SELL
4111,101.24444900,101.23507394,0.00642230,0.02015208,-488.41980979,-1014.71753948,25940.14922517,26262.51118109,0.00056379,0.00049996,-0.02668902,0.47686442,2.84311093,7.00000000,PASSIVE_SELL
4112,101.24351296,101.23996760,-0.04393261,0.02074527,-260.07240388,-2067.50197166,27122.99795902,30352.10796487,0.00056362,0.00049956,0.05948018,0.47686442,2.85076795,6.00000000,PASSIVE_SELL
4113,101.27534071,101.27571558,0.05746395,0.02110453,556.34082350,-887.60618558,24080.25323942,19965.99613864,0.00056433,0.00049981,0.03276379,0.47478615,3.05228668,7.00000000,PASSIVE_BUY
4114,101.12893665,101.12503870,0.01381919,0.02077016,-769.53144523,-1850.72824331,32100.45223981,27547.76633004,0.00059490,0.00050625,-0.17823180,0.47478615,2.73457186,6.00000000,PASSIVE_SELL
4115,101.20109432,101.19459509,0.03816205,0.02015516,567.24414482,-1317.14339898,28606.12141647,21427.23115606,0.00060421,0.00050777,0.21856173,0.46351774,2.81834461,5.00000000,PASSIVE_SELL
4116,101.16636701,101.16717118,-0.10099643,0.02003092,-527.62455493,-1337.00592179,24230.19777249,27956.71820486,0.00060402,0.00050164,-0.10688499,0.47348901,2.65472350,6.00000000,PASSIVE_BUY
4117,101.14808917,101.15114970,-0.15343863,0.02067674,-622.62199439,-2807.90465633,14824.45522248,26698.48690402,0.00060385,0.00050189,0.01644947,0.47348901,2.55539481,7.00000000,PASSIVE_BUY
4118,101.10803915,101.10687412,0.08077970,0.02006469,-587.58555623,-2785.45460690,29314.29068789,21854.18791289,0.00059700,0.00050196,-0.02177217,0.47527986,2.73375824,6.00000000,PASSIVE_SELL
4119,101.16077767,101.16324316,-0.08227439,0.02022346,730.01156132,-1133.71757920,22125.25840603,31792.74227692,0.00058504,0.00050282,0.09278854,0.47527986,3.06030111,7.00000000,PASSIVE_BUY
4120,101.16637135,101.16247186,-0.23044348,0.02073950,450.10875382,-1509.30899404,20254.63994298,29813.87098457,0.00057969,0.00049728,-0.04714485,0.46996397,2.78574708,6.00000000,PASSIVE_SELL
4121,101.18190335,101.18753563,0.25800331,0.02013085,702.54222789,-1223.12085470,30558.27416591,16927.46142355,0.00057922,0.00049730,0.00993833,0.46996397,2.88900451,7.00000000,PASSIVE_BUY
4122,101.13019197,101.13163263,-0.10720233,0.02043125,-573.47850564,-1645.42337621,21468.33466842,28577.28837768,0.00058331,0.00049860,-0.06724338,0.46662669,2.53724048,8.00000000,PASSIVE_BUY
4123,101.22813769,101.22802224,-0.04504604,0.02026343,656.03948301,-796.42934369,20767.17492482,24462.55397328,0.00059162,0.00050066,0.14965709,0.45701049,2.84628037,7.00000000,PASSIVE_SELL
4124,101.10550852,101.10300347,-0.00438517,0.02027230,-517.16691355,-1469.95887326,26756.63546347,25162.92429242,0.00061545,0.00050806,-0.22057488,0.45701049,2.73376073,6.00000000,PASSIVE_SELL
4125,101.20662670,101.21455603,-0.02139615,0.02059485,452.68793071,-416.48133710,26444.37628154,23283.81073312,0.00062958,0.00051221,0.22374734,0.45701049,3.35076719,7.00000000,PASSIVE_BUY
4126,101.31775422,101.31258712,0.14833746,0.02002346,172.12312901,337.38421058,29134.32036210,16731.12478965,0.00064686,0.00051555,0.01000935,0.44520026,2.93510217,6.00000000,PASSIVE_SELL
4127,101.23256305,101.23843222,0.02712702,0.02027859,-265.41322555,-573.07955784,23923.57269336,25263.25579325,0.00065597,0.00051938,-0.19631869,0.44801259,2.43409445,7.00000000,PASSIVE_BUY
4128,101.25908487,101.26588966,0.13785659,0.02025421,437.03597793,395.79708110,30460.06364493,23082.05541352,0.00064634,0.00051895,0.11171298,0.44801259,2.62987425,8.00000000,PASSIVE_BUY
4129,101.24859076,101.25307885,0.06962707,0.02018536,-340.32559278,-380.72543514,21087.63685498,18455.27389080,0.00064131,0.00051906,-0.03701592,0.44801259,2.55601406,9.00000000,PASSIVE_BUY
4130,101.22332273,101.22348194,0.06388483,0.02028919,-504.93390004,-1460.65090189,24534.33058053,21459.15993389,0.00064237,0.00051948,-0.01477392,0.44625004,2.33874639,10.00000000,PASSIVE_BUY
4131,101.21069517,101.21221287,0.16029407,0.02044311,-591.53163724,-2961.69780159,23810.12702516,17809.36158506,0.00063707,0.00051952,0.01264047,0.44625004,2.22269236,11.00000000,PASSIVE_BUY
4132,101.24088092,101.24281547,-0.10178712,0.02006804,632.32313142,-2750.45620003,20143.19075814,28543.09686798,0.00063714,0.00051923,0.04281330,0.44805944,2.56476957,12.00000000,PASSIVE_BUY
4133,101.31505174,101.31210884,-0.05595136,0.02013040,584.90376776,-2483.78423176,21947.94918668,22607.31555435,0.00063846,0.00052014,0.04398508,0.44682023,2.93282443,11.00000000,PASSIVE_SELL
4134,101.29726878,101.30070806,0.08624538,0.02010947,-403.96623078,-3009.46077164,23770.26820723,20200.27997513,0.00063838,0.00051905,-0.09195379,0.44682023,2.74726657,12.00000000,PASSIVE_BUY
4135,101.31898616,101.31357286,-0.15173614,0.02046109,274.24952059,-3348.44732332,22320.36731471,28504.06502652,0.00063901,0.00051843,0.03950034,0.43673659,2.93826398,11.00000000,PASSIVE_SELL
4136,101.39681984,101.39768081,-0.12690508,0.02028450,847.25084230,-1647.02950678,21903.74375169,33058.26271996,0.00064575,0.00051465,0.05611630,0.44031833,3.80457673,12.00000000,PASSIVE_BUY
4137,101.33445791,101.32657842,0.06032936,0.02020076,-877.94954671,-1998.81924434,30517.66772458,22239.12188991,0.00065133,0.00051681,-0.14019561,0.44031833,2.95024898,11.00000000,PASSIVE_SELL
4138,101.25799039,101.25810092,0.05057050,0.02031360,-458.47985387,-2872.04990454,29486.79412673,24847.37251466,0.00065924,0.00051933,-0.01410559,0.44872547,2.11926308,12.00000000,PASSIVE_BUY
4139,101.26245178,101.25841138,0.08165697,0.02004780,570.40266230,-1919.21816064,28097.63110457,23091.29856825,0.00065922,0.00051862,0.08092891,0.44872547,2.88706808,11.00000000,PASSIVE_SELL
4140,101.23915059,101.24699237,0.17946773,0.02029696,-203.22210479,-2256.46243376,30440.98360835,19943.11546531,0.00065849,0.00051837,-0.02776258,0.44687628,2.64090343,12.00000000,PASSIVE_BUY
4141,101.30798840,101.30642391,0.14150426,0.02050163,220.42048206,-1852.77947513,35025.74574295,23232.01234520,0.00065754,0.00051942,0.09213901,0.44687628,2.93395832,11.00000000,PASSIVE_SELL
4142,101.23477861,101.22766137,0.11254868,0.02050455,-468.38292952,-1877.69295465,27219.69092279,18712.74631087,0.00065796,0.00051910,-0.14204760,0.43897001,2.87098622,10.00000000,PASSIVE_SELL
4143,101.17917691,101.17826902,-0.03154112,0.02064650,-157.66136010,-1424.85515038,23390.79306513,28017.01367461,0.00064607,0.00051839,0.01760808,0.43897001,2.82506899,9.00000000,PASSIVE_SELL
4144,101.17191894,101.16505046,-0.24972991,0.02037784,-533.74102543,-2316.72990441,23095.87501989,33643.31315082,0.00063635,0.00051838,0.04834374,0.43897001,2.82907457,8.00000000,PASSIVE_SELL
4145,101.09825309,101.09734431,0.14143568,0.02056272,-546.87383324,-2698.47875457,29935.48366026,17392.71081498,0.00064086,0.00052117,-0.06640787,0.45742654,2.76504302,7.00000000,PASSIVE_SELL
4146,101.11001429,101.11581569,0.18020095,0.02015252,880.06773919,-1917.35411718,33836.87596817,25413.94060562,0.00064104,0.00051699,0.08542704,0.44815457,2.85744767,8.00000000,PASSIVE_BUY
4147,101.10918792,101.10950043,-0.10491405,0.02034709,-885.85445419,-3376.25390235,24766.09840545,28807.24091587,0.00063853,0.00051691,-0.01258757,0.44878622,2.86101024,9.00000000,PASSIVE_BUY
4148,101.09034208,101.08249486,-0.04313893,0.02057837,-692.52718166,-4636.85352749,26261.51191997,29041.48421073,0.00063896,0.00050987,-0.01801947,0.44878622,2.74880880,8.00000000,PASSIVE_SELL
4149,101.16677594,101.17490306,0.20853542,0.02014466,616.75619078,-3576.91558432,36409.23402697,26574.59619327,0.00064792,0.00051045,0.09527969,0.44878622,3.37035198,9.00000000,PASSIVE_BUY
4150,101.17885235,101.17932900,-0.11185021,0.02012346,200.40146100,-3055.04460736,20309.18979833,28675.53327806,0.00064813,0.00051027,-0.06435745,0.44752269,3.48910137,10.00000000,PASSIVE_BUY
4151,101.24323479,101.24101192,0.12074485,0.02003305,451.62797892,-1915.92346403,29021.72930956,18785.26920140,0.00065360,0.00051137,0.05230604,0.44752269,2.88117043,9.00000000,PASSIVE_SELL
4152,101.24429298,101.23826287,-0.08023219,0.02017989,592.75803595,-1996.31450440,16876.90137999,17829.25158054,0.00065308,0.00050675,-0.06332426,0.46219881,2.89173121,8.00000000,PASSIVE_SELL
4153,101.30538000,101.29857168,0.16428726,0.02000651,464.43107859,-820.99528196,31261.30578215,18804.50170970,0.00065738,0.00050828,0.06002884,0.46219881,2.96342831,7.00000000,PASSIVE_SELL
4154,101.30524474,101.30926504,0.15291689,0.02025423,-256.34476806,-1787.91382443,25775.06391528,22967.68917646,0.00060437,0.00050823,-0.06122229,0.44746422,2.97260857,8.00000000,PASSIVE_BUY
4155,101.28065561,101.28754823,0.07461961,0.02035104,-545.20772062,-1592.32705495,23789.62520411,21679.61330913,0.00060391,0.00050851,-0.02445387,0.44746422,2.78607106,9.00000000,PASSIVE_BUY
4156,101.28092437,101.27907792,-0.02003825,0.02022433,357.12547316,-1977.05063033,31239.83986639,26875.74924508,0.00058695,0.00050833,0.02485789,0.44890165,2.93544804,8.00000000,PASSIVE_SELL
4157,101.32023329,101.32693754,0.16064401,0.02035431,642.45553270,-460.33972272,26181.50012828,19589.46141998,0.00058917,0.00050893,0.03904016,0.44890165,3.26009654,9.00000000,PASSIVE_BUY
4158,101.30150090,101.29204351,-0.15585471,0.02031393,-504.76349336,-1869.28844856,23681.43426328,31073.46960219,0.00057849,0.00050823,-0.05804131,0.44709502,2.95359767,8.00000000,PASSIVE_SELL
4159,101.22539182,101.22217893,-0.01796455,0.02026168,-335.11212316,-1360.95867681,26053.11514469,22758.18688345,0.00056236,0.00051101,-0.05737668,0.44709502,2.88780232,7.00000000,PASSIVE_SELL
4160,101.17144236,101.17199858,0.02595772,0.02033868,-563.51135597,-1422.99559197,32175.40392796,29639.23175276,0.00056526,0.00050935,0.02215961,0.45282083,2.52032540,8.00000000,PASSIVE_BUY
4161,101.15209081,101.14582236,-0.15169819,0.02081589,-801.45264511,-1736.02842729,20199.18174347,25394.38818396,0.00055991,0.00050881,0.03459792,0.45282083,2.82211989,7.00000000,PASSIVE_SELL
4162,101.14581722,101.15037192,-0.03567230,0.02090114,-197.70970338,-1673.66572678,30812.59466085,35166.03488694,0.00055994,0.00050842,0.01307795,0.46683820,2.78865530,8.00000000,PASSIVE_BUY
4163,101.20752914,101.21125254,0.17786623,0.02047730,445.87735420,-1784.12919608,29773.25857065,20251.72031758,0.00056497,0.00051012,0.06798552,0.46683820,3.29258936,9.00000000,PASSIVE_BUY
4164,101.13864453,101.14014998,-0.10256485,0.02062239,-620.68030336,-1635.27805421,20262.26170007,25652.32447108,0.00053552,0.00050554,-0.13059653,0.46730157,2.68293907,10.00000000,PASSIVE_BUY
4165,101.09719041,101.08891537,-0.14511218,0.02120904,-693.94473172,-2896.46693075,29584.81104390,33856.40254683,0.00052872,0.00050468,0.02743048,0.46730157,2.74748156,9.00000000,PASSIVE_SELL
4166,101.18749752,101.18485712,-0.01072200,0.02039084,604.25542089,-1764.58695493,27053.89447560,25225.19664516,0.00054179,0.00050851,0.13176124,0.45660022,2.85125691,8.00000000,PASSIVE_SELL
4167,101.16885441,101.16630449,-0.20547691,0.02033263,-499.98179964,-1641.94676019,18778.04530595,32091.31733502,0.00054182,0.00050827,-0.10895022,0.45660022,2.84298385,7.00000000,PASSIVE_SELL
4168,101.02451047,101.02596910,0.13606843,0.02012474,-486.50943666,-1540.87064062,25127.49225272,20633.95666867,0.00057528,0.00051731,-0.12570084,0.46697653,1.84263862,8.00000000,PASSIVE_BUY
4169,100.86475772,100.86589253,-0.04115973,0.02036533,-680.29541925,-2951.17762119,26805.30970458,28172.56776108,0.00061027,0.00052918,-0.01540880,0.47475847,0.57479932,9.00000000,PASSIVE_BUY
4170,100.88568608,100.89200678,0.28845678,0.02019867,513.61474921,-2887.67162580,29019.85937601,20787.46394592,0.00061121,0.00052899,0.18068110,0.47475847,0.77325384,10.00000000,PASSIVE_BUY
4171,100.94594229,100.94488553,0.10114436,0.02029967,310.31300320,-3279.90085048,31530.40657635,21749.80910246,0.00061737,0.00052996,0.03932786,0.48141359,2.67911615,9.00000000,PASSIVE_SELL
4172,100.94533546,100.94258591,0.03817362,0.02002870,-599.16677478,-3305.58911962,25233.64037160,20792.67745079,0.00061381,0.00052979,-0.06086304,0.48141359,2.68960757,8.00000000,PASSIVE_SELL
4173,100.89589296,100.89385323,0.03207096,0.02011640,-651.25878971,-4612.88739235,28107.05633809,22491.19724122,0.00059986,0.00053070,-0.04883568,0.48406091,2.64991630,7.00000000,PASSIVE_SELL
4174,100.81497695,100.81188901,0.07313686,0.02012831,-381.30586767,-4477.02634648,26845.62497618,26096.22927462,0.00058680,0.00053323,-0.03147350,0.48406091,2.57902873,6.00000000,PASSIVE_SELL
4175,100.85116318,100.85225733,0.06306513,0.02022639,492.56921012,-4437.14506707,26933.61315599,22277.09842125,0.00057034,0.00053340,0.11710225,0.48005458,2.80625935,7.00000000,PASSIVE_BUY
4176,100.81128659,100.80855576,-0.03937297,0.02030821,-903.45443257,-5512.72262865,21398.92635099,24049.33523645,0.00054702,0.00053359,-0.07606283,0.47830015,2.57260162,6.00000000,PASSIVE_SELL
4177,100.76564904,100.76394229,0.10282498,0.02026308,-710.27095130,-5957.58035440,27009.28440723,18934.89841883,0.00053915,0.00053323,-0.00576096,0.47830015,2.53720845,5.00000000,PASSIVE_SELL
4178,100.68265601,100.69094298,0.13130839,0.02034620,-315.68420829,-6710.30054063,27600.88657192,25131.33446345,0.00054626,0.00052793,-0.03735547,0.47830015,2.13241641,6.00000000,PASSIVE_BUY
4179,100.61817616,100.62059454,0.05940719,0.02065697,-294.21525481,-6664.19020266,24070.42350301,21099.64225441,0.00055120,0.00052538,0.01851318,0.47916382,1.75586578,7.00000000,PASSIVE_BUY
4180,100.63746299,100.63506914,-0.24444836,0.02047463,406.44753125,-5752.80877137,15815.67900196,25748.42703256,0.00055267,0.00052552,0.08376668,0.47916382,2.43710921,6.00000000,PASSIVE_SELL
4181,100.68537262,100.67865263,-0.24696932,0.02050981,460.44287528,-4700.83425886,17832.46482211,30878.09269017,0.00055884,0.00052617,0.02862280,0.46972101,2.49518578,5.00000000,PASSIVE_SELL
4182,100.73030126,100.73089959,0.09484237,0.02055353,670.14312817,-4663.01426211,31135.43956287,22717.81604042,0.00056135,0.00052721,-0.00298099,0.47942291,2.73010575,6.00000000,PASSIVE_BUY
4183,100.75859609,100.75691510,-0.16482173,0.02020739,678.68648234,-4569.23154753,19948.17798721,28430.51495207,0.00055141,0.00052762,-0.01663381,0.47942291,2.56494794,5.00000000,PASSIVE_SELL
4184,100.84590665,100.84733005,-0.17743952,0.02067880,790.97004927,-3374.29526748,21730.67938626,32969.17038531,0.00056798,0.00052944,0.05901574,0.49360429,3.01184017,6.00000000,PASSIVE_BUY
4185,100.81153750,100.80980655,-0.09577034,0.02020932,-572.05108013,-4220.59586819,26959.54331469,33287.87468052,0.00056736,0.00052981,-0.12167972,0.49360429,2.60674091,5.00000000,PASSIVE_SELL
4186,100.83911136,100.84410599,0.18212076,0.02059742,589.40396663,-4478.44274386,33908.05224070,23769.44805956,0.00055634,0.00052948,0.06194302,0.48615162,2.75490893,6.00000000,PASSIVE_BUY
4187,100.78435275,100.78289652,0.01224344,0.02017581,-746.97310711,-4347.46630425,25746.75805618,22481.51099845,0.00055512,0.00053037,-0.08233247,0.49224700,2.57842809,5.00000000,PASSIVE_SELL
4188,100.80359628,100.80384116,0.29853749,0.02032077,846.63172099,-3042.35472939,25416.17362328,13693.30699573,0.00054887,0.00053050,0.07400214,0.49224700,2.68480613,6.00000000,PASSIVE_BUY
4189,100.78952859,100.78975510,-0.09718006,0.02102647,-796.08154145,-4408.83893315,24231.16057241,28985.46547974,0.00054857,0.00052714,-0.03331123,0.48590389,2.61091319,7.00000000,PASSIVE_BUY
4190,100.81752015,100.81855576,-0.13545104,0.02001156,460.70096404,-3744.91586431,22814.61106491,29927.59907008,0.00055065,0.00052549,0.04205926,0.48590389,2.81685990,8.00000000,PASSIVE_BUY
4191,100.87263187,100.86591142,-0.04388090,0.02068917,133.76793377,-3831.56841260,26725.11783937,25559.58409595,0.00054726,0.00052659,0.02712016,0.49331557,2.64541088,7.00000000,PASSIVE_SELL
4192,100.80748835,100.80458933,-0.00212626,0.02056527,-121.04960224,-3484.23508532,24585.57636076,25406.12943832,0.00054558,0.00052758,-0.12025524,0.49331557,2.59092170,6.00000000,PASSIVE_SELL
4193,100.85289810,100.85828640,0.21029963,0.02086145,437.61942238,-2888.95430284,25718.68651536,15205.60414656,0.00054649,0.00052761,0.11055327,0.49331557,2.87381094,7.00000000,PASSIVE_BUY
4194,100.88508198,100.88069030,-0.14803926,0.02010117,287.91304034,-2067.30023707,19066.16940835,24567.92902363,0.00054912,0.00052762,-0.01322588,0.49055681,2.66614752,6.00000000,PASSIVE_SELL
4195,100.91581178,100.92424885,-0.08264814,0.02012247,746.48018486,-773.94621897,26934.60318924,34494.94218387,0.00054286,0.00052815,-0.00145407,0.49055681,2.86058755,7.00000000,PASSIVE_BUY
4196,100.87310235,100.87254047,-0.03709607,0.02006313,-677.88401007,-2331.89796822,24413.28583048,28590.64271248,0.00054509,0.00052725,-0.07343923,0.48541477,2.65274611,6.00000000,PASSIVE_SELL
4197,100.90479391,100.90372235,0.12337656,0.02027560,763.96302050,-682.08049353,32050.58552857,23766.62920065,0.00054741,0.00052778,0.07440099,0.49586612,2.69404431,5.00000000,PASSIVE_SELL
4198,100.88027169,100.87224898,-0.13955834,0.02022155,-823.57028092,-813.12359280,22130.65117511,25988.67841364,0.00054777,0.00052723,-0.05621377,0.49586612,2.67974097,4.00000000,PASSIVE_SELL
4199,100.89196263,100.90061476,-0.01285219,0.02035478,690.46883725,-739.41094632,26819.27709379,28829.64613017,0.00053634,0.00052723,0.03621315,0.49586612,2.73668209,5.00000000,PASSIVE_BUY
4200,100.92489110,100.91738332,-0.16116504,0.02066011,66.14679395,-873.66561338,27299.80137244,30047.77552620,0.00053846,0.00052784,0.02123754,0.49100289,2.72542198,4.00000000,PASSIVE_SELL
4201,100.99933582,100.99928520,-0.19030253,0.02029058,599.43258406,-725.86100824,18062.64055571,30689.34432339,0.00054122,0.00053052,0.04151625,0.49100289,3.02320085,4.00000000,HOLD
4202,101.11969978,101.12709599,0.13951922,0.02094677,813.05178363,-505.56726056,26367.91856433,21299.59014985,0.00056834,0.00053717,0.04591925,0.50755020,3.51513009,5.00000000,PASSIVE_BUY
4203,101.11243933,101.10647019,-0.05058900,0.02015628,-901.09111808,-1871.08945724,24650.90639506,23099.43293430,0.00056124,0.00053688,-0.12762441,0.50728101,2.87892491,4.00000000,PASSIVE_SELL
4204,101.10821869,101.11209383,0.06370694,0.02044201,-270.57408601,-1885.31877519,18392.44089116,16875.95424759,0.00056121,0.00053682,0.00303981,0.50728101,2.87226335,5.00000000,PASSIVE_BUY
4205,101.12511438,101.13214267,-0.09094470,0.02013225,530.10235052,-810.00870405,18730.34329152,26669.91649299,0.00056117,0.00053582,0.02111633,0.50728101,2.96680791,6.00000000,PASSIVE_BUY
4206,101.06404824,101.06384958,0.06485817,0.02022143,-834.01040296,-2001.14458016,29412.24922536,26550.53707758,0.00056685,0.00053733,-0.07796182,0.50469658,2.82565687,5.00000000,PASSIVE_SELL
4207,101.01144064,101.01131390,-0.05483914,0.02048117,-810.59866463,-3454.19877750,30553.36352592,36675.64069659,0.00056731,0.00053759,0.00845853,0.51704461,2.78277039,4.00000000,PASSIVE_SELL
4208,101.14541219,101.14164356,0.14166469,0.02048253,493.81815000,-2455.61713415,34740.73205318,20848.12440679,0.00059922,0.00054586,0.18657916,0.51638971,2.92698115,3.00000000,PASSIVE_SELL
4209,101.13563030,101.13589766,0.05615497,0.02070938,-516.39876766,-2636.90377865,29789.68604889,26300.34521739,0.00059041,0.00054575,-0.14375345,0.51638971,2.90799016,4.00000000,PASSIVE_BUY
4210,101.10403605,101.10406521,0.05567253,0.02030077,-732.70580625,-2806.09822894,28777.83919334,22254.86194942,0.00058736,0.00054587,-0.02181235,0.52130803,2.78161316,4.00000000,HOLD
4211,101.14141237,101.13979190,-0.15782146,0.02045429,628.87967290,-1375.76591092,21374.50261546,30711.72352020,0.00058921,0.00054654,0.06897057,0.50654391,2.93060403,3.00000000,PASSIVE_SELL
4212,101.09245089,101.09338540,0.06251664,0.02033294,-379.46837318,-1557.52458073,29617.01180483,28956.46748882,0.00059302,0.00054652,-0.08633781,0.50654391,2.79388605,4.00000000,PASSIVE_BUY
4213,101.00907734,101.01105314,0.09499839,0.02006127,-292.56793494,-2295.96986987,28157.80491138,25076.68163204,0.00059701,0.00054860,-0.03441206,0.50654391,2.47042250,5.00000000,PASSIVE_BUY
4214,100.93274115,100.93480074,0.12452860,0.02020308,-467.61896050,-2142.90852701,29285.26649103,24404.59890710,0.00059871,0.00055097,0.00703735,0.50971392,2.09884307,6.00000000,PASSIVE_BUY
4215,100.95497526,100.94868665,-0.11803467,0.02050418,290.19873286,-1158.76506243,24855.13373318,27762.49938543,0.00059744,0.00055123,0.09857031,0.50971392,2.79877084,5.00000000,PASSIVE_SELL
4216,100.95662946,100.95521639,0.03965747,0.02006613,641.77283645,-1121.24764686,32152.34923560,29171.59503607,0.00058284,0.00055121,-0.02057991,0.51928195,2.81133420,4.00000000,PASSIVE_SELL
4217,100.99538002,100.99557730,-0.13632112,0.02023384,645.17236985,23.90652263,23692.86949999,28008.86053560,0.00058556,0.00055187,0.03709637,0.52899120,2.97645338,5.00000000,PASSIVE_BUY
4218,101.02182673,101.02459336,0.15578100,0.02066744,825.26178022,1335.67773951,36294.73689887,23358.95076061,0.00055196,0.00054954,-0.01230386,0.52899120,3.11902063,6.00000000,PASSIVE_BUY
4219,101.01898443,101.01964324,-0.03329937,0.02039916,-574.00023779,1441.97292098,27342.23017145,29287.34105283,0.00050363,0.00054866,-0.02928900,0.52905175,3.11216642,7.00000000,PASSIVE_BUY
4220,101.06020619,101.05770472,-0.09346185,0.02045240,239.10603010,1167.46420186,20320.41889512,25383.72161103,0.00050582,0.00054849,0.04406406,0.52905175,2.87880007,6.00000000,PASSIVE_SELL
4221,101.01305677,101.01459607,0.09840238,0.02013848,-385.73512591,471.41607276,26958.62189365,23205.67625481,0.00050408,0.00054890,-0.08837118,0.53007917,2.60597278,7.00000000,PASSIVE_BUY
4222,101.04075468,101.04190949,0.11008462,0.02020034,667.22913844,1737.81198597,33930.82276738,27306.56218644,0.00050539,0.00054889,0.07484733,0.53007917,2.80995833,8.00000000,PASSIVE_BUY
4223,101.05784303,101.05508180,-0.02839798,0.02025652,432.55478642,2821.62556210,26129.65053890,29978.27929188,0.00050052,0.00054644,-0.01060957,0.54094072,2.88020117,7.00000000,PASSIVE_SELL
4224,101.06433879,101.05723015,-0.18780721,0.02010985,298.47589489,3501.40732467,22355.55140856,28820.15493019,0.00048612,0.00053997,-0.01059259,0.54094072,2.89719188,6.00000000,PASSIVE_SELL
4225,101.14069008,101.13881385,0.00005425,0.02067004,673.49427373,3682.33238828,23114.96219217,25014.20129841,0.00049427,0.00054274,0.06985553,0.55720332,2.98247771,5.00000000,PASSIVE_SELL
4226,101.13707163,101.13249117,-0.08243535,0.02041299,-603.11489192,3982.67192893,20213.48675030,21667.92292821,0.00049023,0.00054274,-0.07996974,0.55720332,2.98957986,4.00000000,PASSIVE_SELL
4227,101.12296534,101.12307174,-0.13633554,0.02032289,-394.35139813,4298.59148210,16175.56375688,22519.82303366,0.00048555,0.00054216,-0.01048784,0.55695119,2.94331615,5.00000000,PASSIVE_BUY
4228,101.10790632,101.10817795,-0.07280258,0.02024620,-560.06690566,4054.20878473,24466.65057125,31839.34917161,0.00046961,0.00054210,-0.00095273,0.55695119,2.87814415,6.00000000,PASSIVE_BUY
4229,101.09921711,101.09699033,0.11446019,0.02023900,-617.40694012,3731.01709942,21712.36955089,18114.40892589,0.00045878,0.00054118,0.00636981,0.57171531,2.95586167,5.00000000,PASSIVE_SELL
4230,101.13137514,101.12819615,-0.25207202,0.02038490,584.10529825,3908.67486642,15549.81203280,27556.55626375,0.00045965,0.00053730,0.04084724,0.56440467,2.99792036,4.00000000,PASSIVE_SELL
4231,101.04382695,101.04902689,0.13467510,0.02043930,-404.79726270,3043.43472845,36035.69061890,25919.37205310,0.00047569,0.00054056,-0.11970621,0.56440467,2.65794728,5.00000000,PASSIVE_BUY
4232,100.99189533,100.98273069,-0.13962494,0.02023177,-716.47592151,1656.81567877,27226.82170688,33818.15834458,0.00047953,0.00054153,0.03561656,0.56440467,2.88026230,4.00000000,PASSIVE_SELL
4233,100.97774268,100.98220763,0.23614243,0.02097504,-197.85042462,780.27877181,25563.29406132,18539.42415546,0.00047913,0.00054078,0.03777898,0.56630686,2.83413925,5.00000000,PASSIVE_BUY
4234,101.03026827,101.02071880,-0.05210611,0.02015090,195.33975057,184.64847311,24114.01963163,20869.83451733,0.00046960,0.00054213,0.06667823,0.56630686,2.92570775,4.00000000,PASSIVE_SELL
4235,101.06324857,101.05567557,-0.04546631,0.02027428,429.42501315,1186.12456638,16819.06515549,16418.23592382,0.00046817,0.00054216,-0.01954529,0.56766824,2.96864012,3.00000000,PASSIVE_SELL
4236,101.04633506,101.04300167,-0.08634591,0.02013804,-513.20329686,83.51730289,23084.56483628,25421.04371629,0.00046802,0.00054180,-0.04989380,0.57848121,2.96193188,2.00000000,PASSIVE_SELL
4237,101.00406056,101.00414184,-0.05975262,0.02078723,-459.94028489,370.55012512,23433.74010404,27302.60249417,0.00046523,0.00054137,-0.02536100,0.57848121,2.87738287,2.00000000,HOLD
4238,100.92404500,100.91813484,-0.09157692,0.02031747,-642.84398255,-1118.92557843,29199.80151315,29685.69006412,0.00047916,0.00054319,-0.03774107,0.57896215,2.84971083,1.00000000,PASSIVE_SELL
4239,100.90860583,100.90153717,0.06794259,0.02017759,-475.30198770,-798.14602468,24331.46983995,18598.72919603,0.00047926,0.00054232,0.06457640,0.57896215,2.84436046,0.00000000,PASSIVE_SELL
4240,100.97838973,100.97799751,0.10491656,0.02002701,528.74262451,-730.10436420,25849.35284742,22218.26442047,0.00048708,0.00054104,0.08522306,0.57896215,2.85437397,-1.00000000,PASSIVE_SELL
4241,100.95160574,100.95067502,-0.00664770,0.02057983,-443.84086706,-1307.71316503,24168.01925229,23501.50723992,0.00048317,0.00054103,-0.09656789,0.58733657,2.88115796,0.00000000,ABORT
4242,100.90474945,100.90363629,-0.07241351,0.02014740,-297.32723062,-1483.99079342,26095.81159406,30522.09898975,0.00047884,0.00054075,-0.02007229,0.58733657,2.88115796,0.00000000,ABORT
4243,100.88508167,100.89361475,0.20134233,0.02034594,-76.62491527,-1998.23513106,32453.92054913,24942.76127112,0.00047573,0.00054049,0.02718850,0.58733657,2.88115796,0.00000000,ABORT
4244,100.85103576,100.85259508,-0.18949925,0.02077494,-534.75192697,-2820.90009837,19588.40258458,33529.35007692,0.00047598,0.00054090,-0.01437813,0.58772348,2.88115796,0.00000000,ABORT
4245,100.80985110,100.80274853,-0.09042619,0.02021728,-640.62217242,-4208.00245565,19878.06785336,24489.98829152,0.00047712,0.00053868,-0.00713874,0.58772348,2.88115796,0.00000000,ABORT
4246,100.81089645,100.80933891,-0.10502067,0.02054952,373.10216832,-3157.01627726,30272.28611215,36615.91788826,0.00047366,0.00053856,0.04223001,0.58772348,2.88115796,0.00000000,ABORT
4247,100.82566158,100.82467358,0.11384650,0.02030657,168.84050903,-3752.13878873,27155.43380428,21959.50878019,0.00047193,0.00053505,0.01371978,0.58628530,2.88115796,0.00000000,ABORT
4248,100.92288274,100.92865624,-0.20887600,0.02098321,190.46296675,-2738.10554106,19781.10790008,30781.93974737,0.00049019,0.00053858,0.08245603,0.58628530,2.88115796,0.00000000,ABORT
4249,100.85178673,100.85387435,0.04921336,0.02027535,-276.09942053,-3704.67379884,27391.52508570,27074.95953270,0.00049996,0.00054018,-0.16831717,0.58628530,2.88115796,0.00000000,ABORT
4250,100.86752423,100.86548106,-0.09073816,0.02030135,485.68413665,-3285.13645614,19452.08287338,23566.76452868,0.00049825,0.00054030,0.08683352,0.57052283,2.89130863,-1.00000000,PASSIVE_SELL
4251,100.86426281,100.86539758,-0.03693164,0.02069540,-650.99078745,-4535.55982764,24150.27746625,28700.15940884,0.00048663,0.00054014,-0.01899893,0.58389848,2.89457006,0.00000000,ABORT
4252,100.85667265,100.85958828,0.10254109,0.02016966,-625.47581555,-5974.08742682,31413.32629075,25246.59635030,0.00045448,0.00054000,-0.00432873,0.58389848,2.89457006,0.00000000,ABORT
4253,100.77256414,100.77759435,0.25476145,0.02160970,-350.11987849,-5423.11618723,29216.88053038,17269.19123662,0.00046749,0.00053873,-0.07651835,0.58389848,2.89457006,0.00000000,ABORT
4254,100.83372870,100.82993625,0.08543403,0.02002824,184.82939403,-4967.71270719,31758.06244931,26390.21698938,0.00047693,0.00054028,0.14527307,0.58614547,2.89457006,0.00000000,ABORT
4255,100.87017975,100.86811120,-0.06092110,0.02112766,454.42587937,-5043.38917834,22116.15504250,21649.16355157,0.00047950,0.00054066,-0.02471351,0.58614547,2.89457006,0.00000000,ABORT
4256,101.00219154,101.00504488,0.11862668,0.02034040,699.77558748,-3509.60318790,33392.70524108,23920.59142003,0.00050915,0.00054848,0.09556074,0.59974160,2.89457006,0.00000000,ABORT
4257,101.03336000,101.03269519,0.00331639,0.02072559,366.34990455,-2332.65461872,31201.17258925,31649.25543210,0.00050581,0.00054847,-0.10084334,0.59974160,2.89457006,0.00000000,ABORT
4258,101.10783760,101.10944647,-0.05906925,0.02077526,538.57376711,-2287.89900160,23254.70479243,25521.48380068,0.00048118,0.00055075,0.04330914,0.59936585,2.89457006,0.00000000,ABORT
4259,101.10249104,101.10761070,0.00610518,0.02003912,-516.65435570,-2288.15458964,20094.70562625,20914.66439512,0.00048106,0.00054973,-0.07982416,0.59936585,2.89457006,0.00000000,ABORT
4260,101.10624382,101.09685754,-0.25562468,0.02038771,160.60420599,-1394.84457740,17739.31946147,26644.40088131,0.00047910,0.00054916,0.00909934,0.58221618,2.90476391,-1.00000000,PASSIVE_SELL
4261,101.05672849,101.05353645,-0.05248595,0.02005585,-302.68929990,-2326.41355020,24262.62732942,28993.63838769,0.00048096,0.00055003,-0.05326811,0.58221618,2.96430716,-2.00000000,PASSIVE_SELL
4262,101.04523720,101.04477752,0.18293660,0.02040218,-642.98409603,-2589.92927304,26028.01399385,18758.66446525,0.00047653,0.00055004,0.03802404,0.59181399,2.98728974,0.00000000,ABORT
4263,101.05939364,101.05834738,0.09461586,0.02029860,850.54127553,-1446.82006257,30599.71738320,20852.48077754,0.00046244,0.00054980,0.02564773,0.59050382,2.98728974,0.00000000,ABORT
4264,101.03897276,101.03688442,-0.09347232,0.02065225,-782.15893728,-1761.36003936,20314.85445388,25771.87552551,0.00045043,0.00054902,-0.03457733,0.58810634,2.98728974,0.00000000,ABORT
4265,100.92065155,100.92653295,-0.21439337,0.02030064,-359.48505060,-2411.04382282,19232.93511381,38459.06843137,0.00047935,0.00055496,-0.09790032,0.58810634,2.98728974,0.00000000,ABORT
4266,100.91148635,100.90375551,-0.01786988,0.02015253,-690.64995961,-3743.46661888,25078.82692847,21430.62764770,0.00047948,0.00055447,0.10915600,0.59039225,2.98728974,0.00000000,ABORT
4267,100.84795846,100.85413902,-0.02130179,0.02028578,-132.61238129,-4521.25137003,26634.48699216,32726.73463034,0.00048385,0.00055601,-0.05436268,0.59039225,2.98728974,0.00000000,ABORT
4268,100.90028445,100.90626966,0.03418990,0.02013372,246.04778177,-5100.46536848,26955.34108900,26070.45604623,0.00048826,0.00055479,0.11585388,0.59039225,2.98728974,0.00000000,ABORT
4269,100.93160156,100.93426442,0.00528031,0.02034390,329.40713100,-4197.05799970,24628.17016891,21899.53415480,0.00049050,0.00055067,-0.02100889,0.57880688,2.99746170,1.00000000,PASSIVE_BUY
4270,100.97443771,100.96833285,-0.01388661,0.02046609,267.30314651,-4168.86088329,23405.36781847,22175.01979960,0.00049079,0.00055010,0.01151904,0.57880688,3.05053089,0.00000000,PASSIVE_SELL
4271,101.04964126,101.05629630,-0.01773808,0.02053401,629.26052005,-3153.86523733,22883.06219344,27204.59934883,0.00049783,0.00055246,0.03236740,0.57880688,3.06079790,1.00000000,PASSIVE_BUY
4272,101.12713609,101.13615966,-0.21374582,0.02034918,344.36656980,-3476.72780597,17384.05108625,34421.47403911,0.00050779,0.00055517,0.00229128,0.57869176,3.14846732,2.00000000,PASSIVE_BUY
4273,101.10637335,101.10132471,0.04926316,0.02003641,-529.85465456,-4439.13724695,30215.27691514,26093.01676009,0.00050825,0.00055319,-0.09825757,0.57869176,3.07873636,1.00000000,PASSIVE_SELL
4274,101.01396750,101.01396951,-0.04095755,0.02038629,-338.81882908,-5076.43197091,28323.54148150,27969.79033678,0.00052436,0.00055684,-0.07164311,0.58633307,2.98633052,0.00000000,ABORT
4275,101.00286315,101.01184759,0.08961546,0.02070284,-291.60522919,-6041.53147384,25757.48405326,20136.57132886,0.00051297,0.00055629,0.08130149,0.58633307,2.98633052,0.00000000,ABORT
4276,100.95096668,100.95138863,0.03543228,0.02049906,-732.40018956,-6170.81677148,23022.10721805,21128.34035596,0.00051748,0.00055723,-0.04079212,0.59157470,2.98633052,0.00000000,ABORT
4277,100.94239922,100.94020170,0.01352251,0.02144594,-725.65593627,-6502.12130961,26808.22064815,25732.38324625,0.00051732,0.00055647,0.04332901,0.59157470,2.98633052,0.00000000,ABORT
4278,100.92486808,100.92350153,0.15328133,0.02003579,-637.88262437,-6579.93702832,33128.15795672,25429.65842981,0.00051744,0.00055371,-0.00896368,0.59163658,2.98633052,0.00000000,ABORT
4279,100.93393256,100.93217474,-0.31714033,0.02021588,721.82698980,-5240.70309840,15511.41709596,35185.80169101,0.00051769,0.00055204,0.02659562,0.58672254,2.98633052,0.00000000,ABORT
4280,100.92027557,100.92651831,-0.08358033,0.02124665,-405.37455115,-6230.18294780,26620.35135963,31775.52150779,0.00051543,0.00055210,-0.02272147,0.58672254,2.98633052,0.00000000,ABORT
4281,100.94076198,100.93767059,-0.03034768,0.02009662,226.14052306,-5599.24516204,24645.14050111,23986.41651243,0.00050281,0.00055062,0.03414340,0.57486589,2.99637883,-1.00000000,PASSIVE_SELL
4282,100.94083912,100.93839331,0.19654478,0.02097402,148.93859621,-4733.83064431,31606.43099467,20268.65685626,0.00049784,0.00055020,-0.02040927,0.57486589,3.00678870,-2.00000000,PASSIVE_SELL
4283,100.92898391,100.92370790,0.04130698,0.02044045,-317.49384253,-4853.47406222,30570.63777705,23872.60003177,0.00049774,0.00054807,-0.01193236,0.57486589,3.04071935,-3.00000000,PASSIVE_SELL
4284,100.94609769,100.95509291,-0.10642277,0.02070732,640.54509116,-4408.26872163,21396.74591696,31483.46777147,0.00049267,0.00054806,0.02896900,0.56548147,2.97699269,-2.00000000,PASSIVE_BUY
4285,101.00112832,101.01053807,0.16032135,0.02031009,367.98572386,-4469.70801092,33229.75632291,24453.15298994,0.00049665,0.00054946,0.03791684,0.56548147,2.93231572,-1.00000000,PASSIVE_BUY
4286,101.02567272,101.01730196,0.04122636,0.02143489,23.18248633,-3933.32222774,26944.48229458,30498.42067113,0.00049741,0.00054914,-0.03048623,0.56548147,2.91848877,-2.00000000,PASSIVE_SELL
4287,100.97558281,100.97367568,0.08971102,0.02070531,-250.84072288,-3724.22266574,31088.51304614,21586.59659816,0.00049881,0.00055009,-0.07463431,0.56124212,3.02902124,-3.00000000,PASSIVE_SELL
4288,101.03921633,101.04882571,-0.01785563,0.02029245,697.38142315,-2383.99726003,23819.73105069,31370.10696870,0.00049366,0.00055175,0.11372343,0.56124212,2.89754118,-2.00000000,PASSIVE_BUY
4289,100.99668892,100.99330221,-0.22276750,0.02017046,-686.97873949,-2595.67401182,19045.19742402,29728.08133607,0.00049699,0.00055248,-0.10616092,0.56124212,2.99268122,-3.00000000,PASSIVE_SELL
4290,101.05491409,101.06153917,0.01672429,0.02015353,729.79877998,-2394.61785635,24163.79741548,27571.17865133,0.00049412,0.00055364,0.10075257,0.55914757,2.87448090,-2.00000000,PASSIVE_BUY
4291,101.06609809,101.06525655,-0.00274975,0.02051098,469.27313221,-1481.50385709,25940.03211078,24301.06329171,0.00049266,0.00055132,-0.04704117,0.57422534,2.86236839,-3.00000000,PASSIVE_SELL
4292,101.08927072,101.08879531,-0.11705557,0.02005449,774.88242087,-409.29420560,23749.25794223,25145.98934532,0.00048850,0.00054938,0.01198863,0.57422534,2.80287774,-4.00000000,PASSIVE_SELL
4293,101.11018820,101.10141664,-0.19249375,0.02018902,390.07055176,57.40126143,22547.62493813,32859.00070741,0.00048793,0.00054473,-0.00225515,0.58381201,2.72930232,-5.00000000,PASSIVE_SELL
4294,101.15739747,101.15662336,-0.04805465,0.02032680,410.23083132,1002.38401972,30360.50522937,35718.89132467,0.00048832,0.00054278,0.02629179,0.58381201,2.50341937,-6.00000000,PASSIVE_SELL
4295,101.13380347,101.13155641,-0.04107416,0.02051175,-539.34786233,1103.65832981,25229.08636669,28739.27601574,0.00048557,0.00054192,-0.07080327,0.57015409,2.65523924,-7.00000000,PASSIVE_SELL
4296,101.05174223,101.04410880,-0.05698611,0.02003577,-549.11678413,181.43937735,26778.50799898,23876.91503284,0.00050079,0.00054493,-0.05846724,0.57015409,3.23968582,-8.00000000,PASSIVE_SELL
4297,100.98884357,100.99581506,0.04747076,0.02065792,-85.67283311,-73.07396479,28785.36133472,27589.28022366,0.00050926,0.00054594,0.01916258,0.57015409,2.93869076,-7.00000000,PASSIVE_BUY
4298,100.95617480,100.95393551,0.05610843,0.02043514,-501.02410861,-764.56104014,22038.81922681,20804.58200168,0.00049383,0.00054638,0.03022988,0.58542674,3.16737217,0.00000000,ABORT
4299,100.95400440,100.96217300,0.12793011,0.02050984,-246.47706596,-734.93868558,26750.97570104,22580.44839140,0.00048330,0.00054635,0.03049838,0.58542674,3.16737217,0.00000000,ABORT
4300,101.00024500,101.00253260,0.10601643,0.02025861,311.61355784,-909.00926438,21554.31375826,21910.68804298,0.00048683,0.00054735,0.04841100,0.57636464,3.17750147,1.00000000,PASSIVE_BUY
4301,100.89485923,100.89217847,0.05299571,0.02047995,-693.63964737,-951.65812431,29011.50900467,23617.34903679,0.00050934,0.00055208,-0.15162638,0.57636464,3.08235568,0.00000000,PASSIVE_SELL
4302,100.85176307,100.85278960,0.08447260,0.02046633,-462.18117850,-788.36348725,35218.57330843,28376.73221298,0.00051284,0.00055264,0.06228961,0.58989186,3.08235568,0.00000000,ABORT
4303,100.73667025,100.73681438,0.04355887,0.02006749,-577.60745727,-1015.85106602,30070.63370405,24025.77855494,0.00052451,0.00055816,-0.07199665,0.59203144,3.08235568,0.00000000,ABORT
4304,100.77299741,100.77360384,-0.00592054,0.02050062,571.67095665,-629.00950341,27060.23941727,26682.06664449,0.00051986,0.00054302,0.15141996,0.59203144,3.08235568,0.00000000,ABORT
4305,100.82023501,100.81098044,-0.03618913,0.02092441,239.20724026,-844.22814252,32348.40309998,28969.28621236,0.00052161,0.00054382,0.01091045,0.59203144,3.08235568,0.00000000,ABORT
4306,100.82616395,100.82161176,-0.14731556,0.02076186,384.39230868,-1159.61142132,22523.02578506,32139.71546616,0.00048664,0.00053907,-0.04130866,0.60985788,3.08235568,0.00000000,ABORT
4307,100.85945578,100.86400601,0.29149796,0.02003624,691.77296547,-834.18836041,29669.01771803,20049.18915880,0.00048695,0.00053952,0.02736289,0.60985788,3.08235568,0.00000000,ABORT
4308,100.85785455,100.86194387,-0.01621765,0.02072854,-651.32290569,-2024.08503321,28659.68130222,32508.73812996,0.00047435,0.00053646,-0.03489306,0.59967445,3.08235568,0.00000000,ABORT
4309,100.92710622,100.92921818,-0.10314173,0.02008108,335.87148458,-1171.55919293,21386.35035016,28137.82642259,0.00048541,0.00053204,0.07085289,0.59967445,3.08235568,0.00000000,ABORT
4310,100.85629884,100.85737992,-0.10927785,0.02017864,-522.83427962,-1854.99767854,16465.51846612,25436.51015408,0.00049416,0.00053376,-0.14005904,0.59337841,3.08235568,0.00000000,ABORT
4311,100.88803576,100.88778075,-0.20623100,0.02002977,625.78559077,-926.52278787,23902.91826667,37292.78402957,0.00049266,0.00053273,0.10254430,0.59337841,3.08235568,0.00000000,ABORT
4312,100.89346746,100.89747376,0.23214065,0.02009629,589.59038627,306.05169443,29486.80697091,19530.00728863,0.00049267,0.00053275,-0.02630522,0.60297716,3.08235568,0.00000000,ABORT
4313,100.91281225,100.91751423,0.33345445,0.02087343,455.83153498,-88.65804613,28851.24413970,13682.03354186,0.00049308,0.00053244,0.01391310,0.60297716,3.08235568,0.00000000,ABORT
4314,100.95033538,100.95928003,0.03973354,0.02102062,550.58686784,1244.08775899,18183.18710444,20507.81675490,0.00049559,0.00052341,0.01817833,0.59973623,3.08235568,0.00000000,ABORT
4315,100.95601551,100.95428398,-0.02777479,0.02067214,233.47338048,1837.04619008,26774.28894759,25367.95961357,0.00046741,0.00052093,-0.03184300,0.59973623,3.08235568,0.00000000,ABORT
4316,101.00793604,101.00487933,0.05075574,0.02022710,487.90006486,3015.59621455,28010.65606299,22949.65152722,0.00047252,0.00052171,0.04624041,0.61467879,3.08235568,0.00000000,ABORT
4317,100.98096707,100.97537292,-0.28284521,0.02017016,-653.50901799,2494.69957786,20973.33170388,33746.68959744,0.00046523,0.00052189,-0.07888950,0.60054183,3.08235568,0.00000000,ABORT
4318,100.98813411,100.98916199,0.12525800,0.02047092,925.87961909,3174.53141518,23731.80496719,16476.31644627,0.00045995,0.00052119,0.03413600,0.60054183,3.08235568,0.00000000,ABORT
4319,101.01374541,101.01228128,-0.02748833,0.02037862,694.27269900,3539.39698318,25919.04143214,29311.78456717,0.00045930,0.00052018,0.01844426,0.60842096,3.08235568,0.00000000,ABORT
4320,101.05752423,101.06356892,-0.05647014,0.02099091,599.48715779,3871.58099447,26404.42004673,31660.60550697,0.00045946,0.00052109,0.01816752,0.60842096,3.08235568,0.00000000,ABORT
4321,101.04710885,101.04739907,0.06137119,0.02020820,-661.77479498,2580.54567943,30394.07811330,27065.81118076,0.00044777,0.00052101,-0.05419420,0.59171901,3.08235568,0.00000000,ABORT
4322,101.06235000,101.06033240,-0.02666149,0.02006790,713.13742766,2949.31653730,33271.72233334,32003.73580946,0.00043478,0.00051990,0.02565653,0.59148071,3.08235568,0.00000000,ABORT
4323,101.05524952,101.05005530,-0.06917543,0.02017947,-563.08051930,2916.09067256,27429.85978173,25284.05428460,0.00043400,0.00051534,-0.02234163,0.59148071,3.08235568,0.00000000,ABORT
4324,101.13348768,101.13078585,-0.02520706,0.02113673,333.58419997,3588.49370160,23330.01158431,27054.95288679,0.00042796,0.00051117,0.08533864,0.59148071,3.08235568,0.00000000,ABORT
4325,101.10965772,101.10743797,0.04197510,0.02037985,-405.84313276,3474.25579804,24824.89075597,18152.67731274,0.00042911,0.00050651,-0.10206812,0.59391667,3.08235568,0.00000000,ABORT
4326,101.01739817,101.02498727,0.18087096,0.02003400,-307.22260961,3899.43337798,25276.86347972,20816.38649982,0.00044249,0.00050448,-0.06842959,0.58926515,3.08235568,0.00000000,ABORT
4327,101.07811356,101.07416634,-0.15614357,0.02082054,107.46590426,4732.55521851,24345.98263769,30060.14086840,0.00044980,0.00050292,0.15297494,0.58926515,3.08235568,0.00000000,ABORT
4328,101.05030378,101.05992424,0.14886794,0.02106932,-61.76417222,5308.67367065,23564.40432870,19339.35099795,0.00045093,0.00050291,-0.08852517,0.58926515,3.08235568,0.00000000,ABORT
4329,101.04239237,101.05106646,0.15467457,0.02033862,-344.45820473,4242.38847613,31566.34099049,25062.62745572,0.00045106,0.00050289,0.01989836,0.58320679,3.09252498,1.00000000,PASSIVE_BUY
4330,100.99003462,100.99175010,-0.01086345,0.02008444,-717.88954389,3929.87348339,28820.75874316,29306.90407376,0.00045687,0.00050388,-0.04444634,0.58320679,3.05020945,2.00000000,PASSIVE_BUY
4331,100.90271069,100.90054506,-0.00780697,0.02050101,-640.32102065,3063.41193967,22409.54067722,23530.29182627,0.00047224,0.00050741,-0.03496618,0.59057924,2.87556159,0.00000000,ABORT
4332,100.89300980,100.88651125,-0.16029997,0.02072572,-690.37189607,2224.10144739,17405.72048362,20723.60194756,0.00047240,0.00050695,0.07762304,0.59057924,2.87556159,0.00000000,ABORT
4333,100.85714113,100.86240020,0.12047253,0.02023820,-245.29416727,2296.30112264,27440.33647339,23495.08535086,0.00047466,0.00050471,-0.02616779,0.59177819,2.87556159,0.00000000,ABORT
4334,100.85938410,100.86176943,0.25864157,0.02013979,406.27450242,2062.03053390,29535.80434797,17204.43380598,0.00047396,0.00050460,0.03811164,0.59177819,2.87556159,0.00000000,ABORT
4335,100.86752975,100.86420524,-0.10708124,0.02018004,337.07672960,2031.12153965,25993.36483254,28792.95947684,0.00046736,0.00050438,0.00590268,0.59428180,2.87556159,0.00000000,ABORT
4336,100.88187343,100.87926453,0.04612359,0.02032635,534.23819239,2542.17724571,22444.10550222,23457.18687700,0.00046641,0.00050140,0.00619803,0.59428180,2.87556159,0.00000000,ABORT
4337,100.86626756,100.86822056,-0.17590694,0.02000312,-485.61511866,2307.40284993,20045.58417831,28288.32525722,0.00046200,0.00049974,-0.02994955,0.57621440,2.88556316,1.00000000,PASSIVE_BUY
4338,100.88504310,100.88436291,0.16340547,0.02021113,337.69640203,1947.71782881,26404.55231904,22707.31749502,0.00045358,0.00049725,0.03438141,0.57621440,2.91444426,0.00000000,PASSIVE_SELL
4339,100.87318038,100.86938955,-0.01258386,0.02058264,-381.67465026,2253.02191804,31636.12748097,29701.61829852,0.00045033,0.00049728,-0.03063826,0.58042667,2.92473558,-1.00000000,PASSIVE_SELL
4340,100.89012713,100.88553696,-0.12571393,0.02029450,422.99840968,1946.22154774,20971.73879548,28714.24752530,0.00044300,0.00049723,0.02880946,0.58042667,2.91793609,-2.00000000,PASSIVE_SELL
4341,100.78958935,100.79181648,-0.15959398,0.02003974,-185.52887778,1291.41953775,25258.25571939,36012.96217114,0.00046255,0.00049954,-0.11748453,0.58042667,3.01672796,-1.00000000,PASSIVE_BUY
4342,100.81271539,100.81707783,0.00883195,0.02020781,331.71387099,848.25098787,33211.83640703,33178.32510780,0.00046255,0.00049740,0.12366382,0.58042667,3.00370582,0.00000000,PASSIVE_BUY
4343,100.79797837,100.79891380,0.10816947,0.02013976,-608.83914437,-150.65870826,27847.95663640,25231.79117610,0.00046119,0.00049607,-0.03786306,0.57336714,3.01377570,1.00000000,PASSIVE_BUY
4344,100.83497837,100.83542006,-0.14418814,0.02006340,659.33375602,98.44421644,17080.60416722,23506.17410817,0.00045911,0.00049680,0.05173702,0.55920096,3.06080740,2.00000000,PASSIVE_BUY
4345,100.84972188,100.84697949,-0.11136343,0.02063425,471.70183598,1109.49391475,19677.53197364,29470.54884152,0.00045939,0.00049436,-0.02225650,0.55920096,3.04700012,1.00000000,PASSIVE_SELL
4346,100.78214594,100.78176462,-0.08299539,0.02007989,-415.66548005,1242.94521884,19328.80160374,25078.00466929,0.00045514,0.00049645,-0.08231944,0.55347770,2.98946413,0.00000000,PASSIVE_SELL
4347,100.78717323,100.79008049,0.03275752,0.02095112,686.15366658,2014.77171853,20495.01208389,23962.43494034,0.00044800,0.00049647,0.07260322,0.55146528,2.99993969,1.00000000,PASSIVE_BUY
4348,100.80711694,100.80733945,-0.23331408,0.02030311,762.87787906,3278.67370619,19679.97291417,32624.05842654,0.00044735,0.00049655,0.01491641,0.56523543,3.03003494,2.00000000,PASSIVE_BUY
4349,100.83878179,100.84357808,0.03959775,0.02021237,698.39348107,4223.54425323,23611.10478643,26786.31043559,0.00044993,0.00049410,0.01172115,0.56523543,3.10347084,3.00000000,PASSIVE_BUY
4350,100.70898335,100.69996474,0.12010271,0.02037610,-561.56259208,3350.36810330,29198.65158119,15829.18317157,0.00047813,0.00050207,-0.16146330,0.56523543,2.88747987,2.00000000,PASSIVE_SELL
4351,100.72134366,100.72178829,-0.10467807,0.02017835,578.36995864,4622.37770932,15607.30640509,23904.37283292,0.00045745,0.00050000,0.14215876,0.56971087,2.92228967,3.00000000,PASSIVE_BUY
4352,100.71719731,100.72056973,0.08090550,0.02011897,-458.74111244,4625.81777537,25728.97142750,22271.00840620,0.00045400,0.00050000,-0.01650666,0.56971087,2.91991010,4.00000000,PASSIVE_BUY
4353,100.70213931,100.70444776,0.07070965,0.02033152,-723.20909011,4480.21614253,26862.09321648,22258.53319075,0.00042562,0.00049808,-0.01091165,0.57372070,2.86984387,5.00000000,PASSIVE_BUY
4354,100.66484706,100.66779265,0.00611426,0.02020006,-591.67820427,3316.86698161,28593.73220035,29259.46080063,0.00042530,0.00049865,-0.02223425,0.57372070,2.69348265,6.00000000,PASSIVE_BUY
4355,100.71090470,100.70233750,-0.08782541,0.02060526,169.23500319,3246.89474454,21641.44100418,21357.17480143,0.00042505,0.00049961,0.08334988,0.57060194,2.87697420,5.00000000,PASSIVE_SELL
4356,100.71775274,100.71748981,-0.06322286,0.02075541,899.57446812,3762.07690397,23371.76224515,26159.77324247,0.00042509,0.00049966,-0.03920959,0.56767626,2.89389965,4.00000000,PASSIVE_SELL
4357,100.73703407,100.74046420,0.23115381,0.02006428,676.61277913,3746.91671764,36417.71128431,21874.30931082,0.00042323,0.00049903,0.01243327,0.56767626,2.98105708,5.00000000,PASSIVE_BUY
4358,100.78936047,100.79553236,-0.07065363,0.02044156,280.14383469,4678.38345803,23858.30051880,29862.66410961,0.00043002,0.00050040,0.03304509,0.56767626,3.25290990,6.00000000,PASSIVE_BUY
4359,100.85776950,100.85299275,-0.21216216,0.02053149,222.31321819,4564.82519164,19696.56639213,26416.81378311,0.00042976,0.00050019,0.01608262,0.56759081,3.01567308,5.00000000,PASSIVE_SELL
4360,100.83414307,100.82582161,-0.03768013,0.02033998,-659.37111325,4428.28835801,26211.93867271,22495.35217015,0.00041966,0.00049909,-0.09203546,0.56594529,3.00259968,4.00000000,PASSIVE_SELL
4361,100.82546797,100.82248014,-0.00782191,0.02018638,-278.54092788,3523.96183936,26608.31265928,26015.88588876,0.00041731,0.00049896,0.01495132,0.56594529,3.00424815,3.00000000,PASSIVE_SELL
4362,100.85641104,100.85470137,0.05848635,0.02065819,570.55907780,3504.93053089,28424.67023432,23526.35443560,0.00041961,0.00049947,0.03961818,0.55815572,3.04504851,2.00000000,PASSIVE_SELL
4363,100.91154161,100.91270283,-0.04698158,0.02081013,926.17595395,3975.27494986,28444.42242045,29395.50807234,0.00042587,0.00049909,0.02418750,0.57264776,3.16571473,3.00000000,PASSIVE_BUY
4364,100.93543345,100.93464986,0.02140019,0.02015971,636.09927498,4060.78735701,29769.78820274,25146.61291063,0.00042392,0.00049716,-0.03123874,0.57264776,3.11285469,2.00000000,PASSIVE_SELL
4365,100.98804489,100.98563479,0.03216105,0.02067215,515.87401780,4343.18799432,33288.70764992,27528.90344072,0.00043017,0.00049776,0.02871960,0.58243467,3.17554598,1.00000000,PASSIVE_SELL
4366,100.97681576,100.98239678,0.14902858,0.02011735,-249.39421175,3605.89371771,25906.12429575,19604.98577865,0.00042428,0.00049372,-0.06384056,0.58243467,3.17437553,2.00000000,PASSIVE_BUY
4367,100.94306426,100.93636723,-0.14887768,0.02011747,-689.26219261,3570.14054309,25647.74441095,32356.42177667,0.00042521,0.00049410,-0.02252237,0.58243467,3.14637730,1.00000000,PASSIVE_SELL
4368,100.98515456,100.98429291,-0.07982222,0.02024898,852.15878169,3496.41970569,24177.25213931,30545.23125905,0.00042922,0.00048469,0.07584179,0.56547280,3.19859209,0.00000000,PASSIVE_SELL
4369,100.98466553,100.98418954,-0.04202625,0.02019544,-824.93844969,1977.20855699,27921.24138477,29869.64898423,0.00042768,0.00047156,-0.04257932,0.57252441,3.20868981,-1.00000000,PASSIVE_SELL
4370,100.99579341,100.99832685,-0.05365950,0.02037568,856.86812372,2234.58952292,21366.88153801,27051.38776702,0.00042342,0.00047141,0.01161690,0.55876308,3.20774977,0.00000000,PASSIVE_BUY
4371,100.93035269,100.93132307,0.15775119,0.02070393,-708.08917316,2188.27514474,26943.21417205,20519.37307316,0.00043254,0.00047177,-0.07656859,0.55876308,3.21810174,1.00000000,PASSIVE_BUY
4372,100.98042165,100.98032356,0.00069094,0.02019760,638.98462290,2114.12233997,29566.10643109,29391.51071253,0.00043798,0.00047307,0.11550967,0.54703558,3.26817069,1.00000000,HOLD
4373,100.89704504,100.90019758,-0.11709090,0.02055518,-469.52044932,2207.68240996,24582.90022370,32678.12092991,0.00045239,0.00047541,-0.13344556,0.53578324,3.19507167,2.00000000,PASSIVE_BUY
4374,100.93430534,100.93379103,-0.04399502,0.02045096,595.00783440,2469.10604439,22550.21774541,25200.65484251,0.00044140,0.00047270,0.12063691,0.53578324,3.23867103,1.00000000,PASSIVE_SELL
4375,100.95199202,100.94969216,-0.07124196,0.02027993,647.05918424,3522.00836139,24426.09747418,26528.37218644,0.00044149,0.00047219,-0.01957363,0.53465881,3.26649767,0.00000000,PASSIVE_SELL
4376,100.93878340,100.93545324,-0.08138093,0.02030224,-506.48958686,3322.74138414,27998.50112042,34964.39601908,0.00042346,0.00047143,-0.03089530,0.53465881,3.27664879,-1.00000000,PASSIVE_SELL
4377,100.88390184,100.88709373,-0.09557407,0.02008638,-281.51355721,2933.76192267,21318.59340967,28901.63851537,0.00042045,0.00047192,-0.04167294,0.53659543,3.34157353,0.00000000,PASSIVE_BUY
4378,100.86430533,100.86202236,0.19450201,0.02004191,-467.99229307,2527.53380182,30708.49480233,20384.10831056,0.00041969,0.00046846,0.03528505,0.53659543,3.35159449,-1.00000000,PASSIVE_SELL
4379,100.79933477,100.79248390,-0.08486501,0.02031671,-602.38608061,2269.60592594,26212.48644018,30432.30517436,0.00042820,0.00046849,-0.04537405,0.54885525,3.42672340,-2.00000000,PASSIVE_SELL
4380,100.77178988,100.77191341,0.14539511,0.02036707,-414.38015799,2573.11531184,27375.10875216,18863.95733752,0.00042418,0.00046873,0.03742566,0.54885525,3.41169336,-1.00000000,PASSIVE_BUY
4381,100.80477851,100.80524714,-0.07230045,0.02033471,736.21202317,3949.64835566,22440.67714489,29539.54675504,0.00041061,0.00046810,0.06053353,0.53894787,3.38887208,0.00000000,PASSIVE_BUY
4382,100.82256998,100.82275359,0.15257237,0.02122110,730.38888863,5370.40914036,23349.78025200,19236.63308157,0.00041136,0.00046722,-0.01519717,0.54681419,3.39948263,1.00000000,PASSIVE_BUY
4383,100.85001957,100.84773844,0.04735346,0.02003685,568.53960409,6184.24291172,31382.83724654,26531.33273391,0.00041032,0.00046719,0.00965812,0.54681419,3.43695064,0.00000000,PASSIVE_SELL
4384,100.79716051,100.80353884,0.00203580,0.02014624,-250.56312322,5527.40528609,30912.64515642,35865.02729132,0.00041678,0.00046466,-0.08030865,0.54751647,3.44702376,1.00000000,PASSIVE_BUY
4385,100.77361569,100.77328638,0.11214566,0.02061191,-540.87068635,4649.45787013,31968.32495245,23155.23742165,0.00041770,0.00046433,0.02931424,0.54751647,3.43378490,0.00000000,PASSIVE_SELL
4386,100.74456582,100.73987441,-0.02691827,0.02014909,-578.66303409,3536.55664364,28605.79616924,23979.31415052,0.00041873,0.00046435,-0.00550505,0.54904194,3.44385945,-1.00000000,PASSIVE_SELL
4387,100.75242757,100.75607744,0.02305602,0.02055297,457.05369839,4479.22546069,23360.46539719,22706.41095430,0.00041858,0.00046282,0.03691162,0.54904194,3.44627418,0.00000000,PASSIVE_BUY
4388,100.73463426,100.73589753,-0.06795451,0.02015952,-620.69767808,3520.83138059,23104.50284350,26010.34551435,0.00041804,0.00046278,-0.02565506,0.53794590,3.45635394,1.00000000,PASSIVE_BUY
4389,100.71673469,100.71397237,-0.17214683,0.02009976,-889.76036932,3012.74566152,22666.38641064,27970.61698138,0.00041838,0.00046284,-0.00010625,0.55169403,3.44850426,0.00000000,PASSIVE_SELL
4390,100.71754543,100.71896958,0.08213444,0.02091971,696.04050979,3285.78776163,29563.02787478,27716.54483075,0.00041745,0.00046241,0.01871031,0.55169403,3.45896411,1.00000000,PASSIVE_BUY
4391,100.78916651,100.79067228,-0.03454560,0.02052639,673.39176540,4144.70840480,24161.66081242,26602.96519098,0.00040702,0.00046354,0.07081034,0.55401189,3.54084838,2.00000000,PASSIVE_BUY
4392,100.73991335,100.73235174,0.01068327,0.02055046,-742.99203372,3070.00250009,26536.58387715,28286.99075410,0.00041132,0.00046258,-0.12087424,0.55401189,3.44542316,1.00000000,PASSIVE_SELL
4393,100.73632898,100.73609693,0.01505879,0.02093680,-457.86340443,3220.97824002,31701.38672682,27879.42793228,0.00041090,0.00046147,0.04566879,0.56040451,3.45230719,0.00000000,PASSIVE_SELL
4394,100.69438028,100.69034426,-0.03680009,0.02084152,-841.31505757,1720.32942644,23170.61462910,21100.24784198,0.00041108,0.00046179,-0.03836433,0.55930285,3.46272795,-1.00000000,PASSIVE_SELL
4395,100.66542742,100.66167724,-0.02473143,0.02043613,-371.47542079,877.15216967,24308.91965804,26532.71681640,0.00041189,0.00046167,0.01299583,0.55930285,3.50189888,-2.00000000,PASSIVE_SELL
4396,100.62601812,100.62173691,-0.07490246,0.02069987,-577.30034901,715.51730070,17501.27000585,22287.97081959,0.00040511,0.00046153,-0.01045643,0.55987371,3.59106741,-3.00000000,PASSIVE_SELL
4397,100.65789540,100.66318120,-0.08831413,0.02038427,872.99204672,902.35568084,22412.51795439,29526.54576327,0.00040789,0.00046154,0.07128657,0.55987371,3.45649119,-2.00000000,PASSIVE_BUY
4398,100.63349402,100.63049189,-0.17787538,0.02008643,-629.77384735,-490.29604556,16218.64000971,23098.41888012,0.00040772,0.00046154,-0.05627866,0.55987371,3.51533717,-3.00000000,PASSIVE_SELL
4399,100.58312696,100.58506964,0.19324876,0.02041086,-244.78773321,-1433.47725984,26293.86514957,20415.56864310,0.00040974,0.00046273,-0.02596567,0.54332839,3.52985766,-2.00000000,PASSIVE_BUY
4400,100.56609690,100.56395620,0.15040260,0.02044279,-548.24155252,-1420.15622027,25382.41861457,16922.34589465,0.00037020,0.00046222,0.03333700,0.54332839,3.57413916,-3.00000000,PASSIVE_SELL
4401,100.60738035,100.60812727,-0.11944658,0.02045127,808.60312662,-1189.92305229,26517.20020131,36740.76425594,0.00037471,0.00046012,0.05831351,0.54400315,3.50671631,-2.00000000,PASSIVE_BUY
4402,100.66668574,100.66889434,0.04972485,0.02030133,824.39283822,93.21089837,21505.00435540,20739.22234670,0.00038436,0.00045413,0.01802194,0.54712194,3.45763656,-1.00000000,PASSIVE_BUY
4403,100.72440568,100.72452327,-0.15632543,0.02048898,687.81440383,1504.23439231,17447.51226513,27990.55585806,0.00039235,0.00045605,-0.00158545,0.55454578,3.41016111,0.00000000,PASSIVE_BUY
4404,100.75445859,100.75131567,-0.06849783,0.02016525,571.58057748,2667.49317406,23994.76509801,28469.37063818,0.00039074,0.00045660,-0.02766704,0.55454578,3.42024373,-1.00000000,PASSIVE_SELL
4405,100.69807632,100.70140613,-0.12188842,0.02037222,-345.28371989,2152.97445098,21391.18655882,29259.78812956,0.00039379,0.00045800,-0.08643517,0.54168163,3.48681211,0.00000000,PASSIVE_BUY
4406,100.65257302,100.65613081,0.08360088,0.02028943,-520.77821818,732.62176469,24194.90124799,19510.28056850,0.00039863,0.00045716,0.01087897,0.54168163,3.49695682,1.00000000,PASSIVE_BUY
4407,100.66333318,100.66545177,0.10904754,0.02032590,602.99848803,659.00747358,29970.90731802,25226.76806372,0.00039793,0.00045587,0.05626345,0.52281199,3.51787993,2.00000000,PASSIVE_BUY
4408,100.66771599,100.66539532,-0.02679194,0.02003650,273.89543516,652.75907405,26063.02513870,25384.44945642,0.00039068,0.00044585,-0.00637734,0.52281199,3.50672883,1.00000000,PASSIVE_SELL
4409,100.70908878,100.70049809,-0.06067912,0.02071903,70.62517247,501.07102833,26834.04833597,27891.12163709,0.00038277,0.00044687,0.03698998,0.52281199,3.55846114,0.00000000,PASSIVE_SELL
4410,100.71087443,100.72015223,0.27241287,0.02049100,738.49074852,1898.93289010,18613.85627320,13595.60174219,0.00038169,0.00044640,-0.03958714,0.53339913,3.56870664,1.00000000,PASSIVE_BUY
4411,100.72097976,100.71629464,-0.27526910,0.02005034,111.15381124,2288.62762922,18118.48966696,29051.64477810,0.00038198,0.00044563,0.00831968,0.53339913,3.58883714,0.00000000,PASSIVE_SELL
4412,100.65606182,100.65596712,0.16147722,0.02007228,-506.06778452,1212.00076690,25154.01017820,17355.35785198,0.00038883,0.00044661,-0.07502326,0.51741501,3.58883714,0.00000000,HOLD
4413,100.55790598,100.55904759,-0.16897900,0.02039894,-784.57865512,-498.75384217,17190.16114679,25273.72933538,0.00040113,0.00044808,-0.03323790,0.53046577,3.59903661,1.00000000,PASSIVE_BUY
4414,100.47645821,100.47552953,-0.02376908,0.02012512,-854.87626985,-1989.72938701,28515.42297890,27290.47933332,0.00041175,0.00044854,0.01670806,0.54059529,3.52765139,0.00000000,PASSIVE_SELL
4415,100.53402552,100.52911632,0.02599434,0.02012011,542.58635537,-1963.01704943,31144.75784203,27300.09929788,0.00041335,0.00045018,0.13901508,0.54059529,3.53771145,-1.00000000,PASSIVE_SELL
4416,100.46721041,100.46935562,0.07053599,0.02013170,-333.09837134,-2046.72120902,33971.57806646,27051.50033053,0.00042111,0.00045246,-0.12438241,0.53390228,3.61459240,0.00000000,PASSIVE_BUY
4417,100.47399316,100.48173136,0.04328956,0.02044462,469.36361236,-888.09540405,26041.73126709,23382.39678829,0.00042042,0.00045158,0.07359785,0.53390228,3.62481471,1.00000000,PASSIVE_BUY
4418,100.41887928,100.42459838,0.26217358,0.02103162,-414.74842115,-2155.00260689,32454.31429968,17307.24591047,0.00041872,0.00045262,-0.06189663,0.53390228,3.58021665,2.00000000,PASSIVE_BUY
4419,100.49832778,100.49779291,-0.02932029,0.02021386,282.66887109,-1047.39528611,28737.32034992,29979.83790973,0.00043722,0.00045631,0.13456238,0.52244079,3.67685303,1.00000000,PASSIVE_SELL
4420,100.51377694,100.51309746,-0.04408027,0.02014303,503.18236911,-1401.08104072,20937.52695243,19790.70659532,0.00043767,0.00045545,-0.06399934,0.52244079,3.70237370,0.00000000,PASSIVE_SELL
4421,100.47405169,100.48169739,0.08351928,0.02027367,-367.97990703,-1060.97177459,24683.61006885,25597.88168206,0.00043269,0.00045513,-0.05517441,0.51252733,3.71251053,1.00000000,PASSIVE_BUY
4422,100.47912949,100.47663077,-0.03522460,0.02038141,292.87325950,-1407.08313798,28737.78943862,28742.30289723,0.00042504,0.00045467,0.04480305,0.50656782,3.72777904,0.00000000,PASSIVE_SELL
4423,100.46441668,100.46644184,0.05728121,0.02051378,-478.38673336,-1415.94942203,28097.42976076,24825.96495680,0.00041227,0.00045453,-0.01979061,0.50656782,3.73803593,1.00000000,PASSIVE_BUY
4424,100.48677846,100.48266042,-0.10641170,0.02031332,354.14209678,-1656.81515965,17503.38268061,20695.89795054,0.00040953,0.00045483,0.03707458,0.49034369,3.77055436,0.00000000,PASSIVE_SELL
4425,100.59411640,100.59215596,0.02324477,0.02098614,468.91859965,-1834.95574423,27737.11170265,29327.09372720,0.00043903,0.00045804,0.08497617,0.49034369,3.78104743,-1.00000000,PASSIVE_SELL
4426,100.64945902,100.65189905,-0.03838591,0.02026334,654.02195249,-674.44420489,22746.54471919,24398.50609522,0.00044744,0.00045985,-0.05199532,0.49897178,3.73583648,0.00000000,PASSIVE_BUY
4427,100.62964482,100.63733644,0.05058906,0.02045627,-412.37754990,-805.30819758,26933.86435894,29562.72124960,0.00044251,0.00045994,-0.07515683,0.49897178,3.74606461,1.00000000,PASSIVE_BUY
4428,100.62319245,100.62702244,0.04760300,0.02027678,-501.28552000,-838.60142450,24525.67965936,23414.82528680,0.00044204,0.00045986,0.01336183,0.49897178,3.74975063,2.00000000,PASSIVE_BUY
4429,100.57370867,100.57142306,-0.10919765,0.02025870,-800.08053098,-1036.29587488,24380.36799739,24886.92878842,0.00043842,0.00046102,-0.04303140,0.51591033,3.69330978,1.00000000,PASSIVE_SELL
4430,100.59708243,100.59830256,0.12961884,0.02026407,876.24449040,254.32877351,25119.23304030,18478.17932381,0.00043887,0.00046074,0.07285754,0.50972157,3.72681557,2.00000000,PASSIVE_BUY
4431,100.67834317,100.67449800,0.06114602,0.02020478,531.87608702,49.99283736,36183.93156439,31143.50539121,0.00045175,0.00046062,0.05788697,0.51683191,3.79638808,1.00000000,PASSIVE_SELL
4432,100.66718315,100.66047267,-0.17240313,0.02035255,-604.04232552,-1284.43837679,17948.26577266,26764.76498933,0.00045098,0.00045932,-0.09242075,0.51683191,3.79540434,0.00000000,PASSIVE_SELL
4433,100.63900562,100.64627043,0.11199412,0.02026166,-160.08744946,-2013.06543033,24168.81072598,21561.14730295,0.00045018,0.00045962,-0.01701751,0.52806001,3.80553517,1.00000000,PASSIVE_BUY
4434,100.65897040,100.65742744,0.11541274,0.02069035,297.68403573,-1464.81827139,30939.64292810,21554.36750365,0.00044604,0.00045830,0.04814232,0.52806001,3.83584513,0.00000000,PASSIVE_SELL
4435,100.60051841,100.60819882,0.02135647,0.02008119,-263.52437801,-1187.47196305,29826.51907574,32678.77935476,0.00045186,0.00045935,-0.07841678,0.52460997,3.84588573,1.00000000,PASSIVE_BUY
4436,100.62655752,100.62633889,0.08253265,0.02067393,294.59314981,-314.21577914,27646.22117560,21870.90633333,0.00045221,0.00045966,0.08449111,0.52460997,3.88226180,0.00000000,PASSIVE_SELL
4437,100.57422988,100.57744881,0.04607535,0.02038319,-300.43362346,-1071.70310099,28127.01585700,25513.13175329,0.00045725,0.00046016,-0.07836675,0.52460997,3.89245340,1.00000000,PASSIVE_BUY
4438,100.56553152,100.56402820,0.11972600,0.02040948,-151.52342633,-602.52884925,32054.67484295,25005.54522560,0.00045686,0.00045693,0.04362929,0.52460997,3.89395978,0.00000000,PASSIVE_SELL
4439,100.55735548,100.55239982,0.08775554,0.02045920,-524.83585905,-237.60433898,31770.23043013,21661.05024034,0.00045646,0.00045685,0.00052231,0.51435106,3.90418938,-1.00000000,PASSIVE_SELL
4440,100.60760194,100.60592284,0.00764936,0.02144857,776.30754303,-157.33730574,27855.49291191,25338.39897795,0.00046246,0.00045556,0.05842249,0.50481976,3.86466722,-2.00000000,PASSIVE_SELL
4441,100.59838632,100.59991242,0.18378140,0.02014999,-489.37322463,-1320.10229576,33135.12675613,23843.01313268,0.00045052,0.00045525,-0.05946206,0.50481976,3.88852911,-1.00000000,PASSIVE_BUY
4442,100.67814063,100.67698398,-0.22736683,0.02154363,445.82901853,-131.28124351,23921.86241270,39983.27734622,0.00046048,0.00045771,0.08896992,0.50025954,3.81954662,-2.00000000,PASSIVE_SELL
4443,100.67545809,100.67281752,-0.35666420,0.02074553,-296.91615487,29.66600605,13545.91436836,28747.32404981,0.00046047,0.00045753,-0.08243685,0.50025954,3.83528447,-3.00000000,PASSIVE_SELL
4444,100.64858076,100.64698214,-0.08520374,0.02030869,-397.17940076,473.80166286,24305.54017470,26425.31647450,0.00045831,0.00045730,-0.02419478,0.50025954,3.92607079,-4.00000000,PASSIVE_SELL
4445,100.75164658,100.75961975,0.24025706,0.02087602,661.04599800,1506.32308165,27314.57010251,17825.81770940,0.00047868,0.00046219,0.12994313,0.48876054,3.78152895,-3.00000000,PASSIVE_BUY
4446,100.69414999,100.69435279,-0.11794172,0.02072505,-439.93090081,1643.69252986,21481.41324551,28439.23573077,0.00048239,0.00046392,-0.16056239,0.48876054,3.84953902,-2.00000000,PASSIVE_BUY
4447,100.66512539,100.66344147,-0.17928273,0.02056491,-650.03672908,120.66375407,24979.65433103,30891.66210326,0.00048222,0.00046422,0.02847198,0.50227003,3.91787069,-3.00000000,PASSIVE_SELL
4448,100.70549485,100.71209097,0.02680092,0.02045682,937.83597883,1688.27358025,19368.63766900,23776.55004060,0.00048412,0.00046001,0.06939406,0.50227003,3.83553508,-2.00000000,PASSIVE_BUY
4449,100.69258693,100.69216309,0.14323615,0.02004726,-762.24332759,1170.81798586,24358.84673101,19115.33916392,0.00047898,0.00045745,-0.05327737,0.49548037,3.87137454,-3.00000000,PASSIVE_SELL
4450,100.67238717,100.67673201,-0.09659972,0.02019861,-332.57120955,1386.48832883,25113.68006216,34456.09474821,0.00047925,0.00045750,-0.00729185,0.49548037,3.87121991,-2.00000000,PASSIVE_BUY
4451,100.73406815,100.73558711,0.13897279,0.02062008,434.88495342,1012.77015562,33593.25741442,24097.41059193,0.00048335,0.00045960,0.08188075,0.48325521,3.81963823,-1.00000000,PASSIVE_BUY
4452,100.71927223,100.71516853,-0.05615806,0.02056636,-873.66964791,-685.29233050,21602.52158408,19554.16249761,0.00047711,0.00045968,-0.07647690,0.49369616,3.84471733,-2.00000000,PASSIVE_SELL
4453,100.76985480,100.77083388,-0.03355158,0.02077497,855.92998011,-517.17675422,19173.26319895,23513.79579081,0.00047553,0.00045731,0.06537850,0.49369616,3.78675022,-1.00000000,PASSIVE_BUY
4454,100.75565515,100.76528272,0.14125264,0.02118055,-400.56602622,-1489.32335792,24507.78922087,22346.84712524,0.00047416,0.00045539,-0.06478223,0.48921988,3.81154015,0.00000000,PASSIVE_BUY
4455,100.70273638,100.70578395,0.14926641,0.02061886,-602.71932538,-1746.75896341,30235.25271107,22522.68608001,0.00047338,0.00045613,-0.03871912,0.48921988,3.82184958,1.00000000,PASSIVE_BUY
4456,100.67095474,100.66846319,0.03594093,0.02065655,-570.98856595,-1796.96931118,34196.98277590,30909.60633401,0.00047115,0.00044698,0.02113713,0.48753925,3.80039621,0.00000000,PASSIVE_SELL
4457,100.76409160,100.75708313,-0.01554860,0.02062149,419.19145310,-1980.77634611,27127.34052725,23438.32615096,0.00048833,0.00045132,0.12491850,0.48753925,3.81070695,-1.00000000,PASSIVE_SELL
4458,100.78155363,100.79002771,0.08025476,0.02029900,908.78878358,-1345.88299768,27794.78252577,29009.10714917,0.00048879,0.00044837,-0.07567483,0.48411431,3.80339443,0.00000000,PASSIVE_BUY
4459,100.80090200,100.80193402,0.02837189,0.02022471,280.54400293,-1135.96416723,27053.88456399,27003.14851286,0.00048627,0.00044861,0.00188634,0.48411431,3.81350678,1.00000000,PASSIVE_BUY
4460,100.69235751,100.68957186,0.00646212,0.02077395,-347.21341307,-2221.66832882,26891.69309448,25166.27133177,0.00050989,0.00045480,-0.12789285,0.48411431,3.71534927,0.00000000,PASSIVE_SELL
4461,100.73388267,100.73368657,0.07081328,0.02035481,279.27519844,-2053.54694162,26358.92530767,22551.80283002,0.00051302,0.00045460,0.15006964,0.49672504,3.72552668,-1.00000000,PASSIVE_SELL
4462,100.74011429,100.74019527,-0.08534992,0.02027755,636.09603735,-911.38311976,27759.48046133,31134.35399028,0.00050466,0.00045458,-0.03529353,0.50552886,3.71929505,-1.00000000,HOLD
4463,100.78095305,100.78175044,0.05555157,0.02042911,722.57862516,595.77416052,26930.50126949,25305.25642105,0.00048708,0.00045542,0.03460713,0.50552886,3.68867085,0.00000000,PASSIVE_BUY
4464,100.78963730,100.78247366,0.09794612,0.02050596,303.89112432,1754.54155470,35817.84523456,22721.40789208,0.00047154,0.00045528,-0.03215450,0.50552886,3.69892383,-1.00000000,PASSIVE_SELL
4465,100.81591115,100.81704607,-0.00114602,0.02017092,834.13683594,2046.09203526,26433.32996764,30409.82291424,0.00046678,0.00044819,0.01758959,0.52114770,3.68273545,0.00000000,PASSIVE_BUY
4466,100.81451132,100.82152600,0.03046369,0.02081466,-464.47211095,1914.71829565,24992.24755589,21688.01614386,0.00045544,0.00044815,-0.02767367,0.52114770,3.69314278,1.00000000,PASSIVE_BUY
4467,100.82698980,100.81935952,-0.06629222,0.02101843,91.33262364,1536.68730693,25103.34470190,25364.54714738,0.00045550,0.00044604,0.01387831,0.53529969,3.71613048,0.00000000,PASSIVE_SELL
4468,100.74487812,100.74529311,0.16145608,0.02013319,-370.76876751,1580.66696057,26799.02521918,19461.44309018,0.00046417,0.00044819,-0.09459016,0.53411943,3.72619707,1.00000000,PASSIVE_BUY
4469,100.74466656,100.75155443,-0.12420769,0.02032266,-431.91658077,866.08150871,19489.05606260,26989.46770098,0.00045249,0.00044762,0.08190011,0.53411943,3.73614684,2.00000000,PASSIVE_BUY
4470,100.64404898,100.64520521,-0.11322428,0.02048642,-657.21771382,-294.31857422,22308.94521938,29276.90302950,0.00047537,0.00045196,-0.10040602,0.53471760,3.54515489,3.00000000,PASSIVE_BUY
4471,100.65951020,100.66348572,0.12919556,0.02011509,523.11252701,596.77385981,30606.51242960,24789.57674518,0.00047184,0.00044890,0.11607880,0.53471760,3.60159609,4.00000000,PASSIVE_BUY
4472,100.55662961,100.55486515,-0.05988477,0.02033523,-686.89722014,-382.99661983,24992.99857661,24763.95133789,0.00049459,0.00045097,-0.11834181,0.52884830,3.56428106,3.00000000,PASSIVE_SELL
4473,100.55652118,100.55455622,0.14124279,0.02019247,-719.53065942,-624.14054589,26527.81591203,15378.13731766,0.00049405,0.00045080,0.10277217,0.52884830,3.57441163,2.00000000,PASSIVE_SELL
4474,100.56511095,100.56708324,-0.01259860,0.02026539,920.68471441,-57.59792826,27015.13933645,29306.76139743,0.00049329,0.00044646,0.00869820,0.51224981,3.60172387,3.00000000,PASSIVE_BUY
4475,100.70823354,100.70813237,0.02737419,0.02018607,716.07084995,189.55432203,30420.01607852,30639.59378885,0.00051061,0.00045789,0.13453282,0.52267467,3.73000691,2.00000000,PASSIVE_SELL
4476,100.69727854,100.69341398,-0.19645116,0.02021397,-532.98654056,-997.45417102,20964.38284796,33875.15808951,0.00050530,0.00045657,-0.15407760,0.52267467,3.72914494,1.00000000,PASSIVE_SELL
4477,100.65737613,100.66116328,0.09635815,0.02027774,-174.71351788,-759.79013899,30067.91060870,23950.50677880,0.00050770,0.00045734,-0.02894740,0.51805258,3.69938141,2.00000000,PASSIVE_BUY
4478,100.55808495,100.55343790,-0.00769798,0.02062721,-575.42310354,-833.92772254,30880.77501749,27349.10350716,0.00052633,0.00046233,-0.05938878,0.51805258,3.62002548,1.00000000,PASSIVE_SELL
4479,100.57721829,100.57828822,-0.02160001,0.02115293,568.58883034,534.74163879,23346.76043080,23609.36611286,0.00052256,0.00046250,0.11842453,0.51805258,3.64973529,2.00000000,PASSIVE_BUY
4480,100.55794141,100.55815733,0.08701209,0.02002686,-366.88163585,-708.38448746,25377.15596296,22675.31834679,0.00052217,0.00046259,-0.03841023,0.50980613,3.62119495,3.00000000,PASSIVE_BUY
4481,100.57247453,100.57750053,0.12194847,0.02022797,507.81672160,-732.44385289,31556.96138095,24779.57739630,0.00050957,0.00046247,0.03381002,0.50980613,3.67490832,4.00000000,PASSIVE_BUY
4482,100.56853856,100.56871394,0.13429194,0.02020860,-638.22825935,-766.62978672,27621.70083089,22153.93502644,0.00050942,0.00046247,-0.01846910,0.49260329,3.66926873,5.00000000,PASSIVE_BUY
4483,100.58010378,100.57680493,0.04037365,0.02031757,368.31612969,-238.22620757,22378.32657901,21878.12674871,0.00050838,0.00046251,0.01550119,0.49260329,3.61921388,4.00000000,PASSIVE_SELL
4484,100.69318092,100.70191571,-0.16165367,0.02044730,741.57054433,205.66030103,17002.80227393,32917.33091517,0.00053198,0.00046929,0.10151192,0.50151870,4.08174609,5.00000000,PASSIVE_BUY
4485,100.72526372,100.72917984,-0.01217713,0.02018618,370.16769755,839.35237659,25009.47220760,30154.83534134,0.00052699,0.00046821,-0.08099434,0.50151870,4.25225319,6.00000000,PASSIVE_BUY
4486,100.69924103,100.70749678,0.08354704,0.02039431,-383.41843941,161.34078737,26841.23393303,27478.03948941,0.00052737,0.00046817,-0.05810549,0.48572561,4.10631418,7.00000000,PASSIVE_BUY
4487,100.70707811,100.70873515,0.13500104,0.02053673,531.23261815,993.00702898,30734.13999875,26466.77755955,0.00052186,0.00046698,0.03385977,0.48572561,4.17144208,8.00000000,PASSIVE_BUY
4488,100.70704820,100.70504311,0.08695461,0.02039523,-125.84393631,1018.68651901,27518.80033155,18914.25131927,0.00052163,0.00046475,-0.00786698,0.46834876,3.66258257,7.00000000,PASSIVE_SELL
4489,100.65605748,100.65839517,0.20533249,0.02020304,-487.37562299,1056.14675507,35369.98407574,23379.32083907,0.00052678,0.00046516,-0.05096082,0.46586926,3.31574904,8.00000000,PASSIVE_BUY
4490,100.62491683,100.62606734,-0.08000519,0.02040150,-605.87798454,-326.03877249,18564.58941560,26450.45905840,0.00052421,0.00046371,0.01985007,0.46586926,3.07682461,9.00000000,PASSIVE_BUY
4491,100.59051161,100.58750231,0.12322374,0.02001496,-723.50204932,-560.16759719,28316.40374148,21054.60352623,0.00052629,0.00046416,-0.00326458,0.46796137,3.55649259,8.00000000,PASSIVE_SELL
4492,100.60287628,100.60934012,-0.02436718,0.02027865,622.27370285,-383.72291287,27430.66017128,28582.60723356,0.00051429,0.00046393,0.04676990,0.46796137,3.66554928,9.00000000,PASSIVE_BUY
4493,100.57831971,100.58178459,0.16690594,0.02010096,-375.05292713,-461.85968513,29737.94239224,24146.80474386,0.00051529,0.00046390,-0.03692123,0.45932250,3.45459069,10.00000000,PASSIVE_BUY
4494,100.62507589,100.62688375,0.01577900,0.02065677,302.37221413,237.69192976,29916.95575691,26734.74031946,0.00051843,0.00046389,0.07131274,0.45932250,3.93248086,11.00000000,PASSIVE_BUY
4495,100.72084963,100.71509752,0.13941117,0.02037460,128.34547720,-295.00859103,26571.02212195,17013.83509852,0.00051566,0.00046875,0.04901755,0.45932250,3.66754306,10.00000000,PASSIVE_SELL
4496,100.76274853,100.77041054,-0.05160981,0.02031357,511.05597658,655.97828635,24349.90576892,34545.58411590,0.00051254,0.00046638,-0.05387483,0.45932250,4.09668885,11.00000000,PASSIVE_BUY
4497,100.89992488,100.89052923,-0.26190945,0.02007862,66.94646978,1372.96148521,17080.54564756,27913.54362579,0.00054412,0.00047435,0.09527745,0.47343030,3.84599069,10.00000000,PASSIVE_SELL
4498,100.88013975,100.88312789,0.01472081,0.02007164,-235.74951812,199.37598825,21791.89172068,25453.60541225,0.00054276,0.00047401,-0.15696148,0.47634395,3.65817526,11.00000000,PASSIVE_BUY
4499,100.86103485,100.86110120,-0.10199605,0.02074438,-590.62862210,370.99069374,24868.40741103,33266.68143490,0.00054320,0.00047419,0.00068022,0.47634395,3.44802132,11.00000000,HOLD
4500,100.86230071,100.86383063,-0.00240128,0.02007939,501.27334730,1204.83525060,19413.65525998,16566.72463208,0.00054218,0.00047305,0.02037076,0.46774342,3.47198548,12.00000000,PASSIVE_BUY
4501,100.83666808,100.84615291,0.12973596,0.02017781,-331.33118985,438.61910733,29944.51966332,27032.12395357,0.00053736,0.00046764,-0.02689849,0.46774342,3.17448289,13.00000000,PASSIVE_BUY
4502,100.74977003,100.75520607,0.14961343,0.02018376,-553.34642584,758.94232939,26991.36372534,18935.70572162,0.00055097,0.00047061,-0.06126543,0.46774342,2.05490009,14.00000000,PASSIVE_BUY
4503,100.71761333,100.71722114,0.09939677,0.02073380,-378.36515558,-475.35280631,29014.52761858,24024.27162358,0.00054817,0.00046421,0.05474135,0.47034725,3.65471829,13.00000000,PASSIVE_SELL
4504,100.65057487,100.64210518,-0.11900610,0.02024197,-387.27251324,-462.05929332,20719.60640130,23375.57606157,0.00055555,0.00046586,-0.03488175,0.47034725,3.60075180,12.00000000,PASSIVE_SELL
4505,100.67752414,100.67456049,0.04322680,0.02056665,386.46167094,527.12170300,32630.46059819,29269.72898882,0.00055223,0.00046505,0.09398772,0.47034725,3.63619866,11.00000000,PASSIVE_SELL
4506,100.72068991,100.72535059,-0.02860141,0.02084676,587.69185701,1685.80212596,25962.62687331,26536.56370411,0.00055369,0.00046604,0.01621650,0.47521908,4.12144547,12.00000000,PASSIVE_BUY
4507,100.70407185,100.69785280,0.07197346,0.02017073,-668.68899281,597.92168006,31723.68589494,25763.29269045,0.00053848,0.00046557,-0.05978383,0.47521908,3.66285436,11.00000000,PASSIVE_SELL
4508,100.66324724,100.66382709,0.10278707,0.02005675,-517.98762730,-828.85473083,21619.07972791,14192.77274974,0.00054059,0.00046641,-0.02420654,0.49114280,3.22381210,12.00000000,PASSIVE_BUY
4509,100.69913735,100.69423692,-0.17440753,0.02052559,450.80598144,-658.59275231,19171.03009810,25785.92156401,0.00054239,0.00046453,0.07671471,0.49114280,3.66122378,11.00000000,PASSIVE_SELL
4510,100.63332132,100.64179366,0.11860447,0.02070346,-67.64023007,-379.01956931,27045.60351190,23795.49380744,0.00052896,0.00046418,-0.10170614,0.49190683,2.94759919,12.00000000,PASSIVE_BUY
4511,100.67436555,100.67036303,0.19675347,0.02052219,84.90574643,-573.38902131,30561.92473495,19523.55730317,0.00052888,0.00046456,0.10686026,0.49190683,3.64367152,11.00000000,PASSIVE_SELL
4512,100.73842810,100.74059159,0.01009231,0.02017500,565.29552781,-644.18953085,21530.21099483,20893.30573587,0.00053654,0.00046677,0.02301831,0.50355453,4.35844702,12.00000000,PASSIVE_BUY
4513,100.77118579,100.76606166,-0.00565513,0.02021551,423.70125490,-943.06690111,26453.90942784,24596.16755017,0.00053544,0.00046715,-0.03130485,0.50355453,3.73838233,11.00000000,PASSIVE_SELL
4514,100.79104317,100.79296111,-0.10075359,0.02002947,645.03580293,-601.92222251,24438.70754603,31065.64086758,0.00053603,0.00046660,-0.01290032,0.50905824,3.96682823,12.00000000,PASSIVE_BUY
4515,100.77484950,100.77995631,0.08499700,0.02063133,-379.68729319,-1815.74635163,29114.03574970,26791.39192804,0.00053518,0.00046671,-0.03605105,0.50905824,3.78281982,13.00000000,PASSIVE_BUY
4516,100.79357880,100.79480550,0.03113285,0.02001730,596.78557456,-754.48866612,20993.41205245,22035.31298847,0.00053587,0.00046544,0.03492297,0.49600964,4.03630933,14.00000000,PASSIVE_BUY
4517,100.79777507,100.80090936,0.09651615,0.02082201,677.24860286,-168.57268691,27826.69566753,21041.80333947,0.00053560,0.00046510,-0.01453302,0.49600964,4.10546816,15.00000000,PASSIVE_BUY
4518,100.81299476,100.81223369,-0.07270141,0.02019277,509.76816172,711.96424233,20354.26697419,24501.11386655,0.00052336,0.00046520,0.01102342,0.50886429,3.75059436,14.00000000,PASSIVE_SELL
4519,100.78588225,100.78856161,0.03054286,0.02058429,-608.14352463,535.73729846,16200.58028946,16314.36465771,0.00052485,0.00046519,-0.04233221,0.50913637,3.38131133,15.00000000,PASSIVE_BUY
4520,100.85862352,100.86559704,-0.17261138,0.02111252,611.66369364,1804.61870592,15134.74821384,25163.68769627,0.00051396,0.00046701,0.09985378,0.50913637,4.48298657,16.00000000,PASSIVE_BUY
4521,100.85930374,100.86400160,-0.02067693,0.02095775,431.66797012,1713.17414904,33938.81907855,38509.82204391,0.00051374,0.00046696,-0.07206105,0.51958017,4.50434894,17.00000000,PASSIVE_BUY
4522,100.86280314,100.86844935,-0.02276014,0.02118467,304.43677053,2704.50813971,21576.59436843,24056.81268312,0.00049083,0.00046683,0.00281918,0.51958017,4.57443111,18.00000000,PASSIVE_BUY
4523,100.95459969,100.95987567,0.00853912,0.02054283,348.54447446,3772.58327359,26712.30277749,29469.04713264,0.00050490,0.00047129,0.08829715,0.51958017,6.23704038,19.00000000,PASSIVE_BUY
4524,100.92261802,100.91381224,-0.20152634,0.02017405,-660.38057882,2191.51798036,15817.56457671,21905.99714587,0.00050793,0.00046855,-0.12377821,0.51189169,3.81190878,18.00000000,PASSIVE_SELL
4525,100.92229619,100.91958066,-0.01245364,0.02026078,-86.04550202,1389.40162840,25497.45471902,28808.99134564,0.00046986,0.00046828,0.03165983,0.51189169,3.82098013,17.00000000,PASSIVE_SELL
4526,100.96254925,100.97062976,0.12165006,0.02021114,407.23406871,2329.62223766,26507.18406301,25788.91182800,0.00047196,0.00046475,0.04057490,0.51189169,4.51538774,18.00000000,PASSIVE_BUY
4527,101.00457169,101.00735711,0.04209709,0.02007528,275.51388631,2779.84964185,27017.91417003,25031.04940056,0.00047021,0.00046373,0.00176937,0.52187325,5.28182923,19.00000000,PASSIVE_BUY
4528,101.07740284,101.07788544,0.03076018,0.02018853,392.66408376,3747.93682915,19304.30790260,20268.29085297,0.00045402,0.00046613,0.03080871,0.52187325,6.67571537,20.00000000,PASSIVE_BUY
4529,101.06175712,101.06195437,0.04920338,0.02017841,-308.52203301,2870.82596580,29508.87868163,28295.85810618,0.00045527,0.00046623,-0.08847687,0.52187325,6.37289015,21.00000000,PASSIVE_BUY
4530,101.17511069,101.17552138,0.01165489,0.02064384,542.20299636,3779.91059801,26972.61448003,28491.90413039,0.00047532,0.00047141,0.12899930,0.51946917,8.76363714,22.00000000,PASSIVE_BUY
4531,101.23023557,101.23285601,0.03558068,0.02028361,781.30027852,4053.39415493,21898.39895986,23409.51151455,0.00047898,0.00046882,-0.05822869,0.52010581,9.98652636,23.00000000,PASSIVE_BUY
4532,101.21819323,101.21713734,-0.18912939,0.02022948,-539.85672277,4151.76569151,26553.12331929,38284.66749361,0.00047967,0.00046885,-0.06716722,0.52010581,4.02932442,22.00000000,PASSIVE_SELL
4533,101.18985224,101.19001612,0.05471823,0.02005979,-382.53999740,3400.90956442,29289.17557272,22764.44180580,0.00048308,0.00046858,-0.01629866,0.52010581,3.41585234,23.00000000,PASSIVE_BUY
4534,101.21388538,101.21093402,-0.04787616,0.02009236,334.29210926,2993.63112935,28390.37102682,31341.97744450,0.00046175,0.00046884,0.05237415,0.52428461,4.02856442,22.00000000,PASSIVE_SELL
4535,101.23474258,101.23213059,-0.10904384,0.02025205,472.33559893,3095.79903073,25073.03066259,26774.30299868,0.00046097,0.00046900,-0.00317595,0.52428461,4.05787091,21.00000000,PASSIVE_SELL
4536,101.26486968,101.26682931,0.18890697,0.02067260,872.60336583,4351.82083597,30440.65532911,17147.82793807,0.00045887,0.00046934,0.00926991,0.52820149,4.70087634,22.00000000,PASSIVE_BUY
4537,101.24730100,101.24836980,-0.13458140,0.02066055,-722.58273049,3098.00548733,21308.28832182,27724.70357142,0.00046059,0.00046937,-0.04769579,0.51208355,4.32469553,23.00000000,PASSIVE_BUY
4538,101.13666664,101.14587749,0.17048340,0.02054378,-350.48859027,2873.36083338,28320.17863336,23080.50848191,0.00049015,0.00047573,-0.09306567,0.51208355,1.79037733,24.00000000,PASSIVE_BUY
4539,101.16191033,101.16217614,0.01428544,0.02031717,425.03414822,3785.77060459,21794.54262423,23940.84032474,0.00048328,0.00047593,0.13587804,0.51489167,2.40638441,25.00000000,PASSIVE_BUY
4540,101.24125385,101.24764770,0.00150272,0.02033976,841.12395512,5232.77254424,21281.44590716,24803.97148316,0.00048895,0.00047890,0.05409984,0.52137536,4.40014235,26.00000000,PASSIVE_BUY
4541,101.17500729,101.16802249,0.12408485,0.02046518,-688.42493070,5267.84966286,30669.76249798,23134.46741075,0.00049678,0.00047587,-0.14559009,0.52137536,3.96367423,25.00000000,PASSIVE_SELL
4542,101.09718538,101.10228315,0.01085802,0.02045238,-166.95109827,4478.62486175,28021.45985031,30010.84160159,0.00051201,0.00047887,-0.01157533,0.52137536,2.02835289,26.00000000,PASSIVE_BUY
4543,101.20278600,101.20106090,0.07261840,0.02046049,205.04637754,5058.72416641,27818.84175578,22925.17347657,0.00052635,0.00048421,0.18342252,0.52007099,3.99528936,25.00000000,PASSIVE_SELL
4544,101.23690772,101.23734240,-0.05520095,0.02061835,597.76064739,5354.11259967,27824.86362438,32278.42962004,0.00052500,0.00048410,-0.07147891,0.53429323,4.85864139,26.00000000,PASSIVE_BUY
4545,101.25571786,101.26105945,0.03447740,0.02035344,864.41580237,6090.18292484,27362.72835049,30110.55856484,0.00051156,0.00048416,-0.01531157,0.53429323,5.35788184,27.00000000,PASSIVE_BUY
4546,101.21903042,101.22323045,0.05805208,0.02086550,-601.94700109,4977.17994717,30230.95547770,28809.46009960,0.00051372,0.00048245,-0.05549759,0.52902924,4.37775355,28.00000000,PASSIVE_BUY
4547,101.12385287,101.11949817,0.20229506,0.02045917,-558.58919876,4351.64427863,32007.61357227,18831.77913581,0.00050079,0.00048720,-0.05849010,0.52902924,3.89442397,27.00000000,PASSIVE_SELL
4548,101.01162086,101.00995709,-0.10333906,0.02006462,-437.58249995,4149.81129680,24270.15903318,28885.21585847,0.00052533,0.00049347,-0.01705447,0.52764398,3.79735343,26.00000000,PASSIVE_SELL
4549,101.02875104,101.03406471,-0.23213449,0.02068202,585.55008273,5325.99000164,12795.67277197,26817.03495978,0.00052479,0.00049313,0.12936219,0.52764398,4.25307906,27.00000000,PASSIVE_BUY
4550,100.94439856,100.94144183,-0.09363109,0.02017358,-642.08800638,4182.62864795,22940.50255308,26207.91050880,0.00053870,0.00048818,-0.10148266,0.52764398,3.72888925,26.00000000,PASSIVE_SELL
4551,100.99278313,100.99340609,0.03231778,0.02105629,806.61009502,5320.56993282,26441.18018322,22806.52697959,0.00054112,0.00048923,0.13273705,0.52534844,4.99741620,27.00000000,PASSIVE_BUY
4552,100.96419886,100.97110523,-0.01001894,0.02001087,-422.94747484,5450.96888382,19026.78951623,21947.34798198,0.00052791,0.00048966,-0.07696884,0.52441686,4.23564631,28.00000000,PASSIVE_BUY
4553,101.05577111,101.05709590,0.17222885,0.02067034,339.82730463,6169.16134404,29744.67109643,21298.14815220,0.00053889,0.00049357,0.12015652,0.52441686,6.81000457,29.00000000,PASSIVE_BUY
4554,100.98578494,100.99080153,0.11936140,0.02023363,-421.01302772,6135.42082956,32060.79893924,25642.89380241,0.00053964,0.00049536,-0.16155842,0.51429642,4.79052256,30.00000000,PASSIVE_BUY
4555,100.98662905,100.99364707,0.19451433,0.02066213,603.93370493,6352.89286355,28428.69378883,24223.47947148,0.00053893,0.00049437,0.07083027,0.51429642,4.82617669,31.00000000,PASSIVE_BUY
4556,100.95296927,100.95620894,0.09777854,0.02007110,-663.96769249,5101.23331405,18398.74359653,20899.11251127,0.00053910,0.00049496,-0.03450388,0.51193766,3.79275905,32.00000000,PASSIVE_BUY
4557,100.96756251,100.96996064,0.00688832,0.02052179,570.36087674,6340.28318359,29655.82250336,33558.10977735,0.00053841,0.00049488,0.04825302,0.51193766,4.27000367,33.00000000,PASSIVE_BUY
4558,100.99791425,100.99482360,-0.27111325,0.02059449,479.15562102,7337.42643191,21170.91427219,32021.48394054,0.00053547,0.00049400,0.01575850,0.51309656,3.71073314,32.00000000,PASSIVE_SELL
4559,100.96748790,100.97069630,0.13525967,0.02031448,-428.74339506,6457.87705541,26269.02863381,19512.79405800,0.00053627,0.00049221,-0.06077809,0.49778255,2.74724721,33.00000000,PASSIVE_BUY
4560,100.94245713,100.93991189,-0.05576217,0.02039841,-825.67300749,5699.84427799,25528.66973676,29989.14651189,0.00052852,0.00049224,0.00539558,0.49778255,3.65985707,32.00000000,PASSIVE_SELL
4561,100.83020102,100.83304338,0.08482087,0.02014859,-492.09128574,5122.84724582,19995.40991111,18788.33288070,0.00055097,0.00049848,-0.08722534,0.50342713,0.07773569,33.00000000,PASSIVE_BUY
4562,100.86862429,100.87344237,0.22620686,0.02092797,402.41556318,4959.96728120,31356.36888952,20290.02464666,0.00054651,0.00049874,0.15067939,0.50342713,1.35616769,34.00000000,PASSIVE_BUY
4563,100.90384051,100.90967672,0.18687423,0.02036291,385.72598605,4921.99201235,32188.24829992,23084.56741141,0.00054678,0.00049785,-0.00320705,0.48925209,2.56370059,35.00000000,PASSIVE_BUY
4564,100.90784371,100.90416698,-0.16446875,0.02010218,241.87450154,4518.83071097,20068.14215117,28122.13737866,0.00054624,0.00049757,-0.03121301,0.48925209,3.61790515,34.00000000,PASSIVE_SELL
4565,100.93801384,100.93888120,0.17918286,0.02005973,837.58143139,5736.09943554,20806.53449958,15155.33106521,0.00054694,0.00049665,0.02616693,0.48846285,4.65371946,35.00000000,PASSIVE_BUY
4566,100.85694339,100.85007520,-0.36390198,0.02030112,-981.63267967,4157.68118131,9434.01010801,20457.92354498,0.00055880,0.00049980,-0.11124058,0.47612661,3.56343405,34.00000000,PASSIVE_SELL
4567,100.90352381,100.90449089,0.04032667,0.02095403,785.38272148,4265.81529993,27728.60307656,28348.32054349,0.00056232,0.00050034,0.12765087,0.47612661,5.15764533,35.00000000,PASSIVE_BUY
4568,100.98812086,100.99230248,0.19711996,0.02011359,546.79613340,4302.84327161,29170.14215616,20326.21648080,0.00057361,0.00050298,0.03801663,0.48755444,8.12859872,36.00000000,PASSIVE_BUY
4569,100.99027783,100.99679263,-0.07161454,0.02028810,476.96047387,5387.94727011,22305.41809800,30968.59288873,0.00057197,0.00050298,-0.08244008,0.48755444,8.21639369,37.00000000,PASSIVE_BUY
4570,100.95728671,100.94850614,-0.20021703,0.02057736,-652.64259766,4123.64097881,18676.08149063,23823.11597850,0.00056580,0.00050345,-0.03514809,0.48755444,3.63188640,36.00000000,PASSIVE_SELL
4571,100.93463242,100.93486842,-0.06966409,0.02032481,-460.56225287,3231.41075582,18750.18299433,23735.70345425,0.00056683,0.00050161,0.01033682,0.47694678,2.82649406,37.00000000,PASSIVE_BUY
4572,100.99099372,100.99895440,0.08035567,0.02032974,928.09636161,3855.07034690,25631.62046319,26308.07862830,0.00057191,0.00050194,0.07901561,0.47931668,4.92202734,38.00000000,PASSIVE_BUY
4573,101.05570295,101.05624222,-0.25627630,0.02034210,422.90565972,3929.43153216,12366.40207738,27164.69657339,0.00056479,0.00050052,0.00834791,0.47931668,7.39114885,39.00000000,PASSIVE_BUY
4574,101.02100728,101.02092885,0.10799948,0.02021752,-814.89603682,3774.91607416,27800.97365827,20823.97813990,0.00056512,0.00050047,-0.09940489,0.48008751,6.03801793,39.00000000,HOLD
4575,100.97650795,100.97696139,0.16453923,0.02019670,-527.62689146,3333.33468472,24968.41400877,20119.83449315,0.00056877,0.00050130,-0.00980367,0.47393260,4.31264224,40.00000000,PASSIVE_BUY
4576,100.93757007,100.94634663,-0.12855669,0.02035666,-110.35434583,2815.74627018,15317.19379174,23914.54083713,0.00056867,0.00050196,0.00556145,0.47393260,2.76530531,41.00000000,PASSIVE_BUY
4577,100.93981004,100.93605028,-0.08231351,0.02027004,236.77796429,2777.01034816,26676.77273561,28517.67686746,0.00056550,0.00050048,0.04117786,0.47393260,3.57908282,40.00000000,PASSIVE_SELL
4578,100.95518357,100.95244632,-0.00311797,0.02060526,596.34506729,2980.69133170,24924.45942735,20951.17562807,0.00055628,0.00050039,0.01313355,0.47953929,3.59822233,39.00000000,PASSIVE_SELL
4579,100.93147977,100.92614135,-0.15276963,0.02011707,-468.79771625,2820.41564846,23654.26003182,31319.42743039,0.00055677,0.00049857,-0.03907732,0.47953929,3.59385262,38.00000000,PASSIVE_SELL
4580,101.01097174,101.01068453,-0.06642382,0.02056994,478.15501976,2756.36767186,23681.99704187,27684.92518893,0.00054485,0.00050120,0.10319577,0.47692730,3.67525149,37.00000000,PASSIVE_SELL
4581,100.95591767,100.94974065,0.01059148,0.02019591,-627.18078311,1347.88661023,26116.68138583,21494.37552527,0.00054313,0.00050223,-0.13454605,0.47692730,3.63702782,36.00000000,PASSIVE_SELL
4582,100.88657103,100.87783258,-0.08430354,0.02023107,-551.88112557,1335.86220743,19752.54976182,22424.40194133,0.00055026,0.00050447,-0.01429256,0.49537673,3.57718142,35.00000000,PASSIVE_SELL
4583,100.88815113,100.89495937,0.06792019,0.02017143,752.78508870,2471.18729353,22436.77311676,19754.97764108,0.00054951,0.00050411,0.07092674,0.49537673,3.64257079,36.00000000,PASSIVE_BUY
4584,100.87290968,100.87062749,0.16621469,0.02074136,-804.92516202,1331.97002225,33859.83705136,19492.44760715,0.00054800,0.00050284,-0.01682156,0.48634070,3.55536246,35.00000000,PASSIVE_SELL
4585,100.92932583,100.93413425,-0.08783018,0.02076820,597.67859212,1457.31301545,24869.25741390,28810.67200317,0.00055372,0.00050408,0.07165761,0.48634070,5.54031194,36.00000000,PASSIVE_BUY
4586,100.97046021,100.96516265,0.07301281,0.02045977,123.12381456,707.83346418,29872.26464268,22499.46971235,0.00055535,0.00050443,-0.01528178,0.48634070,3.65670943,35.00000000,PASSIVE_SELL
4587,100.94174211,100.93803284,0.05447963,0.02037903,-447.50067017,982.91552449,27258.10181856,21167.09115332,0.00055603,0.00050483,-0.06985248,0.48848817,3.63955345,34.00000000,PASSIVE_SELL
4588,100.91110064,100.91497545,0.05958999,0.02070273,-341.19909857,992.20501619,22750.76687884,23386.91008255,0.00053737,0.00050515,-0.00192337,0.48848817,2.60809496,35.00000000,PASSIVE_BUY
4589,100.97380264,100.97210816,-0.22919020,0.02004484,407.61749794,974.78836591,21063.81035797,32868.07779038,0.00054392,0.00050681,0.09334347,0.48625197,3.67859051,34.00000000,PASSIVE_SELL
4590,100.95628138,100.95183823,-0.00921001,0.02008227,-484.89219931,-351.22778852,23700.84757976,25038.34465510,0.00053138,0.00050698,-0.08022327,0.48625197,3.67049269,33.00000000,PASSIVE_SELL
4591,100.92916648,100.92998963,0.10195071,0.02065947,-288.18688959,49.01025259,27437.51526183,21188.54459326,0.00052540,0.00050493,-0.00959363,0.48981729,2.78603080,34.00000000,PASSIVE_BUY
4592,100.88102367,100.87754341,-0.14752929,0.02045832,-577.48226810,-361.52091724,26479.76896667,31671.42448618,0.00051894,0.00050488,-0.02102791,0.48981729,3.59061484,33.00000000,PASSIVE_SELL
4593,100.93050060,100.93335905,0.01754729,0.02015855,814.52510685,247.95781208,24173.67781460,27342.53989354,0.00050123,0.00050602,0.09761973,0.47200623,5.23343265,34.00000000,PASSIVE_BUY
4594,100.86388317,100.86219142,-0.06248784,0.02065787,-837.07936104,-1186.88219635,25342.18652856,28109.98254299,0.00050511,0.00050733,-0.11609436,0.47229500,3.56942370,33.00000000,PASSIVE_SELL
4595,100.86096862,100.86202724,0.01416568,0.02068374,-415.73947617,-2467.03747490,20439.16761732,23399.94950012,0.00050379,0.00050691,0.06370288,0.47229500,3.48358546,34.00000000,PASSIVE_BUY
4596,100.76852847,100.76971072,0.07217521,0.02004251,-459.66508769,-2324.75556150,30246.69908671,25206.86132538,0.00051589,0.00051033,-0.08952560,0.47434342,0.35064174,35.00000000,PASSIVE_BUY
4597,100.68605981,100.69037900,0.05410080,0.02066873,-513.03359578,-2279.19995853,24424.66524392,23931.68864594,0.00051213,0.00051316,0.00997149,0.47434342,-2.52542698,36.00000000,PASSIVE_BUY
4598,100.71759006,100.72377194,0.05892075,0.02001083,531.58290167,-1310.03455690,30363.90061109,27235.70470877,0.00049366,0.00051334,0.11399891,0.47253390,-1.38033254,37.00000000,PASSIVE_BUY
4599,100.79851781,100.79013503,-0.15752459,0.02056665,136.94127903,-1758.64336060,17042.44505557,21143.20028860,0.00050729,0.00051516,0.04939749,0.47253390,3.48830043,36.00000000,PASSIVE_SELL
4600,100.77042761,100.77220414,-0.13980804,0.02031636,-384.36707721,-1500.92243143,23066.37363183,34098.28377559,0.00049582,0.00051541,-0.10901793,0.47353954,2.48721170,37.00000000,PASSIVE_BUY
4601,100.76730050,100.76651651,0.14193946,0.02016209,-931.09500645,-3238.62753290,36819.64039545,24681.70651219,0.00049036,0.00051463,0.02496308,0.46848276,3.46547461,36.00000000,PASSIVE_SELL
4602,100.79893940,100.79843601,0.07164705,0.02051587,859.65005051,-1956.03000755,26929.30183126,18334.36445353,0.00049168,0.00051344,0.03476602,0.47242981,3.50118020,35.00000000,PASSIVE_SELL
4603,100.84245866,100.84508154,-0.08304700,0.02082005,641.04322005,-1654.81409214,24250.89079235,31216.53472689,0.00047783,0.00051276,0.01188036,0.47242981,5.03476444,36.00000000,PASSIVE_BUY
4604,100.92037933,100.91478317,0.06583002,0.02089456,189.29334525,-1044.50771916,29803.92303439,20864.25592497,0.00048195,0.00051520,0.03440140,0.47242981,3.61554760,35.00000000,PASSIVE_SELL
4605,101.04107474,101.04558540,0.06761864,0.02025730,703.14234235,-945.29908175,29415.97260769,25909.88503565,0.00051078,0.00052037,0.04277475,0.47579558,7.85001566,36.00000000,PASSIVE_BUY
4606,100.98847373,100.99697184,0.22721132,0.02056007,-484.82626810,-766.15765736,25673.94914049,21000.30479045,0.00051397,0.00052070,-0.17329642,0.47579558,5.96665945,37.00000000,PASSIVE_BUY
4607,101.00051138,100.99809546,-0.10387074,0.02052275,231.07389682,-1105.44463728,29347.98214011,31913.13473358,0.00051385,0.00052071,0.06463865,0.47152257,3.68775294,36.00000000,PASSIVE_SELL
4608,100.96517372,100.97378549,0.21308024,0.02083350,-248.91355830,-1833.51381660,31090.53533375,25974.02025014,0.00051447,0.00052135,-0.04737531,0.47152257,2.42601384,37.00000000,PASSIVE_BUY
4609,100.97810933,100.98095691,0.14770810,0.02041269,543.77406602,-860.99635551,29752.47112391,21429.08290324,0.00051306,0.00052066,0.04827327,0.46120248,2.91483777,38.00000000,PASSIVE_BUY
4610,101.02007692,101.02880933,0.04522345,0.02072236,717.57140912,682.24806109,23146.79892930,28340.93529820,0.00051500,0.00052143,0.02903198,0.46120248,4.51996733,39.00000000,PASSIVE_BUY
4611,101.05086468,101.04538922,0.01978551,0.02041852,95.97227663,1270.31162346,33729.05300010,30330.53288994,0.00049056,0.00052179,-0.01117982,0.45539611,3.72207451,38.00000000,PASSIVE_SELL
4612,101.00636051,101.01089599,0.28813748,0.02060515,-220.48826017,647.40780010,29789.36698267,17754.11470607,0.00049274,0.00052070,-0.07529194,0.45539611,2.04121842,39.00000000,PASSIVE_BUY
4613,101.01668247,101.01447600,-0.30414322,0.02047616,390.02291542,651.70472947,18283.97025522,34056.84273505,0.00049072,0.00051595,0.05482613,0.45255481,3.68849298,38.00000000,PASSIVE_SELL
4614,101.04238945,101.04116357,0.00502208,0.02021508,744.46828499,1154.29851292,28936.72042680,23266.45602418,0.00049179,0.00051281,0.01538503,0.45055417,3.72913746,37.00000000,PASSIVE_SELL
4615,101.06852974,101.06920060,-0.10411979,0.02024703,764.92229121,1081.63937274,19747.76188801,25021.41862553,0.00049138,0.00051162,0.00043330,0.45055417,4.70645158,38.00000000,PASSIVE_BUY
4616,101.05270909,101.05819500,-0.10539270,0.02084487,-360.07809214,1703.19396027,18715.74907561,30326.31443492,0.00047770,0.00050943,-0.04196094,0.45185497,4.11568937,39.00000000,PASSIVE_BUY
4617,100.96910458,100.97596045,0.08252021,0.02018742,-370.21666632,547.59457248,35295.63968282,29121.00439684,0.00048884,0.00051300,-0.06778386,0.45185497,0.86520706,40.00000000,PASSIVE_BUY
4618,100.97697525,100.97760741,-0.02739826,0.02042223,435.81451902,436.61295810,28025.90505933,30322.57874774,0.00047456,0.00051140,0.09147519,0.44222932,1.19024511,41.00000000,PASSIVE_BUY
4619,100.92401466,100.92598328,0.18487276,0.02008929,-620.41209421,-660.75960999,29171.96822936,23585.51754389,0.00048014,0.00051000,-0.06083126,0.44222932,-0.97109448,42.00000000,PASSIVE_BUY
4620,100.93150024,100.93398890,0.29773022,0.02051190,735.12722169,727.01020937,34440.40545725,15075.85059859,0.00047818,0.00050993,0.06044617,0.43867894,-0.64644402,43.00000000,PASSIVE_BUY
4621,101.02589975,101.02857095,0.19408870,0.02027074,757.41928096,1944.99174321,35516.79805571,26392.21450702,0.00049480,0.00051312,0.08691392,0.43653260,3.42286999,44.00000000,PASSIVE_BUY
4622,100.95316366,100.95605894,0.34184916,0.02058873,-569.86584914,447.02953245,34981.61216265,17326.00046471,0.00049924,0.00051582,-0.16713559,0.43653260,0.23277663,45.00000000,PASSIVE_BUY
4623,100.89262086,100.90106319,0.25682301,0.02034329,-226.71295799,-202.58908526,29032.92621408,21125.18619279,0.00049723,0.00051755,0.01219329,0.42781091,-2.48147770,46.00000000,PASSIVE_BUY
4624,100.95745383,100.94907780,-0.06401247,0.02094146,67.20521220,679.51216375,27613.09279017,23889.72609364,0.00050401,0.00051922,0.12537576,0.42781091,3.56409404,45.00000000,PASSIVE_SELL
4625,100.95418069,100.96046866,0.15874775,0.02068834,-133.76704226,1073.37201296,33814.69243634,28932.63931469,0.00050030,0.00051392,-0.06810610,0.42781091,3.42714688,46.00000000,PASSIVE_BUY
4626,100.91412978,100.91741637,-0.04974718,0.02047425,-613.56332456,570.16303423,30595.10426823,34096.71938039,0.00050047,0.00051336,-0.03677777,0.42028779,1.59504233,47.00000000,PASSIVE_BUY
4627,100.99830717,100.99444303,-0.01305288,0.02014885,373.18703482,706.57210476,29005.12385755,24630.17629763,0.00051406,0.00051639,0.12422830,0.41995338,3.61418519,46.00000000,PASSIVE_SELL
4628,101.06720552,101.06536465,-0.12884691,0.02086475,732.29749698,842.52453444,21581.09361536,32334.94598627,0.00052224,0.00051847,-0.01527905,0.41995338,3.67740811,45.00000000,PASSIVE_SELL
4629,101.08082303,101.07620560,0.07081200,0.02100749,584.53507171,1895.85732240,28927.41101709,24229.95052251,0.00052116,0.00051725,-0.05528084,0.42262859,3.69838902,44.00000000,PASSIVE_SELL
4630,101.02315082,101.02670143,0.01913179,0.02000177,-244.53012757,1173.17217507,28034.93530022,29597.22123111,0.00051633,0.00051874,-0.07128971,0.42262859,1.17081304,45.00000000,PASSIVE_BUY
4631,100.96762229,100.96026506,-0.02324447,0.02117625,-597.97131927,1202.38163891,27105.43765707,26650.68879282,0.00051643,0.00051729,0.00214367,0.42975836,3.58329739,44.00000000,PASSIVE_SELL
4632,101.05147319,101.05354604,-0.04381210,0.02027067,763.04335204,2517.30611653,24185.52272204,24844.79973909,0.00051959,0.00052039,0.13937943,0.42975836,7.28287231,45.00000000,PASSIVE_BUY
4633,100.94113044,100.93639997,-0.00683552,0.02015334,-574.91957963,1189.60144820,29993.19799126,30082.26682771,0.00054296,0.00052586,-0.19419365,0.43385104,3.57739513,44.00000000,PASSIVE_SELL
4634,100.97404823,100.97123924,0.23472167,0.02090647,350.48175826,2345.00836847,31869.70850693,17615.75788059,0.00054422,0.00052616,0.14326054,0.43385104,3.60457402,43.00000000,PASSIVE_SELL
4635,101.04314200,101.05174790,-0.19246116,0.02020930,692.74205461,2440.07183096,22206.59490017,35414.87284876,0.00054697,0.00052655,0.03617597,0.43385104,6.58571051,44.00000000,PASSIVE_BUY
4636,101.11338175,101.10491449,-0.29711250,0.02010650,62.10255376,2379.05057017,18741.16571608,33722.28795710,0.00055247,0.00052843,0.00114599,0.44170712,3.75960381,43.00000000,PASSIVE_SELL
4637,101.12890382,101.13000821,0.05401946,0.02027564,537.38994592,3363.94118626,25019.64322173,24882.75893201,0.00055091,0.00052709,-0.05471769,0.44170712,4.43719038,44.00000000,PASSIVE_BUY
4638,101.10355969,101.10582148,0.09146628,0.02028579,-401.92286602,3303.21741881,28758.18123136,20931.85780484,0.00055031,0.00052740,-0.04086619,0.43328698,3.33219171,45.00000000,PASSIVE_BUY
4639,101.08969408,101.09267659,-0.07125821,0.02058351,-502.74879973,2392.85112114,27300.72365985,31520.85888781,0.00054445,0.00052747,0.01147852,0.43328698,2.71853117,46.00000000,PASSIVE_BUY
4640,101.12128589,101.12300794,-0.11834062,0.02007545,490.38622006,3368.12954051,20159.29179224,29300.01058442,0.00054519,0.00052679,0.04545742,0.42032029,4.18179216,47.00000000,PASSIVE_BUY
4641,101.08657631,101.08505918,-0.03132883,0.02057372,-671.85955631,2984.45687378,25178.33677969,25222.60671253,0.00054612,0.00052737,-0.06630139,0.42032029,3.69406015,46.00000000,PASSIVE_SELL
4642,101.12316182,101.12170626,0.09240420,0.02058352,521.56526751,4083.50440940,28037.71513702,18650.42752932,0.00054312,0.00052511,0.07129510,0.41984970,3.74071706,45.00000000,PASSIVE_SELL
4643,101.17408048,101.17860336,0.06384626,0.02019919,594.68269733,3863.66199987,27114.69296570,27385.51054380,0.00054334,0.00052619,0.01433315,0.41984970,6.04215623,46.00000000,PASSIVE_BUY
4644,101.13260044,101.13058247,-0.04840153,0.02052004,-510.62215927,4190.11920164,21165.91995081,25956.88339024,0.00053792,0.00052668,-0.09239870,0.40526565,3.75088867,45.00000000,PASSIVE_SELL
4645,101.07871862,101.08312020,-0.09118125,0.02013658,-295.38488381,4310.47379401,31799.20392636,38276.73968183,0.00054405,0.00052334,-0.01240178,0.40526565,1.33627509,46.00000000,PASSIVE_BUY
4646,101.09817140,101.09493769,-0.00963839,0.02014397,315.37422150,5085.51310320,23839.68510339,26144.12689465,0.00052679,0.00052183,0.07333460,0.40450273,3.72634625,45.00000000,PASSIVE_SELL
4647,101.14061748,101.14863001,-0.00333169,0.02059573,592.90932769,6191.45602667,25577.90637242,24777.34381222,0.00051359,0.00052213,0.02299330,0.40450273,5.64671761,46.00000000,PASSIVE_BUY
4648,101.17416399,101.17609648,0.07081463,0.02015781,358.20803360,6018.08115859,19885.37142219,21789.14737167,0.00051376,0.00052190,-0.00889956,0.40450273,7.19993626,47.00000000,PASSIVE_BUY
4649,101.08647273,101.08431251,-0.21895792,0.02135575,-518.94242941,5362.19745016,20305.49541802,28738.98342478,0.00052059,0.00052556,-0.12123777,0.40757711,3.67565285,46.00000000,PASSIVE_SELL
4650,101.08944450,101.09212724,0.26019726,0.02026537,644.15687456,6390.72140192,28163.98483771,13413.99583967,0.00051839,0.00052533,0.09066302,0.40757711,3.82248669,47.00000000,PASSIVE_BUY
4651,101.07757038,101.07419462,-0.07351253,0.02062049,-781.90875250,6539.90765588,22249.92010392,26467.89166700,0.00051885,0.00052374,-0.01484588,0.41064784,3.68367339,46.00000000,PASSIVE_SELL
4652,101.11494556,101.11974086,0.02994155,0.02066004,764.61208785,6444.86969322,26425.71815601,29183.27156734,0.00051945,0.00052420,0.04924930,0.42287630,5.41326187,47.00000000,PASSIVE_BUY
4653,101.04044593,101.03806636,0.09406276,0.02011074,-801.60532022,5002.22115296,34802.66969015,21437.62692825,0.00052853,0.00052578,-0.11187481,0.42287630,3.65766224,46.00000000,PASSIVE_SELL
4654,101.04353427,101.03885911,0.13901911,0.02098755,436.11720345,5249.04501116,29858.98456162,21890.54965417,0.00051805,0.00052567,0.07758796,0.42287630,3.65151607,45.00000000,PASSIVE_SELL
4655,101.07546294,101.07777840,0.11351070,0.02058257,630.99287743,5176.89554624,23883.75363647,17661.58232755,0.00049229,0.00052470,0.02884034,0.41122998,5.09859750,46.00000000,PASSIVE_BUY
4656,101.08330460,101.08419952,-0.14906872,0.02000799,692.81650390,6354.53831824,15619.30726045,25420.63516500,0.00048656,0.00052418,-0.02408701,0.42302491,5.46931787,47.00000000,PASSIVE_BUY
4657,101.15519834,101.15360295,-0.26838053,0.02012719,678.81069068,6802.27511210,14877.43198834,28286.15816741,0.00049597,0.00052255,0.06405208,0.42175555,3.77139733,46.00000000,PASSIVE_SELL
4658,101.17702455,101.18495205,0.13652673,0.02060690,823.72041262,7874.90908302,23478.08193248,21414.41493672,0.00049360,0.00052262,-0.05006753,0.42175555,4.78570665,47.00000000,PASSIVE_BUY
4659,101.10737224,101.11441952,0.05738777,0.02033167,-421.74689887,6909.38811812,20055.30613668,22579.94935277,0.00050389,0.00052485,-0.09147853,0.41852796,1.52221380,48.00000000,PASSIVE_BUY
4660,101.13301298,101.12898295,-0.12394286,0.02012550,278.71383515,6470.53054416,23982.36003416,29624.69135166,0.00050189,0.00051937,0.09529305,0.41852796,3.74057466,47.00000000,PASSIVE_SELL
4661,101.17820870,101.17740527,-0.06280608,0.02071735,808.80954351,7183.36781104,15243.29884545,20971.60736643,0.00050388,0.00051950,0.01955498,0.41828860,3.78251650,46.00000000,PASSIVE_SELL
4662,101.10978416,101.11430582,-0.04149659,0.02000695,-452.41016949,6951.44590172,25957.58906096,30728.32734192,0.00050929,0.00052183,-0.11362026,0.41828860,0.64499115,47.00000000,PASSIVE_BUY
4663,101.13704281,101.13389893,0.28492272,0.02029693,161.25205890,6722.67504520,33903.65831243,15472.71926914,0.00051037,0.00052141,0.09568319,0.41866328,3.75269907,46.00000000,PASSIVE_SELL
4664,101.14535887,101.14358980,-0.17752957,0.02030240,244.54493127,6222.75169148,21779.06248346,33421.37359503,0.00050938,0.00052141,-0.01894259,0.41866328,3.77104325,45.00000000,PASSIVE_SELL
4665,101.18664354,101.19551675,-0.00082867,0.02030909,493.45099104,5951.28039131,24674.50225980,27315.25702759,0.00051121,0.00052185,0.03296860,0.41866328,5.63900784,46.00000000,PASSIVE_BUY
4666,101.22136574,101.22656156,0.01098081,0.02035789,350.45066066,6661.80914411,25166.69016556,28231.19930014,0.00051247,0.00052235,-0.00656246,0.41947059,7.24640820,47.00000000,PASSIVE_BUY
4667,101.21214930,101.20402484,-0.17326854,0.02056653,-819.00156893,6213.02424150,25219.85386999,28793.75606952,0.00049789,0.00052236,-0.04393865,0.41947059,3.82010867,46.00000000,PASSIVE_SELL
4668,101.17542988,101.17558468,-0.19714379,0.02053409,-481.19561439,5296.01410809,21994.22110469,34154.42323314,0.00050117,0.00051972,-0.02750298,0.42644557,2.14128228,47.00000000,PASSIVE_BUY
4669,101.13033745,101.12980976,0.07219980,0.02037084,-924.01585639,4992.41034591,29154.46726365,21675.18365166,0.00049952,0.00052076,-0.00837301,0.44086115,3.74391840,46.00000000,PASSIVE_SELL
4670,101.07878616,101.07504701,-0.29692696,0.02122657,-816.47065644,3440.81246778,25006.79635166,40179.53693393,0.00050540,0.00051710,-0.00645885,0.45836539,3.68372644,45.00000000,PASSIVE_SELL
4671,101.04188597,101.04289111,0.00180390,0.02103096,-529.70098458,2153.69220224,23051.43116402,23396.34306601,0.00049138,0.00051774,0.01465110,0.45836539,2.03373344,46.00000000,PASSIVE_BUY
4672,101.04077221,101.04373734,0.18235265,0.02099547,-671.20645373,2052.35159765,27267.97943809,15865.75657509,0.00048041,0.00051245,0.03578643,0.47343027,1.99299815,47.00000000,PASSIVE_BUY
4673,101.06488775,101.06744629,0.09419845,0.02086119,458.92376143,2737.98831707,33180.14744398,29399.96062336,0.00047315,0.00051267,0.02522930,0.47343027,3.13685915,48.00000000,PASSIVE_BUY
4674,101.14783125,101.14571878,-0.03937163,0.02092895,405.49538695,3076.27849183,28239.38668207,30936.57833962,0.00047835,0.00051571,0.05882796,0.46877385,3.74155884,47.00000000,PASSIVE_SELL
4675,101.13561469,101.14079284,-0.02302543,0.02025949,-399.17730359,2810.86823049,22500.77868101,27402.56000279,0.00047877,0.00050627,-0.09516006,0.47465415,3.17751010,48.00000000,PASSIVE_BUY
4676,100.96622080,100.96778722,0.11208226,0.02003854,-517.58374168,2906.84781338,29652.45743237,24514.93056767,0.00053241,0.00052016,-0.15717733,0.47465415,-4.94337738,49.00000000,PASSIVE_BUY
4677,101.01356956,101.00468664,-0.00012411,0.02035817,158.43531182,2692.09609038,22821.86019692,20430.75108998,0.00052349,0.00052034,0.21674266,0.47465415,3.61504006,48.00000000,PASSIVE_SELL
4678,100.98727637,100.99164901,-0.07026766,0.02005505,-117.74189884,1842.05669456,20018.52311477,27104.50449503,0.00051562,0.00051583,-0.07364196,0.47465415,2.36299404,49.00000000,PASSIVE_BUY
4679,101.14501506,101.14898472,-0.11009832,0.02062126,307.43891121,1564.96053406,24581.20902692,31752.97202721,0.00056063,0.00052701,0.18403190,0.45812921,10.10250095,50.00000000,PASSIVE_BUY
4680,101.12263220,101.12237918,0.05336565,0.02045107,-493.54477383,1315.94588780,23584.97842513,19133.14118440,0.00055547,0.00052707,-0.18012157,0.45812921,3.71040499,49.00000000,PASSIVE_SELL
4681,101.11129219,101.11169909,-0.05553551,0.02047559,-666.72686079,1247.19034628,26349.68701911,31909.26396217,0.00054984,0.00052710,0.01104286,0.46705228,3.16498252,50.00000000,PASSIVE_BUY
4682,101.07625838,101.07459091,-0.30868466,0.02007888,-863.55876840,-379.41177417,13482.01688918,25685.71405734,0.00054012,0.00052774,-0.02369381,0.48321387,3.67359971,49.00000000,PASSIVE_SELL
4683,101.12804138,101.13128282,-0.07667240,0.02021173,562.85901392,758.36681938,23385.82646358,27921.66615522,0.00052131,0.00052882,0.08681681,0.48321387,6.22107256,50.00000000,PASSIVE_BUY
4684,101.19317210,101.20006639,0.22709082,0.02113127,364.63256104,772.51762216,33861.41108156,22133.48385046,0.00052670,0.00052491,0.01334772,0.48321387,9.48817413,51.00000000,PASSIVE_BUY
4685,101.21852279,101.21677203,-0.01187284,0.02034874,346.75233990,426.52790744,24389.07974884,24923.36670990,0.00051960,0.00052474,-0.03978003,0.49319810,3.79670423,50.00000000,PASSIVE_SELL
4686,101.16961820,101.16112378,-0.12045055,0.02079017,-695.90681153,-331.48145785,23215.99042793,23680.47724690,0.00051583,0.00052559,-0.07425528,0.48254897,3.74737982,49.00000000,PASSIVE_SELL
4687,101.16410069,101.16295862,0.03676193,0.02001768,-280.36231369,-1149.23371746,26132.94417645,23735.51383630,0.00051550,0.00052560,0.04338708,0.48254897,3.77041076,48.00000000,PASSIVE_SELL
4688,101.23892775,101.24509506,0.08828413,0.02027435,554.71478666,-192.59606478,24446.71098545,21077.68399247,0.00052417,0.00052803,0.08034457,0.48254897,7.37224692,49.00000000,PASSIVE_BUY
4689,101.27992075,101.27961784,0.05737045,0.02023779,508.31373281,818.46646776,21661.51614849,19480.90418718,0.00052627,0.00052734,-0.03383406,0.49082236,3.87994251,48.00000000,PASSIVE_SELL
4690,101.23726047,101.23895127,-0.04939777,0.02008275,-768.04411146,-439.96386376,19225.10196791,27716.87889953,0.00052862,0.00052776,-0.08365329,0.48464804,1.84229016,49.00000000,PASSIVE_BUY
4691,101.28470826,101.28519619,0.05232700,0.02031467,611.48639185,843.38208441,24164.88715310,22305.83669832,0.00052959,0.00052800,0.09010808,0.47155170,4.17738950,50.00000000,PASSIVE_BUY
4692,101.28758897,101.29624741,-0.18675114,0.02091626,471.64940051,793.46621740,15887.79959713,27623.07334825,0.00052758,0.00052796,-0.04456709,0.47155170,4.33188298,51.00000000,PASSIVE_BUY
4693,101.35953826,101.36445083,0.06269816,0.02013058,230.69035120,429.47387127,29403.22908833,26973.50614680,0.00053205,0.00052973,0.06906858,0.47155170,8.01136189,52.00000000,PASSIVE_BUY
4694,101.28982962,101.28882999,0.11187089,0.02025468,-526.05561439,414.04041615,32224.40270801,23650.96353642,0.00053810,0.00053134,-0.14165792,0.46909110,3.85968366,51.00000000,PASSIVE_SELL
4695,101.25599392,101.25334535,-0.05008169,0.02081109,-661.56961035,47.85568961,20738.39898901,21612.56402445,0.00053464,0.00052795,0.03587294,0.46909110,3.82234312,50.00000000,PASSIVE_SELL
4696,101.28155813,101.28821867,0.05754035,0.02043445,714.68359827,447.16506638,30086.08094862,27540.40165624,0.00053506,0.00052747,0.05939991,0.46904741,5.11077080,51.00000000,PASSIVE_BUY
4697,101.25249816,101.25592171,0.01900467,0.02090283,-422.82222811,-568.56648942,20634.73365167,20566.96728744,0.00053408,0.00051937,-0.05462418,0.46904741,3.63916380,52.00000000,PASSIVE_BUY
4698,101.20238603,101.19875165,-0.01141354,0.02007882,-578.98651958,-1505.76104261,26072.11847840,23615.34569438,0.00053703,0.00052041,-0.02105217,0.47024901,3.77700974,51.00000000,PASSIVE_SELL
4699,101.34396338,101.34171588,-0.12575060,0.02001220,600.17157310,-386.64704010,21358.71333822,26693.18222657,0.00055668,0.00052925,0.19168949,0.47024901,3.93025876,50.00000000,PASSIVE_SELL
4700,101.40612381,101.41248129,0.08761158,0.02031223,832.68239211,-198.12152255,30548.25402924,28140.73567922,0.00056220,0.00053087,-0.07941692,0.47413450,7.04843623,51.00000000,PASSIVE_BUY
4701,101.42042936,101.42344993,0.02586853,0.02031174,334.91482059,918.70205054,26122.06408229,24534.73676144,0.00056171,0.00053056,-0.04785487,0.47413450,7.78817546,52.00000000,PASSIVE_BUY
4702,101.44466033,101.44492879,0.10990487,0.02042944,608.44222331,762.53218599,29907.39750414,25746.62830207,0.00056060,0.00052699,0.00992541,0.47393335,9.05840058,53.00000000,PASSIVE_BUY
4703,101.44579737,101.45426248,0.02774909,0.02096034,890.91870331,2455.05620952,22574.27226011,27831.49088011,0.00054885,0.00052639,-0.02309393,0.48393747,9.12914357,54.00000000,PASSIVE_BUY
4704,101.47531688,101.48127373,0.08479190,0.02061093,318.97287405,2337.91188013,31513.69307759,29400.21893246,0.00054959,0.00052434,0.02838248,0.48393747,10.73350298,55.00000000,PASSIVE_BUY
4705,101.48816619,101.48437273,-0.04770419,0.02069200,301.88503327,2008.80403597,29282.19839818,28980.09095901,0.00054864,0.00052413,-0.01667021,0.49904327,4.00967391,54.00000000,PASSIVE_SELL
4706,101.53197156,101.52958632,0.09638794,0.02111101,658.26783885,1974.25537091,25331.04865180,18948.46189828,0.00055082,0.00052414,0.03095606,0.49904327,4.05293104,53.00000000,PASSIVE_SELL
4707,101.49816880,101.49178497,0.10172283,0.02037562,-487.33010357,808.11457666,33019.39130742,21354.95699179,0.00054660,0.00052460,-0.07760813,0.49904327,4.04843624,52.00000000,PASSIVE_SELL
4708,101.57149499,101.57218845,0.16648067,0.02016014,770.54101365,754.93517769,27456.55905230,17041.33078010,0.00055390,0.00052585,0.10712894,0.49638306,7.87147791,53.00000000,PASSIVE_BUY
4709,101.59569650,101.59881748,-0.12245286,0.02021584,770.51588233,1947.19795889,20633.82139577,29869.45766578,0.00054335,0.00052556,-0.04912467,0.50902907,9.16426602,54.00000000,PASSIVE_BUY
4710,101.56297597,101.56370994,-0.08243410,0.02111100,-609.79327747,1058.69084628,25528.99504769,31550.98828553,0.00054599,0.00052388,-0.05692204,0.50902907,7.40791299,55.00000000,PASSIVE_BUY
4711,101.56493682,101.56633022,0.02900032,0.02016581,521.64379496,771.52509772,20739.95837739,20105.89859695,0.00054359,0.00052325,0.03468137,0.49881680,7.52584238,56.00000000,PASSIVE_BUY
4712,101.58343476,101.58686534,0.11944454,0.02007904,552.15805710,1776.09332432,30440.62781697,25289.32850474,0.00053300,0.00052166,0.01653709,0.49881680,8.57176642,57.00000000,PASSIVE_BUY
4713,101.60405263,101.60457808,-0.17094730,0.02075063,312.35812502,1927.19939043,18835.27336089,30111.42427919,0.00053264,0.00052140,0.00211993,0.50837504,9.75736045,58.00000000,PASSIVE_BUY
4714,101.58664305,101.58661160,0.06692571,0.02083249,-363.40922795,1319.24523122,29535.00033625,27755.78303589,0.00053392,0.00052150,-0.03802745,0.50837504,8.74760512,58.00000000,HOLD
4715,101.56647033,101.57362649,-0.12853457,0.02013672,-260.30345946,565.49078072,18072.26844447,24542.35746927,0.00053338,0.00052158,-0.00276315,0.50837504,7.58765565,59.00000000,PASSIVE_BUY
4716,101.55188932,101.55346328,0.25129510,0.02001466,-551.18241514,-336.14229508,32400.45464185,19494.56856101,0.00053283,0.00052163,0.00559171,0.51951148,6.73738341,60.00000000,PASSIVE_BUY
4717,101.50876685,101.50947468,0.08247418,0.02049177,-762.64923828,-279.78996442,27139.42784705,21257.97337730,0.00053682,0.00052265,-0.02854146,0.53534214,4.16028107,61.00000000,PASSIVE_BUY
4718,101.55271580,101.55613216,0.05248396,0.02016357,844.87887072,1046.28452069,29553.61172746,29211.96933594,0.00053589,0.00052334,0.08707142,0.52879556,6.85124893,62.00000000,PASSIVE_BUY
4719,101.57219828,101.57544445,0.09130076,0.02021657,499.00729768,2469.30767476,30598.91199291,27143.43333729,0.00053092,0.00052300,-0.02446647,0.52879556,8.06927089,63.00000000,PASSIVE_BUY
4720,101.53494265,101.53984852,0.11002980,0.02025491,-392.08817843,2893.69015278,29280.63006456,22984.48628310,0.00052807,0.00052153,-0.05673812,0.52879556,5.73229323,64.00000000,PASSIVE_BUY
4721,101.48889299,101.48381548,-0.36055924,0.02033008,-472.73430979,2950.65682756,16870.74166977,35466.18082830,0.00052974,0.00052266,-0.00879402,0.52355980,3.91995282,63.00000000,PASSIVE_SELL
4722,101.47070420,101.46653487,0.04630097,0.02019130,-526.17015175,3095.69312955,28669.26949733,24148.46382102,0.00053090,0.00052287,0.02786086,0.52355980,3.91616198,62.00000000,PASSIVE_SELL
4723,101.47148997,101.47796500,-0.01237028,0.02018818,863.65724511,3500.42661323,21906.06282088,26050.87796050,0.00053054,0.00051914,0.01897456,0.51610209,3.97497379,63.00000000,PASSIVE_BUY
4724,101.62376783,101.62687303,0.06739362,0.02127047,273.89270899,3368.82393527,25791.85709965,23483.95543924,0.00055734,0.00052887,0.15149209,0.51610209,13.57911413,64.00000000,PASSIVE_BUY
4725,101.68137279,101.67622832,-0.16124377,0.02011337,264.85086249,4032.85210135,17644.53640664,23276.62259702,0.00056034,0.00053019,-0.09467289,0.52514293,4.11738627,63.00000000,PASSIVE_SELL
4726,101.66562120,101.65999200,0.00388557,0.02050742,-513.04055676,4037.39528627,24361.11103028,22294.90047548,0.00050079,0.00052974,-0.07335655,0.52514293,4.09967281,62.00000000,PASSIVE_SELL
4727,101.69707224,101.70161808,-0.05823311,0.02064402,729.55105954,4608.51103400,19299.26104038,28235.32003453,0.00049917,0.00052941,0.04720263,0.51061866,6.05995937,63.00000000,PASSIVE_BUY
4728,101.71767625,101.71656139,-0.16198411,0.02002374,419.81239953,5146.06533237,22480.87862669,30020.57500428,0.00049604,0.00052731,-0.01084703,0.51061866,4.16630739,62.00000000,PASSIVE_SELL
4729,101.67814648,101.67543334,-0.13433139,0.02068655,-492.37919195,4346.24722921,27679.91107365,33599.21127965,0.00045834,0.00052798,-0.06013378,0.50827657,4.11690518,61.00000000,PASSIVE_SELL
4730,101.67161913,101.68043507,-0.06756453,0.02002607,-151.84181295,4687.95019009,15586.49531194,23022.39888796,0.00045663,0.00052233,0.03300241,0.50827657,3.72874948,62.00000000,PASSIVE_BUY
4731,101.68044882,101.68757844,0.21097713,0.02043327,255.86644957,5610.54350046,30368.52969454,19183.81967475,0.00045556,0.00052104,0.01535705,0.50827657,4.28640714,63.00000000,PASSIVE_BUY
4732,101.62118523,101.61332468,-0.00854749,0.02000368,-624.06968907,5850.03257979,29128.84699599,27009.95689000,0.00046148,0.00052270,-0.06809328,0.50866042,4.07114477,62.00000000,PASSIVE_SELL
4733,101.63253088,101.63479251,0.25978021,0.02000335,851.29923763,6138.47280350,35275.81748165,18415.29656291,0.00045785,0.00052230,0.07060923,0.50113914,4.78457628,63.00000000,PASSIVE_BUY
4734,101.61980022,101.61708300,-0.26355704,0.02016054,-791.16002026,4982.68022220,18906.29653839,31086.38485439,0.00045219,0.00052218,-0.02407630,0.50113914,4.06511284,62.00000000,PASSIVE_SELL
4735,101.65506840,101.65430361,-0.06641360,0.02027318,726.87159874,5362.79948105,20736.51990880,21443.84006761,0.00045310,0.00052253,0.04799883,0.50568854,4.10708222,61.00000000,PASSIVE_SELL
4736,101.70132653,101.71110992,-0.02284038,0.02121770,813.97520256,6872.68149514,20925.43699854,27510.40289668,0.00044854,0.00052306,0.01098996,0.50568854,6.93943715,62.00000000,PASSIVE_BUY
4737,101.70641289,101.70693634,-0.17314128,0.02031541,345.78204847,7498.82585729,17788.20819463,29586.05184850,0.00044804,0.00052288,-0.04117177,0.51689622,7.26494947,63.00000000,PASSIVE_BUY
4738,101.64656419,101.64321239,-0.01418425,0.02032086,-523.32941727,6420.78165336,28968.56087570,27399.26495112,0.00044912,0.00051869,-0.06493507,0.51689622,4.08608920,62.00000000,PASSIVE_SELL
4739,101.55361426,101.55148812,0.19301123,0.02016495,-151.87523566,5760.59268488,28186.03951162,20014.60544810,0.00046767,0.00052266,-0.03310121,0.51689622,4.00797703,61.00000000,PASSIVE_SELL
4740,101.62051983,101.61870023,-0.01396915,0.02009115,335.92647029,6864.56326663,23795.84181084,23464.54808060,0.00047015,0.00052182,0.15985549,0.52524002,4.08714234,60.00000000,PASSIVE_SELL
4741,101.63033069,101.63570490,-0.07011994,0.02035452,880.06228939,7133.13916416,21809.19233892,29457.79537019,0.00046680,0.00051965,-0.05709471,0.53827186,4.68597102,61.00000000,PASSIVE_BUY
4742,101.58548961,101.57909122,0.05232748,0.02063643,-870.64969431,5790.84006935,29382.42876592,20657.91300522,0.00047220,0.00051767,-0.05465194,0.53827186,4.03619701,60.00000000,PASSIVE_SELL
4743,101.56354973,101.55494165,-0.08963636,0.02019414,-292.76418677,5267.38553138,23057.74804525,22768.63298078,0.00046439,0.00051286,0.02290120,0.53827186,4.03740181,59.00000000,PASSIVE_SELL
4744,101.48499774,101.48773416,-0.05577770,0.02000199,-202.40990623,5591.03123954,21266.60443248,28280.06615449,0.00046723,0.00051538,-0.05661211,0.55311791,-0.58716456,60.00000000,PASSIVE_BUY
4745,101.52715829,101.52772018,-0.10165499,0.02027647,360.75361388,6613.35446378,27932.70473397,35017.41527742,0.00046705,0.00051602,0.12071254,0.55311791,1.95260679,61.00000000,PASSIVE_BUY
4746,101.55429017,101.56387799,0.06014220,0.02051731,589.33982567,6488.01069118,32703.72682522,32934.07703607,0.00046718,0.00051564,-0.01502867,0.55367297,3.61791001,62.00000000,PASSIVE_BUY
4747,101.61469757,101.61831160,-0.10049579,0.02005330,486.39452945,7397.22744874,16278.22362343,25815.99405483,0.00047062,0.00051275,0.03327552,0.55367297,7.37319555,63.00000000,PASSIVE_BUY
4748,101.53855457,101.53564636,-0.08134795,0.02014996,-940.33556699,7035.87840133,22478.58998012,21722.12178928,0.00047803,0.00050938,-0.13655041,0.54961660,3.98590525,62.00000000,PASSIVE_SELL
4749,101.48740930,101.48526533,-0.09181845,0.02022866,-750.93707075,5684.76975748,20303.54890875,24584.39813982,0.00044509,0.00051064,0.02499774,0.54874868,3.94247404,61.00000000,PASSIVE_SELL
4750,101.46177894,101.45696122,0.03129050,0.02074701,-792.87933324,4059.20803213,30729.08253389,23757.87687349,0.00043880,0.00050739,0.02551490,0.54874868,3.91166653,60.00000000,PASSIVE_SELL
4751,101.44294940,101.44293592,-0.07058463,0.02089269,-663.69424004,3060.59897151,18385.46383056,22396.57869309,0.00043924,0.00050659,0.00680082,0.56216408,2.78189407,60.00000000,HOLD
4752,101.39652501,101.39706515,-0.15456868,0.02045293,-737.94689744,1714.20985075,20011.90906156,27778.62544519,0.00044262,0.00050726,-0.02759485,0.56827697,0.00665712,61.00000000,PASSIVE_BUY
4753,101.39797661,101.39344388,0.05784164,0.02075182,437.95203582,1261.24318326,30009.04219767,23016.77916594,0.00044262,0.00050337,0.04787599,0.55401696,3.84912964,60.00000000,PASSIVE_SELL
4754,101.43678859,101.43691849,-0.01952300,0.02034857,973.92040155,1916.19071076,23720.62626211,24886.45106222,0.00044405,0.00050150,0.03736038,0.56967461,6.18802293,61.00000000,PASSIVE_BUY
4755,101.41136123,101.40767452,0.27862985,0.02004859,-663.86069143,950.44498607,24107.22124889,12578.76266267,0.00044491,0.00050187,-0.06423934,0.56967461,3.88296026,60.00000000,PASSIVE_SELL
4756,101.39715834,101.39857723,0.13106479,0.02065108,-202.24448829,89.93265893,34725.24976142,26634.93479853,0.00044061,0.00050137,0.01122447,0.56967461,3.04111236,61.00000000,PASSIVE_BUY
4757,101.33719989,101.33470434,-0.10854104,0.02006797,-520.08317055,57.17959195,19063.37623516,20954.56591080,0.00044566,0.00050315,-0.04575556,0.56665771,3.80879366,60.00000000,PASSIVE_SELL
4758,101.34939857,101.34816972,0.06039538,0.02040081,626.53588802,-86.82553368,28598.37703256,21622.34531492,0.00043309,0.00050281,0.07215713,0.56665771,3.82137407,59.00000000,PASSIVE_SELL
4759,101.35054831,101.35929713,-0.02866526,0.02025849,792.81741723,-64.52399878,25550.31571106,31090.28021270,0.00043130,0.00050230,-0.01104893,0.57779225,3.89933841,60.00000000,PASSIVE_BUY
4760,101.35261886,101.35305310,-0.06326337,0.02005092,455.89332553,1001.16260422,24854.04240645,28804.42666731,0.00042961,0.00050194,0.00092080,0.57650025,4.03359685,61.00000000,PASSIVE_BUY
4761,101.32441503,101.32867618,-0.10363405,0.02011189,-492.99336730,-13.47455804,18251.40342652,22143.73497676,0.00043079,0.00049594,-0.03027439,0.57650025,2.32321873,62.00000000,PASSIVE_BUY
4762,101.43054839,101.43478974,0.06245755,0.02068081,280.36388956,-285.26872558,29633.67020419,28814.17105558,0.00045626,0.00050054,0.13433720,0.57650025,8.91382762,63.00000000,PASSIVE_BUY
4763,101.43545759,101.43281658,0.19455917,0.02000345,362.90840773,-234.71844287,39271.24700465,23774.56317849,0.00045520,0.00050002,-0.10122416,0.57373493,3.88928182,62.00000000,PASSIVE_SELL
4764,101.47712647,101.48027063,0.03738407,0.02009132,939.57600058,1068.26678566,19739.79881265,23364.32361317,0.00045894,0.00050076,0.03675968,0.57268181,6.48279783,63.00000000,PASSIVE_BUY
4765,101.44899145,101.45467235,-0.04619915,0.02001941,-566.90737666,761.66286846,23009.23564958,27996.49167179,0.00045968,0.00050085,-0.06980389,0.57268181,4.72030144,64.00000000,PASSIVE_BUY
4766,101.44957170,101.44893727,-0.00510576,0.02002076,451.03353714,1763.87882073,27274.70968041,28009.45373541,0.00045937,0.00049739,0.02871527,0.55960816,3.89262074,63.00000000,PASSIVE_SELL
4767,101.49022602,101.49120811,0.11725144,0.02008557,890.51094157,3417.03900058,27784.85244696,20496.03925739,0.00045937,0.00049715,0.04007407,0.55565582,6.46388579,64.00000000,PASSIVE_BUY
4768,101.47758379,101.48323233,0.20450394,0.02011163,-624.59668628,1947.56344358,26649.40449986,16813.08818065,0.00045539,0.00049394,-0.05329656,0.55565582,5.66483859,65.00000000,PASSIVE_BUY
4769,101.50189602,101.51124236,0.06999543,0.02024700,472.24699595,1920.80314184,26583.68402052,24076.38461848,0.00045587,0.00049417,0.03695447,0.54982247,7.25525709,66.00000000,PASSIVE_BUY
4770,101.47097484,101.47021377,-0.07553021,0.02022520,-649.96026693,1662.93105335,19826.86298487,24290.92292988,0.00045499,0.00049410,-0.05523341,0.54982247,3.88654079,65.00000000,PASSIVE_SELL
4771,101.53986660,101.53126400,-0.16653610,0.02006633,345.45001917,2481.11538230,29156.09968813,33366.99017659,0.00046062,0.00049592,0.09981293,0.54543877,3.97054968,64.00000000,PASSIVE_SELL
4772,101.59134148,101.58787173,-0.02431120,0.02034587,639.07040433,3646.35593838,25917.74130174,22797.07496050,0.00046497,0.00049566,-0.01741687,0.54543877,4.02339196,63.00000000,PASSIVE_SELL
4773,101.56451880,101.56753411,0.12269381,0.02007413,-293.52072331,2489.17796995,25307.43436521,19291.13058393,0.00046671,0.00049419,-0.07829756,0.54677110,2.34360013,64.00000000,PASSIVE_BUY
4774,101.55453768,101.55173049,0.08850490,0.02073010,-493.24880121,1722.03645975,32227.34214120,21675.99160714,0.00041616,0.00049357,0.01684156,0.54677110,3.97541177,63.00000000,PASSIVE_SELL
4775,101.65280259,101.65028317,0.01237265,0.02050364,416.54143823,1873.72703549,21100.58564184,24155.46684173,0.00043085,0.00049689,0.10824603,0.54677110,4.09094881,62.00000000,PASSIVE_SELL
4776,101.57290430,101.57232821,-0.04924078,0.02013335,-558.34008880,1828.42750344,27269.24146095,28317.70695001,0.00044409,0.00049938,-0.17816320,0.54033332,4.03241126,61.00000000,PASSIVE_SELL
4777,101.57092811,101.56879631,-0.13720212,0.02031576,-747.92972850,350.94671540,17874.07731872,29085.00696077,0.00044161,0.00049939,0.07792210,0.53642283,4.03512044,60.00000000,PASSIVE_SELL
4778,101.59025624,101.59017068,0.10661682,0.02000399,835.06611335,766.20042921,27776.92985184,18778.64311247,0.00044149,0.00049944,0.02130432,0.53679435,5.19480809,60.00000000,HOLD
4779,101.59493936,101.58619947,-0.23955856,0.02026877,513.17757689,1771.75719805,19385.21846335,31896.66977812,0.00043852,0.00049909,-0.01464500,0.53679435,4.07065251,59.00000000,PASSIVE_SELL
4780,101.60447374,101.60131678,0.22085839,0.02057933,515.06583425,2438.66484525,35924.78499839,17601.42569300,0.00043873,0.00049623,0.00485126,0.55192883,4.08147018,58.00000000,PASSIVE_SELL
4781,101.59418861,101.59048125,0.00351812,0.02038212,-444.65058396,1738.14781172,22323.74254928,20909.27313284,0.00043866,0.00049465,-0.01981951,0.55192883,4.08699649,57.00000000,PASSIVE_SELL
4782,101.67152281,101.67903336,-0.22615157,0.02047296,669.94162715,3032.15912793,16506.21430781,31526.96608335,0.00044429,0.00049468,0.08761934,0.55192883,8.50528276,58.00000000,PASSIVE_BUY
4783,101.67969020,101.68621570,-0.02960253,0.02055116,500.20609485,2681.06598515,23735.29634360,29141.36582568,0.00044417,0.00049468,-0.06916682,0.55044119,8.98926678,59.00000000,PASSIVE_BUY
4784,101.68920511,101.69178083,0.13944027,0.02087979,512.73952661,3984.96553202,29390.54792647,22136.71217071,0.00044390,0.00049451,0.00134753,0.55974977,9.56108659,60.00000000,PASSIVE_BUY
4785,101.71250404,101.71432663,0.15702831,0.02044761,591.99237264,3850.08630591,37577.86378586,26222.20258445,0.00044243,0.00049333,0.01378401,0.55974977,10.96924602,61.00000000,PASSIVE_BUY
4786,101.67762158,101.68460065,-0.04369302,0.02048866,-380.85286016,2655.25824319,23349.12672744,26999.24075809,0.00044053,0.00049336,-0.05818139,0.56298658,8.85166008,62.00000000,PASSIVE_BUY
4787,101.71241715,101.70793125,-0.18688290,0.02064128,181.77543540,2491.25163012,18160.64121600,22160.55181753,0.00044315,0.00049331,0.06967804,0.56298658,4.15092440,61.00000000,PASSIVE_SELL
4788,101.76182094,101.75969427,-0.07129495,0.02026137,605.38965372,3619.97070111,22303.29596225,22863.07804787,0.00044006,0.00049372,0.01460821,0.58282967,4.22185623,60.00000000,PASSIVE_SELL
4789,101.83041288,101.83530895,-0.09685018,0.02019897,705.33316003,4477.17909680,16966.32701672,24631.65029399,0.00042842,0.00049404,0.01918816,0.58282967,8.34747228,61.00000000,PASSIVE_BUY
4790,101.81730125,101.81659214,0.15283730,0.02001045,-521.45568816,3619.79693835,27064.38420136,18735.75838089,0.00042032,0.00049396,-0.08170357,0.58282967,4.28394583,60.00000000,PASSIVE_SELL
4791,101.87277752,101.86771306,-0.08281479,0.02011785,250.15684024,2989.89148921,21839.52380186,26842.40748563,0.00042620,0.00049473,0.06858789,0.58694734,7.61252174,0.00000000,ABORT
4792,101.91652125,101.91591930,-0.09096745,0.02005935,584.85447475,4445.39565827,28149.73657184,27079.28289758,0.00042364,0.00049406,-0.01173253,0.58867076,7.61252174,0.00000000,ABORT
4793,101.98705425,101.99066890,0.27838592,0.02018940,924.85369195,5663.01353699,30857.65465791,15469.07507611,0.00043060,0.00049516,0.02678926,0.58867076,7.61252174,0.00000000,ABORT
4794,102.11947050,102.11862781,0.01584912,0.02016596,524.25922779,6389.68267101,32494.82152839,28443.08370771,0.00044554,0.00050031,0.06188326,0.59237324,7.61252174,0.00000000,ABORT
4795,102.12134247,102.12133024,-0.09395522,0.02009991,756.06652942,6784.99558654,20245.40456679,26266.47857361,0.00044382,0.00050027,-0.13054427,0.59308663,7.61252174,0.00000000,ABORT
4796,102.11387472,102.11553713,-0.08128227,0.02035721,-656.73398598,5538.92177489,19072.80838070,19973.03995745,0.00044407,0.00049554,-0.00933973,0.59308663,7.61252174,0.00000000,ABORT
4797,102.13224110,102.12911252,-0.02388475,0.02056774,265.39110310,5317.91834854,23242.36222902,23809.15650545,0.00043878,0.00049161,0.02583414,0.59308663,7.61252174,0.00000000,ABORT
4798,102.07553987,102.08305606,0.25862543,0.02037604,-79.36427849,6178.88963704,31333.32448933,18839.98462694,0.00043203,0.00049329,-0.07506761,0.58650278,7.61252174,0.00000000,ABORT
4799,102.01626997,102.01668461,0.00678265,0.02053748,-819.32247449,6110.50423330,26051.45276655,27299.79869135,0.00043433,0.00049262,-0.00256867,0.58450373,7.61252174,0.00000000,ABORT
4800,102.04289701,102.04852588,0.34425841,0.02036606,699.98841946,7603.37198600,35537.97271955,16648.64980206,0.00043185,0.00049223,0.08589694,0.58450373,7.61252174,0.00000000,ABORT
4801,101.92186899,101.91901461,0.06565266,0.02050676,-695.26205072,7571.80417532,30457.29157254,24153.28911926,0.00046706,0.00050002,-0.14765505,0.57886090,7.62277512,-1.00000000,PASSIVE_SELL
4802,101.94351013,101.93661196,0.09113894,0.02000279,413.72241676,8723.47348952,28029.57955342,21021.25180116,0.00046060,0.00049981,0.14266916,0.57886090,7.61113538,-2.00000000,PASSIVE_SELL
4803,101.92678585,101.92504824,0.00958582,0.02003070,-225.66382440,8059.85762929,28990.20077019,27759.60868550,0.00046199,0.00049934,-0.03836542,0.57886090,7.65459929,-3.00000000,PASSIVE_SELL
4804,101.96597202,101.96927142,-0.04696775,0.02018366,415.86916449,7501.80639223,29372.23193597,32958.91876123,0.00046201,0.00049729,0.05591045,0.56723529,7.57726959,-2.00000000,PASSIVE_BUY
4805,101.97158848,101.97531005,0.09044724,0.02041004,580.12434726,8745.79143092,26730.43393977,26028.50994442,0.00045929,0.00049064,-0.03356971,0.56723529,7.58174496,-1.00000000,PASSIVE_BUY
4806,102.00110531,102.00566864,0.11754191,0.02072497,648.98450504,9597.02042425,20271.23763707,19875.93831069,0.00045855,0.00048929,0.02390037,0.58266030,7.56259062,0.00000000,PASSIVE_BUY
4807,101.92248519,101.92333866,-0.00406848,0.02011173,-773.16817205,9343.93542274,24120.86250963,25694.10038891,0.00046476,0.00049268,-0.10813695,0.57680993,7.57264648,1.00000000,PASSIVE_BUY
4808,101.84840547,101.84981896,0.04093072,0.02077348,-494.66672430,8222.73281042,22638.10481663,19632.80210992,0.00047948,0.00049490,0.00454040,0.57680993,7.50895351,2.00000000,PASSIVE_BUY
4809,101.77395655,101.77062799,0.08229288,0.02030738,-581.10656131,6848.80883188,32103.89676163,22351.66243352,0.00049325,0.00049787,-0.00036920,0.57680993,7.46132314,1.00000000,PASSIVE_SELL
4810,101.73143023,101.72268055,-0.07296014,0.02112929,-593.02972373,5799.88578262,21022.81523305,20645.12863219,0.00049816,0.00049819,0.03192260,0.58053591,7.42936146,0.00000000,PASSIVE_SELL
4811,101.71140790,101.70479551,0.08513470,0.02013886,-487.04995612,5805.82919379,30909.47019237,21618.49307147,0.00049713,0.00049809,0.02250400,0.58053591,7.43943089,-1.00000000,PASSIVE_SELL
4812,101.69140664,101.69104643,-0.16666835,0.02088253,-551.13131350,4974.33399073,18661.34474534,30240.94329293,0.00047871,0.00049723,0.00002106,0.58209565,7.46987342,-2.00000000,PASSIVE_SELL
4813,101.74129115,101.74362133,0.06806179,0.02010773,618.40257588,5229.82815889,35396.56735828,30387.02066395,0.00048264,0.00049825,0.06988578,0.58681118,7.37010439,0.00000000,ABORT
4814,101.81812959,101.81675472,-0.03225845,0.02096775,276.10504391,4566.35720221,27446.15312796,28312.81554119,0.00048999,0.00050059,0.02695392,0.58681118,7.37010439,0.00000000,ABORT
4815,101.64795674,101.65131562,0.02590372,0.02027208,-373.40215483,4759.86242405,28567.44914662,30881.19538543,0.00054542,0.00051468,-0.24701128,0.58743447,7.37010439,0.00000000,ABORT
4816,101.63237914,101.62634374,0.04332707,0.02008703,-481.39746315,3827.43142377,24861.67793513,20122.62694810,0.00054607,0.00051467,0.15459524,0.58743447,7.37010439,0.00000000,ABORT
4817,101.70095971,101.69883038,0.20569808,0.02038827,281.76943858,3218.68992077,22825.67954956,13638.50413982,0.00055105,0.00051308,0.08415817,0.58743447,7.37010439,0.00000000,ABORT
4818,101.69020648,101.68774982,-0.07904439,0.02082122,-668.52836560,3174.75824145,19006.16713491,21369.21738783,0.00055094,0.00051317,-0.07933380,0.58947411,7.37010439,0.00000000,ABORT
4819,101.64750019,101.63992753,-0.03688415,0.02050918,-693.39329863,2009.11794687,27728.89648194,24741.97596125,0.00055394,0.00051265,-0.03195305,0.58947411,7.37010439,0.00000000,ABORT
4820,101.60176282,101.60065712,0.00094331,0.02089557,-284.02127501,2375.05693878,27204.72929406,24883.32677103,0.00055606,0.00051379,-0.00303109,0.59060565,7.37010439,0.00000000,ABORT
4821,101.66081938,101.66564006,0.18277962,0.02017809,658.27187630,2687.87879591,20624.73915439,20440.26002942,0.00055393,0.00051128,0.10479394,0.59060565,7.37010439,0.00000000,ABORT
4822,101.62618871,101.61918233,0.03401009,0.02003493,-668.49941163,1380.30897995,24674.99893023,20766.34610926,0.00055186,0.00050919,-0.09368724,0.58858949,7.37010439,0.00000000,ABORT
4823,101.61341785,101.61238592,0.00118651,0.02001508,-378.76847912,1295.06122413,23237.98254559,23756.58826235,0.00055084,0.00050734,0.02185982,0.58858949,7.37010439,0.00000000,ABORT
4824,101.67056463,101.66626279,-0.01648656,0.02040900,423.22675929,2211.53678464,25383.13008147,25295.68858477,0.00055599,0.00050689,0.06991763,0.58920923,7.37010439,0.00000000,ABORT
4825,101.66718663,101.66182125,0.11365532,0.02004502,-425.53048147,1369.46486493,33153.41729449,21142.86263162,0.00053940,0.00050689,-0.06052478,0.58920923,7.37010439,0.00000000,ABORT
4826,101.65854375,101.65929664,0.02553907,0.02014802,-522.83796899,1404.96698475,32101.04670962,32353.19831711,0.00052769,0.00050604,-0.00526488,0.60104608,7.37010439,0.00000000,ABORT
4827,101.63493046,101.63777272,0.10625193,0.02052329,-654.45053674,1498.44617650,18754.90780060,19532.92300388,0.00052882,0.00050322,-0.01497041,0.60104608,7.37010439,0.00000000,ABORT
4828,101.62689918,101.63314590,-0.06406091,0.02070390,-370.83435978,292.54570337,21445.86070260,27937.09523615,0.00052835,0.00050116,0.01558201,0.60893397,7.37010439,0.00000000,ABORT
4829,101.62647315,101.62882395,-0.01790438,0.02024132,-387.97545596,-608.60732948,30888.06160818,33244.03973617,0.00052833,0.00050111,0.00760525,0.60893397,7.37010439,0.00000000,ABORT
4830,101.57620462,101.58085580,0.15339838,0.02021934,-276.52098618,-1400.19414991,23858.50474177,19444.38834264,0.00053278,0.00050068,-0.04984250,0.60893397,7.37010439,0.00000000,ABORT
4831,101.55251388,101.54330636,-0.06966012,0.02063204,-694.84969365,-1650.39325960,25695.36761509,23071.04490782,0.00053358,0.00049935,0.02657780,0.62384962,7.37010439,0.00000000,ABORT
4832,101.48425593,101.48859202,0.37277857,0.02051932,-149.48356208,-2469.81844882,29608.18116499,14039.00903962,0.00052997,0.00049854,-0.04456722,0.62384962,7.37010439,0.00000000,ABORT
4833,101.50966701,101.51302430,0.13371458,0.02018461,595.61952473,-2374.40501894,37431.90754559,32390.90564202,0.00053126,0.00049250,0.09366904,0.60912479,7.37010439,0.00000000,ABORT
4834,101.49855800,101.50318381,0.19325280,0.02062401,-524.76457442,-3411.90911997,31707.35943330,18137.52589487,0.00053105,0.00049214,-0.03652008,0.60912479,7.37010439,0.00000000,ABORT
4835,101.50338767,101.49751065,-0.05265300,0.02056856,136.53338092,-3867.36811168,32776.73044564,36207.05838185,0.00052983,0.00048993,0.01593868,0.60258096,7.37010439,0.00000000,ABORT
4836,101.52507519,101.52592965,-0.01528585,0.02042371,682.40482888,-2804.11042263,28587.33909750,28194.66293901,0.00052922,0.00048780,0.01685785,0.60258096,7.37010439,0.00000000,ABORT
4837,101.60821150,101.60173571,-0.06933099,0.02118617,464.29801896,-2521.58783907,26080.25136060,26860.17969918,0.00054001,0.00049095,0.06144878,0.60739636,7.37010439,0.00000000,ABORT
4838,101.60061917,101.59878418,-0.12333151,0.02017161,-381.58093017,-3508.55842296,17213.06242857,25917.68113921,0.00053519,0.00049062,-0.09072863,0.60739636,7.37010439,0.00000000,ABORT
4839,101.63804603,101.63917264,-0.16382674,0.02094556,648.52478850,-3565.36679449,18926.94029111,28733.53818826,0.00052880,0.00049108,0.04501919,0.59853180,7.37010439,0.00000000,ABORT
4840,101.62128008,101.63019503,-0.20803242,0.02064587,-409.99676023,-3453.90786656,18960.09491342,32128.15058614,0.00052895,0.00049085,-0.05419281,0.59853180,7.37010439,0.00000000,ABORT
4841,101.63019513,101.63282232,0.10261123,0.02010854,203.10564682,-3500.95905998,22002.29616281,14830.85689233,0.00052271,0.00049017,0.02568100,0.59149165,7.37010439,0.00000000,ABORT
4842,101.47190583,101.47534498,0.17190695,0.02027269,-351.78441519,-4437.59794993,30911.00707863,23022.71096154,0.00055924,0.00050218,-0.16720436,0.59149165,7.37010439,0.00000000,ABORT
4843,101.42698402,101.41934409,-0.18728486,0.02022763,-802.55336009,-6165.00500197,21218.23211753,29077.80169323,0.00055011,0.00050204,0.11336750,0.60804088,7.37010439,0.00000000,ABORT
4844,101.44334178,101.44296141,-0.06630198,0.02069938,856.20289545,-5833.06133431,30447.54162474,31632.78300373,0.00051376,0.00050125,0.06127956,0.60840767,7.37010439,0.00000000,ABORT
4845,101.41469592,101.41218969,-0.10501531,0.02029658,-586.29874941,-7175.42661314,25390.49012606,32668.39529076,0.00051371,0.00050019,-0.04500361,0.60840767,7.37010439,0.00000000,ABORT
4846,101.44735084,101.44351790,-0.14392944,0.02001019,376.61515476,-6142.07747239,21591.37779362,28882.51820157,0.00051769,0.00050050,0.06130077,0.60840767,7.37010439,0.00000000,ABORT
4847,101.38383195,101.37736140,-0.20323559,0.02002747,-516.75069786,-6924.21927336,22441.34391876,27672.51137680,0.00052030,0.00050173,-0.09617380,0.58992776,7.37010439,0.00000000,ABORT
4848,101.44813977,101.45018770,0.05409006,0.02014359,810.52745837,-6034.32753649,33026.93656374,29304.87197427,0.00052822,0.00050315,0.12782672,0.58448943,7.38017619,1.00000000,PASSIVE_BUY
4849,101.38053487,101.38512752,0.13677803,0.02049505,-597.46178287,-5812.46684487,26303.30445732,22245.62633320,0.00052984,0.00050159,-0.13191273,0.58448943,7.32281881,2.00000000,PASSIVE_BUY
4850,101.34504031,101.34769834,0.04298989,0.02040827,-463.86778361,-6976.32304794,23954.55708192,27959.04468433,0.00052784,0.00050225,0.03211034,0.59482415,7.25182970,0.00000000,ABORT
4851,101.38352690,101.38409384,-0.13905910,0.02023981,563.29027328,-5717.77072394,21149.15679839,30034.83672609,0.00051084,0.00050283,0.07398115,0.59482415,7.25182970,0.00000000,ABORT
4852,101.38282498,101.38280404,0.03370342,0.02002078,-671.84577896,-6803.33891966,21016.31650781,20976.13814579,0.00050902,0.00050220,-0.03918851,0.57818390,7.25182970,0.00000000,HOLD
4853,101.35533067,101.35262299,-0.01162369,0.02063879,-764.56160562,-7342.23670087,21541.27046678,22766.46718987,0.00050947,0.00049979,-0.02679239,0.57504960,7.26214909,-1.00000000,PASSIVE_SELL
4854,101.39474550,101.40414747,0.10025173,0.02062812,709.55651103,-7048.54935433,26135.20794227,21451.57269473,0.00050956,0.00050048,0.06690914,0.57504960,7.23304832,0.00000000,PASSIVE_BUY
4855,101.40539736,101.40553298,-0.06167202,0.02076360,265.25046008,-7363.42324152,24392.75487905,34253.98140156,0.00050993,0.00050007,-0.02876297,0.57504960,7.24343012,1.00000000,PASSIVE_BUY
4856,101.40276029,101.40135751,0.08420764,0.02080024,-508.53656705,-8520.94431361,36118.07751775,28543.04577595,0.00050688,0.00050006,-0.01328893,0.56489627,7.25119317,0.00000000,PASSIVE_SELL
4857,101.40620943,101.40613412,0.09715600,0.02061251,377.84592689,-7369.93021467,29749.77108869,24455.55352591,0.00049859,0.00049763,0.00608621,0.56489627,7.25119317,0.00000000,HOLD
4858,101.45858710,101.46615983,0.14252800,0.02090419,603.25258588,-6272.01090448,20245.48264770,18859.18830847,0.00049778,0.00049869,0.04892852,0.56190840,7.26164527,1.00000000,PASSIVE_BUY
4859,101.48993588,101.48876272,-0.04759958,0.02086795,310.61063057,-5380.29371260,28188.77713155,28350.40959799,0.00049168,0.00049663,-0.02102888,0.56190840,7.30342803,0.00000000,PASSIVE_SELL
4860,101.49785311,101.49962605,0.04260484,0.02013373,593.38046815,-4193.88352073,27989.91142651,28313.72327927,0.00048928,0.00049637,-0.02343155,0.56829925,7.31349489,1.00000000,PASSIVE_BUY
4861,101.48322639,101.48578694,0.01510804,0.02057851,-398.69817026,-4105.53173487,29047.25619204,30883.16239100,0.00048901,0.00049556,-0.02254395,0.56829925,7.30915743,2.00000000,PASSIVE_BUY
4862,101.44344386,101.44208891,-0.04075757,0.02049362,-333.71996525,-3888.12038662,21218.59402281,21769.08014452,0.00049098,0.00049398,-0.02515582,0.56829925,7.26651019,1.00000000,PASSIVE_SELL
4863,101.49677105,101.49140301,-0.01059173,0.02070917,294.66577622,-4211.85718628,27855.51653743,24912.73883319,0.00049178,0.00049497,0.09310972,0.55301846,7.33019197,0.00000000,PASSIVE_SELL
4864,101.44280409,101.45129375,-0.01254731,0.02050934,-167.58987077,-4655.55210095,21175.05342144,24636.89854568,0.00048266,0.00049646,-0.10729415,0.55301846,7.34044664,1.00000000,PASSIVE_BUY
4865,101.48938014,101.49326170,-0.27127518,0.02023799,210.34747195,-4071.80247418,12765.46430060,26539.91810605,0.00043093,0.00049668,0.10054301,0.55301846,7.39714168,2.00000000,PASSIVE_BUY
4866,101.49999011,101.50151823,-0.04559964,0.02079769,508.47282616,-3081.93218487,26008.94065786,26725.03881962,0.00043098,0.00049617,-0.03596609,0.55298112,7.42876045,3.00000000,PASSIVE_BUY
4867,101.45559136,101.45796712,0.08570984,0.02005146,-652.37049580,-4016.07211924,24856.88990784,19453.37183649,0.00042287,0.00049714,-0.05500871,0.54216733,7.30558995,4.00000000,PASSIVE_BUY
4868,101.45704424,101.45057304,0.13626654,0.02060704,326.47780811,-3021.06594553,28660.18401676,19785.40040259,0.00042287,0.00049643,0.04585162,0.54216733,7.30488730,3.00000000,PASSIVE_SELL
4869,101.45192809,101.45051300,0.11258032,0.02025697,-356.63314011,-2684.30578701,24801.92455965,20452.78939513,0.00041949,0.00049538,-0.00656902,0.54224658,7.31024971,2.00000000,PASSIVE_SELL
4870,101.44688475,101.44058674,0.05267889,0.02061692,-525.23413582,-2925.51864782,25815.36454766,25392.63313723,0.00041535,0.00049400,0.00007280,0.54224658,7.31533485,1.00000000,PASSIVE_SELL
4871,101.39228478,101.38957442,-0.03066203,0.02009696,-515.71698792,-4099.50751204,24178.01173832,23341.41542525,0.00041194,0.00049482,-0.04955663,0.55580062,7.27078337,0.00000000,PASSIVE_SELL
4872,101.41213374,101.40799956,-0.11341613,0.02019110,635.65168550,-2795.35641491,23677.16403704,22654.17624224,0.00041129,0.00049498,0.07444892,0.55786478,7.28087891,-1.00000000,PASSIVE_SELL
4873,101.41806349,101.42037575,0.00596824,0.02072932,633.11182053,-1783.47611525,26511.70989158,31882.20118063,0.00041135,0.00049474,-0.01391920,0.55786478,7.28531382,0.00000000,PASSIVE_BUY
4874,101.45059881,101.44594290,0.30939318,0.02044272,214.21106196,-1992.49181259,31199.26362258,9781.96730185,0.00040565,0.00049193,0.02660556,0.55786478,7.29553518,-1.00000000,PASSIVE_SELL
4875,101.40817669,101.41241347,0.11455912,0.02009846,-194.66093061,-1761.62226173,27649.64461034,24954.33368565,0.00040902,0.00049279,-0.07495744,0.55571272,7.34800653,0.00000000,PASSIVE_BUY
4876,101.45818342,101.45406234,-0.34464595,0.02053221,277.45756703,-961.32672571,12898.54879804,35551.37497513,0.00041601,0.00047916,0.09242885,0.55571272,7.35827263,-1.00000000,PASSIVE_SELL
4877,101.48522919,101.48884335,0.07988941,0.02013325,686.86275683,379.98656787,31978.36550354,24959.68676824,0.00041724,0.00047844,-0.02296097,0.56025572,7.34129349,0.00000000,PASSIVE_BUY
4878,101.47167711,101.47610429,0.09795799,0.02096723,-249.61715756,501.20377010,29936.65537223,24800.76097860,0.00041744,0.00047814,-0.04059784,0.56025572,7.35177711,1.00000000,PASSIVE_BUY
4879,101.53881437,101.54782135,-0.14114065,0.02013937,279.16260761,1168.34183366,19481.35817248,30701.38982395,0.00042854,0.00046779,0.08068933,0.56025572,7.42898405,2.00000000,PASSIVE_BUY
4880,101.61680163,101.61343756,0.00229737,0.02031655,207.16337648,1652.02619632,25898.41748950,22444.39012617,0.00043677,0.00047044,0.01085000,0.56533278,7.46312603,1.00000000,PASSIVE_SELL
4881,101.60885970,101.61297274,0.08678187,0.02012930,-395.01222112,1951.86366886,27121.73273936,21350.51395741,0.00043560,0.00047039,-0.08592918,0.56533278,7.46524875,2.00000000,PASSIVE_BUY
4882,101.60058195,101.60592851,0.11412559,0.02036387,-561.53277467,1539.81445626,27596.12226487,26320.30106080,0.00042478,0.00046972,-0.00033582,0.56775624,7.45887519,3.00000000,PASSIVE_BUY
4883,101.63841735,101.64141716,0.00048104,0.02017996,481.08776857,1425.28270010,29638.48626962,29997.20977369,0.00042642,0.00046910,0.04611315,0.56775624,7.58247136,4.00000000,PASSIVE_BUY
4884,101.70451823,101.70632107,-0.00236054,0.02040433,538.67547524,2488.72274977,25951.11509289,30729.14633664,0.00043480,0.00046914,0.02826548,0.57892730,7.85707704,5.00000000,PASSIVE_BUY
4885,101.71337324,101.71119487,0.03288792,0.02021238,447.81247999,2800.00184883,30255.99024507,25107.33403227,0.00043485,0.00046889,-0.05724586,0.57892730,7.52857929,4.00000000,PASSIVE_SELL
4886,101.66843600,101.67694819,0.15242546,0.02035302,-254.07782980,1863.51919015,31543.90693205,26230.17848824,0.00043931,0.00046867,-0.05379225,0.57073293,7.35900684,5.00000000,PASSIVE_BUY
4887,101.71720875,101.71615724,0.16300491,0.02083880,320.51046438,1719.73163557,33357.35297737,21788.46269957,0.00042957,0.00046974,0.09370999,0.57073293,7.54451916,4.00000000,PASSIVE_SELL
4888,101.74671475,101.74900056,-0.11499718,0.02040273,671.74052958,2773.05309532,16183.00789425,23821.76027466,0.00043097,0.00046739,-0.01926674,0.57974944,7.67274455,5.00000000,PASSIVE_BUY
4889,101.70137023,101.70068921,-0.07406654,0.02018620,-570.45381935,1554.07448748,25115.00140746,29787.71093658,0.00043321,0.00046779,-0.07485053,0.57974944,7.52788250,4.00000000,PASSIVE_SELL
4890,101.68016435,101.67916023,0.02341688,0.02050956,-379.05283136,1585.01841635,27409.17484984,24018.47495938,0.00043361,0.00046702,0.02413865,0.56868914,7.51644634,3.00000000,PASSIVE_SELL
4891,101.63747294,101.63703210,0.00604870,0.02072365,-289.53462348,1092.37814605,30592.26744913,28052.42574153,0.00043763,0.00046698,-0.02148553,0.56868914,7.48390268,2.00000000,PASSIVE_SELL
4892,101.51177468,101.52125346,0.10760930,0.02025053,-159.21153859,1284.95102265,24032.47005479,19866.69045851,0.00041653,0.00047529,-0.08300685,0.56868914,7.24263143,3.00000000,PASSIVE_BUY
4893,101.45584659,101.45229087,-0.00686788,0.02017761,-818.55083944,1268.95354330,33566.59464407,29894.84427230,0.00041914,0.00047434,0.06977016,0.57986522,7.35127779,2.00000000,PASSIVE_SELL
4894,101.47861066,101.48306386,0.10057589,0.02051387,686.68045054,1099.43109840,29821.09389759,25799.68771831,0.00041970,0.00047204,0.07869217,0.57986522,7.40706288,3.00000000,PASSIVE_BUY
4895,101.39998832,101.40128368,-0.10070387,0.02093681,-489.98112658,1195.74872122,20394.75910673,24982.96873964,0.00043198,0.00047466,-0.10138642,0.57074556,7.18166424,4.00000000,PASSIVE_BUY
4896,101.40986680,101.40781245,-0.18176934,0.02022137,473.03739083,1292.17095729,15216.42937339,25336.47928499,0.00042974,0.00047438,0.08850083,0.57074556,7.31366472,3.00000000,PASSIVE_SELL
4897,101.34573366,101.34843810,0.18058640,0.02028599,-465.42793456,1343.49372060,26250.53699005,18302.30812587,0.00042993,0.00047608,-0.07401162,0.55253391,7.13140831,4.00000000,PASSIVE_BUY
4898,101.38538450,101.38485264,0.04144598,0.02021842,597.88019738,1130.84645961,20872.27677581,20476.59314483,0.00042398,0.00047553,0.10378397,0.54390891,7.31028207,3.00000000,PASSIVE_SELL
4899,101.37522709,101.37391091,-0.13716655,0.02002028,-817.94171382,910.36652866,18777.26355348,25641.78464163,0.00041379,0.00046528,-0.04980824,0.54196750,7.31033295,2.00000000,PASSIVE_SELL
4900,101.31248054,101.31355356,-0.09326659,0.02071332,-722.43480407,651.79950820,20667.60173804,25630.50665019,0.00042000,0.00046530,-0.05258915,0.54196750,7.19519651,3.00000000,PASSIVE_BUY
4901,101.38662170,101.38666423,0.04151787,0.02021979,510.03880977,598.54804469,29057.44680951,27912.42205746,0.00042925,0.00046808,0.13688771,0.53482284,7.41761998,3.00000000,HOLD
4902,101.40548544,101.40458995,-0.08773044,0.02094982,389.59678433,1659.99060798,19279.68861141,25174.48730366,0.00043003,0.00046796,-0.05527742,0.53482284,7.36783097,2.00000000,PASSIVE_SELL
4903,101.49847492,101.50122521,0.10661003,0.02005442,766.67873582,3191.23094941,31469.64291073,24827.17503904,0.00044664,0.00047242,0.07412575,0.54502435,7.56383715,3.00000000,PASSIVE_BUY
4904,101.54232426,101.53391519,0.05143143,0.02002735,283.71583700,2765.39027538,27241.39510425,27265.58025653,0.00044737,0.00047295,-0.04914014,0.54502435,7.48096858,2.00000000,PASSIVE_SELL
4905,101.57652038,101.57343634,-0.10803412,0.02023261,435.64448826,2935.78430357,22460.72159208,33658.65654313,0.00044933,0.00047346,-0.00965322,0.56009219,7.52517837,1.00000000,PASSIVE_SELL
4906,101.52108668,101.52156501,-0.00543288,0.02022839,-255.35322772,3188.96764290,24409.61900722,24832.32525515,0.00045655,0.00047407,-0.08962982,0.56009219,7.47985887,2.00000000,PASSIVE_BUY
4907,101.50120707,101.50019242,-0.05875025,0.02010966,-327.18775012,2483.93396589,15516.05860441,20960.54697034,0.00045757,0.00047369,0.03555410,0.56009219,7.48769717,1.00000000,PASSIVE_SELL
4908,101.45053426,101.45359114,0.19699312,0.02062717,-298.31808519,1582.36329483,32416.53757445,21075.58670313,0.00045758,0.00047221,-0.03079321,0.55259247,7.44733793,2.00000000,PASSIVE_BUY
4909,101.47940851,101.47585278,-0.15969520,0.02072364,225.77769737,1497.53036163,19509.33494568,22457.46859589,0.00045726,0.00047234,0.07954707,0.55259247,7.50141922,1.00000000,PASSIVE_SELL
4910,101.42660251,101.42303848,-0.12538300,0.02010296,-515.14155692,389.00833656,18036.81182253,26024.07947978,0.00046281,0.00047321,-0.08168025,0.55134122,7.45866470,0.00000000,PASSIVE_SELL
4911,101.44895839,101.43964014,0.03024466,0.02092006,437.90367024,1225.61017706,29401.72629457,25432.04892701,0.00046357,0.00047348,0.07516188,0.55134122,7.46912473,-1.00000000,PASSIVE_SELL
4912,101.45026014,101.45007731,-0.01485420,0.02057458,745.58276543,2304.91290775,30263.49008877,31591.96617739,0.00046029,0.00047330,-0.02105413,0.54907634,7.47811028,-2.00000000,PASSIVE_SELL
4913,101.45116211,101.45369824,-0.21933024,0.02024531,561.96143694,2572.20856847,18225.74936066,30052.25618535,0.00045417,0.00047306,-0.00039977,0.54907634,7.46748552,-1.00000000,PASSIVE_BUY
4914,101.45998866,101.45641283,0.13629673,0.02066877,210.12270122,2949.92114046,30930.22765186,22955.86547423,0.00044814,0.00047297,0.00792458,0.54907634,7.46899335,-2.00000000,PASSIVE_SELL
4915,101.44736387,101.45401237,0.20242335,0.02052484,-160.95436054,2578.61930797,23193.71547166,15099.09628402,0.00044370,0.00047285,-0.02145135,0.53405289,7.48592556,-1.00000000,PASSIVE_BUY
4916,101.34304827,101.34461048,-0.09211424,0.02041215,-752.60469147,1317.54179034,25896.48247730,34248.66584681,0.00046576,0.00047823,-0.09169080,0.53806464,7.60044723,0.00000000,PASSIVE_BUY
4917,101.35246634,101.34750908,-0.07515721,0.02046381,459.36814899,2429.28043513,22064.90541450,23592.01317829,0.00046241,0.00047738,0.11373367,0.53806464,7.61067913,-1.00000000,PASSIVE_SELL
4918,101.38306942,101.38189049,-0.20933938,0.02071862,641.51172268,2744.31434969,18461.05526934,29297.65855961,0.00046459,0.00047686,0.02118502,0.55042362,7.59043536,-2.00000000,PASSIVE_SELL
4919,101.49677929,101.49848620,0.16763299,0.02037763,797.83888215,3898.78637196,23519.70043667,18551.91654699,0.00049097,0.00048327,0.08310678,0.55042362,7.48173143,-1.00000000,PASSIVE_BUY
4920,101.56192234,101.56507684,0.10895159,0.02104520,717.85550063,5141.87600841,22878.32738886,21479.23149550,0.00049880,0.00048472,-0.04856681,0.56403861,7.42711098,0.00000000,PASSIVE_BUY
4921,101.51916328,101.52113811,-0.14208664,0.02026285,-743.39088090,4914.20211543,19143.49226856,32592.23761165,0.00049643,0.00048457,-0.10790210,0.54885850,7.43724240,1.00000000,PASSIVE_BUY
4922,101.51971874,101.51420490,-0.25222368,0.02055937,383.28932210,4661.83975204,18825.93461317,32097.83951470,0.00049583,0.00048440,0.04331451,0.54885850,7.44807755,0.00000000,PASSIVE_SELL
4923,101.51711974,101.51417646,0.30251588,0.02014812,-339.97289362,3688.75503789,31307.31503824,16245.17030583,0.00049585,0.00048440,-0.00315446,0.54969127,7.45815160,-1.00000000,PASSIVE_SELL
4924,101.53138352,101.53761592,0.17916376,0.02017262,708.17287979,4182.71685572,20708.01707551,17131.22583700,0.00049430,0.00047274,0.01686278,0.54969127,7.45397414,0.00000000,PASSIVE_BUY
4925,101.53880970,101.53030925,0.11759867,0.02045302,156.46535616,4533.84314249,29532.48740459,19400.48151955,0.00049044,0.00047104,-0.00683760,0.56148569,7.46420065,-1.00000000,PASSIVE_SELL
4926,101.63159274,101.63358748,-0.06827814,0.02074746,818.14998937,5074.53556483,23172.26207047,24916.06800558,0.00050184,0.00047537,0.08535687,0.56148569,7.38179133,0.00000000,PASSIVE_BUY
4927,101.64810470,101.65227370,0.33647401,0.02030446,547.33436053,4935.00716853,28510.94033864,15765.15562740,0.00050109,0.00047500,-0.07627109,0.56130047,7.39194356,1.00000000,PASSIVE_BUY
4928,101.61272634,101.61052237,0.07013730,0.02024449,-681.30557686,4503.31874923,31147.43361448,22970.17536760,0.00050340,0.00047540,-0.05189032,0.56130047,7.36668744,0.00000000,PASSIVE_SELL
4929,101.67048704,101.67017442,0.10291570,0.02002917,754.09325412,4978.24939575,28132.07502560,21483.81025002,0.00050122,0.00047633,0.09313906,0.54642957,7.37670203,-1.00000000,PASSIVE_SELL
4930,101.73956237,101.73734839,0.33397324,0.02029419,566.81217110,5337.89819037,32621.29200227,15385.52250484,0.00049875,0.00047871,0.01131464,0.53729784,7.31777379,-2.00000000,PASSIVE_SELL
4931,101.72480172,101.72497914,-0.15038210,0.02054797,-285.10986577,5447.80054572,17583.01104470,24191.79180566,0.00049911,0.00047879,-0.08383599,0.53729784,7.35699127,-1.00000000,PASSIVE_BUY
4932,101.61569799,101.62050037,0.16951744,0.02053713,-228.96319723,5780.37012315,29194.27262845,20854.60779067,0.00052204,0.00048302,-0.09434308,0.53729784,7.47636356,0.00000000,PASSIVE_BUY
4933,101.56712182,101.56147978,-0.07120232,0.02070897,-699.53299694,4599.74935765,25326.73946911,28254.21757612,0.00052358,0.00048412,0.06052756,0.55310281,7.48671805,-1.00000000,PASSIVE_SELL
4934,101.53999996,101.53078332,-0.29656316,0.02008785,-372.52920105,3688.54468136,26982.03972638,38542.81411923,0.00051600,0.00048440,0.02145431,0.55310281,7.52388383,-2.00000000,PASSIVE_SELL
4935,101.53199769,101.52722638,0.18451666,0.02016300,-300.08731127,2940.64489010,34445.63748249,18121.84546715,0.00051575,0.00048379,0.01911958,0.55310281,7.54996988,-3.00000000,PASSIVE_SELL
4936,101.53189357,101.53366838,0.00913856,0.02038710,185.66439045,3380.38711035,29065.47214479,27241.38309519,0.00051249,0.00048269,0.00789815,0.57050540,7.49080958,-2.00000000,PASSIVE_BUY
4937,101.52079782,101.51891322,0.15941670,0.02085928,-846.33511127,2213.54153469,28062.69029628,17834.85100603,0.00050746,0.00048272,-0.01099163,0.57046064,7.52343072,-3.00000000,PASSIVE_SELL
4938,101.51497718,101.51453886,-0.06166497,0.02030522,-372.85141525,1168.94958985,32210.04366889,39935.12065419,0.00050529,0.00048098,0.00527511,0.57046064,7.55104524,-4.00000000,PASSIVE_SELL
4939,101.47811903,101.47270238,-0.13434520,0.02063753,-190.48363015,1548.91977905,23667.01958813,32591.87367386,0.00050411,0.00047734,-0.03103751,0.57046064,7.70879661,-5.00000000,PASSIVE_SELL
4940,101.55567794,101.55718873,-0.02385928,0.02005995,362.88476509,2290.85737550,24071.90264066,27135.66337302,0.00051600,0.00047812,0.11441706,0.56721900,7.44306782,-4.00000000,PASSIVE_BUY
4941,101.56768483,101.56771402,-0.05088950,0.02021290,593.23430302,3173.62630200,26872.75323823,29124.61627440,0.00051325,0.00047815,-0.06555201,0.56721900,7.39504023,-4.00000000,HOLD
4942,101.60015263,101.59708197,-0.14313939,0.02032334,673.76053218,4006.59837277,21604.11260357,31643.58148426,0.00048448,0.00047767,0.02046090,0.58357845,7.27533073,-5.00000000,PASSIVE_SELL
4943,101.62799221,101.62225318,-0.02932074,0.02049704,614.50164531,5439.65085752,26841.49581221,25636.22541460,0.00047886,0.00047781,-0.00462821,0.58589360,7.14638133,-6.00000000,PASSIVE_SELL
4944,101.61211513,101.60970133,0.00916507,0.02090290,-552.95616421,4200.01424277,31659.78513326,25297.17183249,0.00047880,0.00047477,-0.04371666,0.58589360,7.25209527,-7.00000000,PASSIVE_SELL
4945,101.56347751,101.56750208,0.06294110,0.02042903,-405.55918321,4284.43618613,22482.62829087,20895.17483311,0.00047060,0.00047510,-0.03276053,0.58595832,7.44773957,-6.00000000,PASSIVE_BUY
4946,101.62776833,101.62384259,-0.20244673,0.02081323,358.13969710,4169.53849240,15395.89312059,21241.54859183,0.00047800,0.00047682,0.11292843,0.59349531,7.06199465,0.00000000,ABORT
4947,101.69928581,101.69753639,0.06477521,0.02049438,832.35059409,5467.31702104,31931.08087324,24553.56685271,0.00047683,0.00047756,0.00722665,0.59349531,7.06199465,0.00000000,ABORT
4948,101.63855914,101.64764725,-0.04032232,0.02002139,-364.33652492,4505.10029875,13584.90830946,17122.70922457,0.00048354,0.00047648,-0.13224414,0.58912672,7.06199465,0.00000000,ABORT
4949,101.59113391,101.59262008,-0.18027291,0.02008862,-639.58720898,4683.45480359,22355.97505288,36608.87455837,0.00048851,0.00047628,0.01330143,0.58799230,7.06199465,0.00000000,ABORT
4950,101.62364647,101.62274678,-0.04487439,0.02042269,675.50965744,6081.39926509,25310.42328334,24947.95439280,0.00048070,0.00047645,0.07993779,0.58799230,7.06199465,0.00000000,ABORT
4951,101.55379694,101.55458702,-0.10142221,0.02024706,-613.09805786,4958.26239747,23761.68552585,27480.93705448,0.00048218,0.00047878,-0.10236208,0.58730696,7.06199465,0.00000000,ABORT
4952,101.48295009,101.49230955,0.18500141,0.02056421,-348.81971870,4219.84589444,28561.25472367,18625.19128160,0.00049234,0.00048024,-0.00099733,0.58730696,7.06199465,0.00000000,ABORT
4953,101.46995453,101.46559272,-0.00748352,0.02065161,-662.53001411,2790.63714451,27283.86000283,26696.37230571,0.00047553,0.00048033,0.05785130,0.58760027,7.06199465,0.00000000,ABORT
4954,101.47522912,101.47805253,-0.13074875,0.02024689,833.16229283,3340.08360034,19580.60528503,31660.12419764,0.00047149,0.00047959,0.01827015,0.58760027,7.06199465,0.00000000,ABORT
4955,101.36070091,101.36354522,0.26920799,0.02077706,-602.43404457,2302.00506751,30771.65045620,17863.52823840,0.00049387,0.00048586,-0.11980280,0.58632785,7.06199465,0.00000000,ABORT
4956,101.44926182,101.44807733,-0.04448476,0.02040936,588.45513115,3145.81342638,25414.75853864,24939.77192153,0.00050479,0.00048967,0.20308912,0.58340964,7.07219933,-1.00000000,PASSIVE_SELL
4957,101.44518534,101.43815812,-0.12302350,0.02035315,-575.52658040,2897.47459610,22827.76120348,27558.77610571,0.00050414,0.00048787,-0.09263740,0.58340964,7.08645239,-2.00000000,PASSIVE_SELL
4958,101.42382847,101.42470135,0.07886907,0.02004797,-191.47631913,3004.31636215,19010.54628797,18078.61786776,0.00050015,0.00048804,-0.01728039,0.58340964,7.09558039,-1.00000000,PASSIVE_BUY
4959,101.37010487,101.36943121,-0.13168789,0.02026063,-623.37850436,2155.16016042,25076.88558458,29432.78806980,0.00050369,0.00048948,-0.03236672,0.57767676,7.15943430,-2.00000000,PASSIVE_SELL
4960,101.36571295,101.37197552,0.09014632,0.02046079,-466.44101092,2203.86070642,23114.03710083,23550.42924625,0.00049864,0.00048949,0.04933167,0.59163247,7.16821816,0.00000000,ABORT
4961,101.33440578,101.33637757,0.09435932,0.02046887,-669.18532226,1096.77171392,30882.85075490,21169.45788599,0.00049922,0.00048958,-0.02691524,0.59163247,7.16821816,0.00000000,ABORT
4962,101.34856506,101.34565749,-0.10936810,0.02052478,592.93332734,944.12227583,28543.52898016,31177.12445505,0.00049971,0.00048404,0.04546645,0.58759101,7.16821816,0.00000000,ABORT
4963,101.33415973,101.33197563,-0.21713970,0.02052287,-588.22117566,-206.06033678,20888.66911250,33743.33715738,0.00049998,0.00048412,-0.02856461,0.59205790,7.16821816,0.00000000,ABORT
4964,101.21048557,101.21212377,0.13877873,0.02040519,-528.86287700,-945.04591499,36111.40968378,25209.33160519,0.00052704,0.00049075,-0.10926883,0.60871734,7.16821816,0.00000000,ABORT
4965,101.16494993,101.17167063,0.12027957,0.02057554,-475.94217802,-1260.03373247,29278.28357322,26022.13517905,0.00052993,0.00049137,0.07813852,0.60871734,7.16821816,0.00000000,ABORT
4966,101.23490506,101.24363115,0.27521806,0.02062367,400.01889591,-107.41014509,29298.30134546,16135.72077356,0.00052141,0.00049388,0.11549077,0.60871734,7.16821816,0.00000000,ABORT
4967,101.25006423,101.24514703,-0.02077176,0.02031093,154.72855045,-412.04974364,30981.77923465,27459.46847639,0.00052172,0.00049315,-0.05479596,0.60665375,7.16821816,0.00000000,ABORT
4968,101.24910151,101.24929873,-0.05380120,0.02081638,-367.36824308,-1420.92970940,23241.34406556,25858.83290436,0.00051969,0.00049309,-0.01612189,0.60665375,7.16821816,0.00000000,ABORT
4969,101.21254243,101.21056453,-0.01761501,0.02038354,-668.12617838,-2886.89476992,28675.92821697,27668.84204133,0.00049508,0.00049338,-0.03559635,0.61867692,7.16821816,0.00000000,ABORT
4970,101.22729829,101.22686246,-0.10051506,0.02098362,777.94117274,-2826.80909781,21697.05910638,31766.12673039,0.00048589,0.00049308,0.05131493,0.62049703,7.16821816,0.00000000,ABORT
4971,101.25596291,101.25073640,-0.14449313,0.02090734,542.95696727,-1540.46124964,20886.51784384,22104.32782635,0.00048560,0.00049109,0.01390877,0.62049703,7.16821816,0.00000000,ABORT
4972,101.28164979,101.28027499,-0.11689586,0.02021632,804.00394530,-1119.74662645,23302.64188212,28829.16779827,0.00048742,0.00049007,-0.00297774,0.62115926,7.16821816,0.00000000,ABORT
4973,101.30284386,101.29824677,-0.00736812,0.02022214,550.57300182,-229.20073101,27373.08082347,26139.90009470,0.00048874,0.00049001,-0.00449282,0.62115926,7.16821816,0.00000000,ABORT
4974,101.28313043,101.27870558,0.19514622,0.02079783,-229.32581726,-1166.69942806,33608.21276770,21884.97411267,0.00048848,0.00049014,-0.04090750,0.62115926,7.16821816,0.00000000,ABORT
4975,101.22536552,101.21991244,0.14015943,0.02024171,-281.73209578,-1604.89688000,25444.16634380,15034.69841817,0.00049355,0.00048675,-0.03805148,0.60934814,7.16821816,0.00000000,ABORT
4976,101.24372424,101.25191881,-0.00643321,0.02027506,381.21106251,-2041.83580687,20066.98650031,22605.33230225,0.00047491,0.00048392,0.07612363,0.60934814,7.16821816,0.00000000,ABORT
4977,101.32959856,101.33832023,0.08235752,0.02062022,340.52121773,-2248.64894967,30635.65195166,27534.72654604,0.00049122,0.00048774,0.06751560,0.60934814,7.16821816,0.00000000,ABORT
4978,101.34119421,101.33487558,0.03953441,0.02008135,105.54771249,-1461.79566032,27596.82858110,22782.09103386,0.00049011,0.00048761,-0.07427867,0.60649092,7.16821816,0.00000000,ABORT
4979,101.34449154,101.34344831,0.23546967,0.02075970,624.68411335,-1591.20480110,37498.10795636,18297.74542442,0.00048220,0.00048760,-0.00829832,0.60649092,7.16821816,0.00000000,ABORT
4980,101.40291430,101.40249311,-0.06785210,0.02047560,436.48059015,-1721.53638205,26214.45198305,29703.92041157,0.00047923,0.00048931,0.05512543,0.60700280,7.16821816,0.00000000,ABORT
4981,101.42164084,101.41780275,-0.16722685,0.02029354,283.37741763,-1153.04909865,17528.83404134,28011.95067348,0.00048037,0.00048946,-0.03969622,0.60700280,7.16821816,0.00000000,ABORT
4982,101.38156352,101.38175286,-0.07386681,0.02027035,-317.97660077,-1242.06250219,30628.74910836,35035.63612777,0.00046074,0.00048716,-0.05880386,0.60700280,7.16821816,0.00000000,ABORT
4983,101.39589931,101.39175423,-0.06897605,0.02042182,347.70244703,-194.82705822,20361.72918961,23011.62832275,0.00045727,0.00048724,0.05441311,0.61349862,7.16821816,0.00000000,ABORT
4984,101.45480530,101.45649127,-0.07024412,0.02034710,631.81398599,809.51612882,15820.24100477,20913.16530921,0.00046398,0.00048899,0.04457020,0.61349862,7.16821816,0.00000000,ABORT
4985,101.44757817,101.44511695,0.01370716,0.02036588,-614.36839757,495.23504252,28261.98283764,24838.95742598,0.00046396,0.00048871,-0.06613312,0.59732090,7.16821816,0.00000000,ABORT
4986,101.39222410,101.38807661,0.18771167,0.02054439,-744.55799159,-434.98733952,27453.18297511,18144.30645493,0.00046982,0.00048960,-0.04812694,0.60013826,7.16821816,0.00000000,ABORT
4987,101.36410874,101.36343942,-0.07718716,0.02039259,-639.50200628,-228.15423452,19319.99392124,23775.98529746,0.00047099,0.00048930,0.02723870,0.59901431,7.16821816,0.00000000,ABORT
4988,101.31670069,101.30944331,-0.13296341,0.02028187,-804.90949246,-660.21231173,22512.06900156,27888.24297198,0.00047494,0.00048902,-0.01929269,0.59901431,7.16821816,0.00000000,ABORT
4989,101.34100737,101.34464825,0.02490959,0.02018471,800.88401888,331.15533730,28574.05995551,27194.15606590,0.00047422,0.00048689,0.07171473,0.59099071,7.16821816,0.00000000,ABORT
4990,101.28212951,101.27630540,0.27599891,0.02005105,-753.95693813,-785.68636593,29882.25943756,15375.35873967,0.00046668,0.00048842,-0.08318454,0.59099071,7.16821816,0.00000000,ABORT
4991,101.24976721,101.25775140,0.02194773,0.02043212,-156.76089958,-1535.68156853,30486.22834694,30543.08620067,0.00046747,0.00048717,0.02651557,0.60723061,7.16821816,0.00000000,ABORT
4992,101.19956386,101.20643860,0.06821275,0.02029262,-545.50270202,-2754.94480273,22774.48625589,24384.07949092,0.00046807,0.00048717,-0.01784106,0.60723061,7.16821816,0.00000000,ABORT
4993,101.20183744,101.20162325,-0.02874541,0.02031870,440.44538970,-2929.00105834,26382.39104703,31998.85282370,0.00046560,0.00048445,0.05247694,0.60104919,7.16821816,0.00000000,ABORT
4994,101.13476318,101.13744869,0.08464475,0.02062531,-644.79335591,-3020.83825003,34893.52743537,28139.03608798,0.00047252,0.00047710,-0.06934785,0.60104919,7.16821816,0.00000000,ABORT
4995,101.09695137,101.08965234,0.13465417,0.02041006,-648.78126999,-3264.06033682,30666.16376843,19805.97260655,0.00047104,0.00047763,0.02926244,0.60462405,7.16821816,0.00000000,ABORT
4996,101.18252345,101.18218224,-0.00994662,0.02002400,630.52995168,-2991.67008223,28539.67011689,32900.56596124,0.00047849,0.00048179,0.12338390,0.60743793,7.16821816,0.00000000,ABORT
4997,101.27233412,101.27652946,-0.04976486,0.02022748,844.01198974,-2980.00868657,28268.49926017,33108.82391645,0.00048521,0.00048601,0.00423858,0.60743793,7.16821816,0.00000000,ABORT
4998,101.19153764,101.19356389,-0.06790346,0.02053982,-699.01984558,-3314.69200724,24896.37210385,25389.41107329,0.00049025,0.00048759,-0.17060714,0.59409260,7.16821816,0.00000000,ABORT
4999,101.17782673,101.16894627,-0.08547721,0.02029074,-756.44402727,-3431.54882553,25833.67546252,28285.71057814,0.00048732,0.00048615,0.06708557,0.59409260,7.16821816,0.00000000,ABORT
